[duration] target=120s scenes=10 words 282-330
[asset_router] Loaded env vars from /home/ubuntu/video_engine/.env

[1/16] RESEARCH
  15 facts, 6 sources (7.3s)

[2/16] FACT VERIFICATION
  Verified 15/15 facts

[3/16] SCRIPT DEVELOPMENT
  10 scenes drafted, 127 words (~51s at 150wpm)
  !! Under word budget (127 < 282) — expanding once
  Expanded to 332 words (~133s)
  !! Over word budget (332 > 330) — compressing once

[4/16] SCRIPT REVIEW (2 reviewers, ≤2 passes)

── Script Review pass 1/2 ──
  [             Fact Reviewer] score=7.5/10 conf=0.98 issues=9 (major:2 minor:3 nit:4)
  [     Storytelling Reviewer] score=9.2/10 conf=0.98 issues=7 (major:1 minor:4 nit:2)
  Gate: FAIL (scores={'fact_reviewer': 7.5, 'storytelling_reviewer': 9.2})
  Revised 10 scenes from consolidated feedback.

── Script Review pass 2/2 ──
  [             Fact Reviewer] score=9.5/10 conf=0.99 issues=6 (minor:2 nit:4)
  [     Storytelling Reviewer] score=9.2/10 conf=0.98 issues=5 (minor:2 nit:3)
  Gate: PASS (scores={'fact_reviewer': 9.5, 'storytelling_reviewer': 9.2})
  Quality gate met — script approved.
  Gate passed: True after 2 pass(es) (scores: {'fact_reviewer': 9.5, 'storytelling_reviewer': 9.2})
  !! Post-review over budget (331 words) — compressing

[5-9/16] STORYBOARD → VISUAL PLANNING → ASSET ROUTING → GENERATION → ANIMATION
-> AssetRouter: topic='The 52-Hertz Whale: the loneliest voice in the ocean' → category='Nature'

============================================================
  Visual Director (BEAT MODE): Aesthetic: photorealistic | Mood: bright | Pace: medium | Sub-aesthetic: nature
  Topic: The 52-Hertz Whale: the loneliest voice in the ocean
============================================================


──────────────────────────────────────────────────
  Scene 0: The Mystery Call
──────────────────────────────────────────────────

──────────────────────────────────────────────────
  Scene 1: The Wrong Frequency
──────────────────────────────────────────────────

──────────────────────────────────────────────────
  Scene 2: Thirty Years of Silence
──────────────────────────────────────────────────

──────────────────────────────────────────────────
  Scene 3: The Migration Mystery
──────────────────────────────────────────────────

──────────────────────────────────────────────────
  Scene 4: The Depths of the Call
──────────────────────────────────────────────────

──────────────────────────────────────────────────
  Scene 5: The Unseen Whale
──────────────────────────────────────────────────

──────────────────────────────────────────────────
  Scene 6: The Hybrid Theory
──────────────────────────────────────────────────

──────────────────────────────────────────────────
  Scene 7: The Anomaly
──────────────────────────────────────────────────

──────────────────────────────────────────────────
  Scene 8: The Listening World
──────────────────────────────────────────────────

──────────────────────────────────────────────────
  Scene 9: The Loneliest Voice
──────────────────────────────────────────────────

  [BeatDirector] Planning beats for scene 0...

  [BeatDirector] Planning beats for scene 1...

  [BeatDirector] Planning beats for scene 2...
  [BeatDirector] Concept terms (10): ['blue whale swimming deep', 'ocean waves time-lapse', 'whale tail breaching', 'underwater sonar equipment']...
  [BeatDirector] 7 beats, 7 shots
  [BeatDirector] Concept terms (10): ['whale tail ocean', 'deep sea sonar pulse', 'underwater hydrophone recording', 'blue whale dorsal fin']...
  [BeatDirector] 4 beats, 4 shots
  [BeatDirector] Concept terms (10): ['whale swimming deep', 'ocean winter waves', 'sonar equipment screen', 'whale tail splash']...
  [BeatDirector] 5 beats, 5 shots
-> AssetLibrary EVICT (below 1920x1080 floor): 'blue whale swimming primary shot' -> cache/video/scene_4_b0_s0.mp4
-> Cache MISS: 'blue whale swimming deep primary shot' — calling Pexels API
-> AssetLibrary REUSE: 'whale tail ocean primary shot' similar to 'whale tail splash primary shot' -> cache/video/scene_1_b2_s0.mp4
-> Router selected: 'pexels' for query 'whale tail ocean primary shot'
-> AssetLibrary REUSE: 'whale swimming deep primary shot' similar to 'whale swimming deep primary shot' -> cache/video/scene_0_b0_s0.mp4
-> Router selected: 'pexels' for query 'whale swimming deep primary shot'
-> Cache MISS: 'whale tail ocean' — calling Pexels API
-> AssetLibrary REUSE: 'whale swimming deep' similar to 'whale swimming deep' -> cache/video/scene_5_b4_s0.mp4
-> Router selected: 'pexels' for query 'whale swimming deep'
  Candidate 1: id=5608046 1920x1080 dur=8s score=0.800 ← SELECTED
  Candidate 2: id=19460372 3840x2160 dur=9s score=0.750
  Candidate 3: id=10377082 1920x1080 dur=37s score=0.600
  Candidate 4: id=10377084 1920x1080 dur=29s score=0.600
  Candidate 5: id=8906187 1920x1080 dur=25s score=0.600
  Candidate 6: id=20601591 3840x2160 dur=16s score=0.600
  Candidate 7: id=10377449 1920x1080 dur=29s score=0.600
  Candidate 8: id=6510690 1920x1080 dur=15s score=0.600
  Candidate 9: id=26245637 3840x2160 dur=16s score=0.400
  Candidate 10: id=28097887 3840x2160 dur=57s score=0.400
-> Router: provider 'pexels' error: name '_pick_best_variant_link' is not defined
-> AssetLibrary EVICT (below 1920x1080 floor): 'blue whale swimming primary shot' -> cache/video/scene_4_b0_s0.mp4
-> Pixabay Cache MISS: 'blue whale swimming deep primary shot' — calling Pixabay API
  Candidate 1: id=4332086 4096x2160 dur=4s score=1.000 ← SELECTED
  Candidate 2: id=5542375 4096x2160 dur=6s score=0.900
  Candidate 3: id=4332083 4096x2160 dur=6s score=0.900
  Candidate 4: id=4326984 4096x2160 dur=7s score=0.850
  Candidate 5: id=11279748 1920x1080 dur=7s score=0.850
  Candidate 6: id=7102652 1920x1080 dur=28s score=0.600
  Candidate 7: id=27941813 3840x2160 dur=31s score=0.400
  Candidate 8: id=28097887 3840x2160 dur=57s score=0.400
  Candidate 9: id=4520420 1920x1012 dur=3s score=0.000
  Candidate 10: id=4520422 1920x1012 dur=3s score=0.000
-> Router: provider 'pexels' error: name '_pick_best_variant_link' is not defined
-> Pixabay Cache MISS: 'whale tail ocean' — calling Pixabay API
-> AssetLibrary EVICT (below 1920x1080 floor): 'the 52-hertz whale: the loneliest voice in the ocean documentary stock footage' -> cache/video/scene_7_b1_s0.mp4
-> Cache HIT: 'The 52-Hertz Whale: the loneliest voice in the ocean documentary stock footage' → cache/video/scene_5_b0_s0.mp4
-> Router selected: 'pexels' for query 'The 52-Hertz Whale: the loneliest voice in the ocean documentary stock footage'
  Pixabay Candidate 1: id=13823 1920x1080 dur=8s score=0.800 ← SELECTED
  Pixabay Candidate 2: id=117702 1920x1080 dur=20s score=0.600
  Pixabay Candidate 3: id=37712 1920x1080 dur=27s score=0.600
  Pixabay Candidate 4: id=26572 1920x1080 dur=20s score=0.600
  Pixabay Candidate 5: id=312 1920x1080 dur=35s score=0.600
  Pixabay Candidate 6: id=10480 1920x1080 dur=112s score=0.600
  Pixabay Candidate 7: id=10835 1920x1080 dur=12s score=0.600
  Pixabay Candidate 8: id=304019 1920x1080 dur=16s score=0.600
  Pixabay Candidate 9: id=1287 2560x1440 dur=23s score=0.600
  Pixabay Candidate 10: id=39393 3840x2160 dur=56s score=0.600
-> Router: provider 'pixabay' error: name '_pick_best_variant_link' is not defined
-> AssetLibrary EVICT (below 1920x1080 floor): 'blue whale swimming primary shot' -> cache/video/scene_4_b0_s0.mp4
-> Wikimedia Cache MISS: 'blue whale swimming deep primary shot' — calling Wikimedia API
  Pixabay Candidate 1: id=244188 3840x2160 dur=8s score=0.800 ← SELECTED
  Pixabay Candidate 2: id=345494 3840x2160 dur=9s score=0.750
  Pixabay Candidate 3: id=135658 3840x2160 dur=9s score=0.750
  Pixabay Candidate 4: id=117702 1920x1080 dur=20s score=0.600
  Pixabay Candidate 5: id=8204 1920x1080 dur=13s score=0.600
  Pixabay Candidate 6: id=204565 3840x2160 dur=33s score=0.600
  Pixabay Candidate 7: id=112722 1920x1080 dur=30s score=0.600
  Pixabay Candidate 8: id=205279 3840x2160 dur=23s score=0.600
  Pixabay Candidate 9: id=13704 1920x1080 dur=12s score=0.600
  Pixabay Candidate 10: id=22183 1920x1080 dur=31s score=0.600
-> Router: provider 'pixabay' error: name '_pick_best_variant_link' is not defined
-> Wikimedia Cache MISS: 'whale tail ocean' — calling Wikimedia API
-> Already on disk: cache/video/scene_2_b0_s0.mp4
    [BeatDirector] Shot accepted: primary shot for beat 0 (provider=pexels)
-> AssetLibrary REUSE: 'ocean winter waves primary shot' similar to 'ocean waves dark primary shot' -> cache/video/scene_9_b1_s0.mp4
-> Router selected: 'pexels' for query 'ocean winter waves primary shot'
-> AssetLibrary diversity: penalty=0.30 for 'whale swimming deep' — skipping reuse
-> Cache HIT: 'whale swimming deep' → cache/video/scene_5_b3_s0.mp4
-> Router selected: 'pexels' for query 'whale swimming deep'
  Wikimedia Candidate 1: id=11043581 2460x1640
  Wikimedia Candidate 2: id=11558160 4000x1128
  Wikimedia Candidate 3: id=23573621 2244x1178
  Wikimedia Candidate 4: id=51014616 3629x2419
  Wikimedia Candidate 5: id=51014617 5184x3456
-> Router selected: 'wikimedia' for query 'whale tail ocean'
-> AssetLibrary EVICT (below 1920x1080 floor): 'the 52-hertz whale: the loneliest voice in the ocean documentary stock footage' -> cache/video/scene_2_b0_s0.mp4
-> Cache HIT: 'The 52-Hertz Whale: the loneliest voice in the ocean documentary stock footage' → cache/video/scene_5_b0_s0.mp4
-> Router selected: 'pexels' for query 'The 52-Hertz Whale: the loneliest voice in the ocean documentary stock footage'
  Wikimedia Candidate 1: id=91987192 812x1306
  Wikimedia Candidate 2: id=91987340 747x1133
  Wikimedia Candidate 3: id=92304344 735x1162
  Wikimedia Candidate 4: id=92470087 1320x1975
  Wikimedia Candidate 5: id=93570483 858x1308
-> Router selected: 'wikimedia' for query 'blue whale swimming deep primary shot'
-> AssetLibrary EVICT (below 1920x1080 floor): 'the 52-hertz whale: the loneliest voice in the ocean documentary stock footage' -> cache/video/scene_2_b0_s0.mp4
-> Cache HIT: 'The 52-Hertz Whale: the loneliest voice in the ocean documentary stock footage' → cache/video/scene_5_b0_s0.mp4
-> Router selected: 'pexels' for query 'The 52-Hertz Whale: the loneliest voice in the ocean documentary stock footage'
-> AssetLibrary EVICT (below 1920x1080 floor): 'blue whale swimming' -> cache/video/scene_4_b0_s1.mp4
-> Cache MISS: 'blue whale swimming deep' — calling Pexels API
-> AssetLibrary EVICT (below 1920x1080 floor): 'sonar equipment screen primary shot' -> cache/video/scene_0_b2_s0.mp4
-> Cache MISS: 'sonar equipment screen primary shot' — calling Pexels API
-> AssetLibrary diversity: penalty=0.30 for 'deep sea sonar primary shot' — skipping reuse
-> Cache MISS: 'deep sea sonar pulse primary shot' — calling Pexels API
  Candidate 1: id=19460372 3840x2160 dur=9s score=0.750 ← SELECTED
  Candidate 2: id=15546563 3840x2160 dur=50s score=0.600
  Candidate 3: id=10377082 1920x1080 dur=37s score=0.600
  Candidate 4: id=10377084 1920x1080 dur=29s score=0.600
  Candidate 5: id=8906187 1920x1080 dur=25s score=0.600
  Candidate 6: id=20601591 3840x2160 dur=16s score=0.600
  Candidate 7: id=6510690 1920x1080 dur=15s score=0.600
  Candidate 8: id=10377449 1920x1080 dur=29s score=0.600
  Candidate 9: id=26245637 3840x2160 dur=16s score=0.400
  Candidate 10: id=28097887 3840x2160 dur=57s score=0.400
-> Router: provider 'pexels' error: name '_pick_best_variant_link' is not defined
-> AssetLibrary EVICT (below 1920x1080 floor): 'blue whale swimming' -> cache/video/scene_4_b0_s1.mp4
-> Pixabay Cache MISS: 'blue whale swimming deep' — calling Pixabay API
  Candidate 1: id=6442793 1920x1080 dur=8s score=0.800 ← SELECTED
  Candidate 2: id=6442797 1920x1080 dur=8s score=0.800
  Candidate 3: id=19233938 3840x2160 dur=9s score=0.750
  Candidate 4: id=7705202 1920x1080 dur=9s score=0.750
  Candidate 5: id=8822536 3840x2160 dur=10s score=0.700
  Candidate 6: id=7858272 4096x2160 dur=10s score=0.700
  Candidate 7: id=19197449 3840x2160 dur=11s score=0.650
  Candidate 8: id=8091892 1920x1080 dur=13s score=0.600
  Candidate 9: id=31801786 1920x1080 dur=11s score=0.450
  Candidate 10: id=33897540 3840x2160 dur=20s score=0.400
-> Router: provider 'pexels' error: name '_pick_best_variant_link' is not defined
-> AssetLibrary EVICT (below 1920x1080 floor): 'sonar equipment screen primary shot' -> cache/video/scene_0_b2_s0.mp4
-> Pixabay Cache MISS: 'sonar equipment screen primary shot' — calling Pixabay API
  Candidate 1: id=5485130 1920x1080 dur=8s score=0.800 ← SELECTED
  Candidate 2: id=17186320 1920x1080 dur=10s score=0.700
  Candidate 3: id=9700927 1920x1080 dur=11s score=0.650
  Candidate 4: id=11280494 3840x2160 dur=58s score=0.600
  Candidate 5: id=8302673 4096x2160 dur=13s score=0.600
  Candidate 6: id=30843977 1920x1080 dur=10s score=0.500
  Candidate 7: id=32844046 1920x1080 dur=10s score=0.500
  Candidate 8: id=36664946 3840x2160 dur=15s score=0.400
  Candidate 9: id=35685983 1920x1080 dur=120s score=0.400
  Candidate 10: id=36710774 3840x2160 dur=15s score=0.400
-> Router: provider 'pexels' error: name '_pick_best_variant_link' is not defined
  Pixabay Candidate 1: id=88883 1920x1080 dur=6s score=0.900 ← SELECTED
  Pixabay Candidate 2: id=2420 1920x1080 dur=10s score=0.700
  Pixabay Candidate 3: id=5180 1920x1080 dur=10s score=0.700
  Pixabay Candidate 4: id=18390 3840x2160 dur=11s score=0.650
  Pixabay Candidate 5: id=14096 1920x1080 dur=20s score=0.600
  Pixabay Candidate 6: id=3741 1920x1080 dur=20s score=0.600
  Pixabay Candidate 7: id=202987 3840x2160 dur=15s score=0.600
  Pixabay Candidate 8: id=38388 3840x2160 dur=19s score=0.600
  Pixabay Candidate 9: id=31851 3840x2160 dur=13s score=0.600
  Pixabay Candidate 10: id=8437 1920x1080 dur=18s score=0.600
-> Router: provider 'pixabay' error: name '_pick_best_variant_link' is not defined
-> AssetLibrary REUSE: 'deep sea sonar pulse primary shot' similar to 'deep sea sonar primary shot' -> cache/video/scene_8_b0_s0.mp4
-> Router selected: 'pixabay' for query 'deep sea sonar pulse primary shot'
  Pixabay Candidate 1: id=275007 3840x2160 dur=6s score=0.900 ← SELECTED
  Pixabay Candidate 2: id=117702 1920x1080 dur=20s score=0.600
  Pixabay Candidate 3: id=37712 1920x1080 dur=27s score=0.600
  Pixabay Candidate 4: id=26572 1920x1080 dur=20s score=0.600
  Pixabay Candidate 5: id=312 1920x1080 dur=35s score=0.600
  Pixabay Candidate 6: id=10480 1920x1080 dur=112s score=0.600
  Pixabay Candidate 7: id=10835 1920x1080 dur=12s score=0.600
  Pixabay Candidate 8: id=304019 1920x1080 dur=16s score=0.600
  Pixabay Candidate 9: id=1287 2560x1440 dur=23s score=0.600
  Pixabay Candidate 10: id=39393 3840x2160 dur=56s score=0.600
-> Router: provider 'pixabay' error: name '_pick_best_variant_link' is not defined
-> AssetLibrary EVICT (below 1920x1080 floor): 'sonar equipment screen primary shot' -> cache/video/scene_0_b2_s0.mp4
-> Wikimedia Cache MISS: 'sonar equipment screen primary shot' — calling Wikimedia API
-> AssetLibrary EVICT (below 1920x1080 floor): 'blue whale swimming' -> cache/video/scene_4_b0_s1.mp4
-> Wikimedia Cache MISS: 'blue whale swimming deep' — calling Wikimedia API
-> Already on disk: cache/video/scene_0_b1_s0.mp4
    [BeatDirector] Shot accepted: primary shot for beat 1 (provider=pexels)
-> AssetLibrary REUSE: 'underwater hydrophone recording primary shot' similar to 'ocean hydrophone underwater primary shot' -> cache/video/scene_3_b1_s0.mp4
-> Router selected: 'pexels' for query 'underwater hydrophone recording primary shot'
-> Cache MISS: 'whale tail ocean' — calling Pexels API
  Candidate 1: id=4332086 4096x2160 dur=4s score=1.000 ← SELECTED
  Candidate 2: id=5542375 4096x2160 dur=6s score=0.900
  Candidate 3: id=4332083 4096x2160 dur=6s score=0.900
  Candidate 4: id=4326984 4096x2160 dur=7s score=0.850
  Candidate 5: id=11279748 1920x1080 dur=7s score=0.850
  Candidate 6: id=7102652 1920x1080 dur=28s score=0.600
  Candidate 7: id=27941813 3840x2160 dur=31s score=0.400
  Candidate 8: id=28097887 3840x2160 dur=57s score=0.400
  Candidate 9: id=4520420 1920x1012 dur=3s score=0.000
  Candidate 10: id=4520422 1920x1012 dur=3s score=0.000
-> Router: provider 'pexels' error: name '_pick_best_variant_link' is not defined
-> Pixabay Cache MISS: 'whale tail ocean' — calling Pixabay API
  Wikimedia Candidate 1: id=91561062 1197x1637
  Wikimedia Candidate 2: id=91602157 1177x1558
  Wikimedia Candidate 3: id=91657280 1650x1872
  Wikimedia Candidate 4: id=92508877 1275x1650
  Wikimedia Candidate 5: id=92512014 1275x1650
-> Router selected: 'wikimedia' for query 'sonar equipment screen primary shot'
  Wikimedia Candidate 1: id=59326000 716x1089
  Wikimedia Candidate 2: id=95475290 672x1108
  Wikimedia Candidate 3: id=98214895 770x1170
  Wikimedia Candidate 4: id=98601003 1275x1650
  Wikimedia Candidate 5: id=133897586 1087x1483
-> Router selected: 'wikimedia' for query 'blue whale swimming deep'
-> Already on disk: cache/video/scene_1_b0_s0.mp4
    [BeatDirector] Shot accepted: primary shot for beat 0 (provider=pexels)
-> AssetLibrary diversity: penalty=0.15 for 'whale swimming deep' — skipping reuse
-> AssetLibrary EVICT (below 1920x1080 floor): 'ocean waves time-lapse primary shot' -> cache/video/scene_1_b1_s0.mp4
-> Cache MISS: 'ocean waves time-lapse primary shot' — calling Pexels API
-> Cache HIT: 'whale swimming deep' → cache/video/scene_5_b3_s0.mp4
-> Router selected: 'pexels' for query 'whale swimming deep'
  Pixabay Candidate 1: id=244188 3840x2160 dur=8s score=0.800 ← SELECTED
  Pixabay Candidate 2: id=345494 3840x2160 dur=9s score=0.750
  Pixabay Candidate 3: id=135658 3840x2160 dur=9s score=0.750
  Pixabay Candidate 4: id=117702 1920x1080 dur=20s score=0.600
  Pixabay Candidate 5: id=8204 1920x1080 dur=13s score=0.600
  Pixabay Candidate 6: id=204565 3840x2160 dur=33s score=0.600
  Pixabay Candidate 7: id=112722 1920x1080 dur=30s score=0.600
  Pixabay Candidate 8: id=205279 3840x2160 dur=23s score=0.600
  Pixabay Candidate 9: id=13704 1920x1080 dur=12s score=0.600
  Pixabay Candidate 10: id=22183 1920x1080 dur=31s score=0.600
-> Router: provider 'pixabay' error: name '_pick_best_variant_link' is not defined
-> Wikimedia Cache MISS: 'whale tail ocean' — calling Wikimedia API
  Candidate 1: id=36592043 3840x2160 dur=6s score=0.700 ← SELECTED
  Candidate 2: id=11888087 1920x1080 dur=13s score=0.600
  Candidate 3: id=5348631 3840x2160 dur=63s score=0.600
  Candidate 4: id=17875165 3840x2160 dur=23s score=0.600
  Candidate 5: id=38808914 3840x2160 dur=9s score=0.550
  Candidate 6: id=28738510 5760x3240 dur=11s score=0.450
  Candidate 7: id=38808913 3840x2160 dur=13s score=0.400
  Candidate 8: id=36389606 3840x2160 dur=59s score=0.400
  Candidate 9: id=38663430 3840x2160 dur=19s score=0.400
  Candidate 10: id=28870121 5760x3240 dur=17s score=0.400
-> Router: provider 'pexels' error: name '_pick_best_variant_link' is not defined
-> AssetLibrary EVICT (below 1920x1080 floor): 'ocean waves time-lapse primary shot' -> cache/video/scene_1_b1_s0.mp4
-> Pixabay Cache MISS: 'ocean waves time-lapse primary shot' — calling Pixabay API
-> AssetLibrary EVICT (below 1920x1080 floor): 'the 52-hertz whale: the loneliest voice in the ocean documentary stock footage' -> cache/video/scene_2_b0_s0.mp4
-> Cache HIT: 'The 52-Hertz Whale: the loneliest voice in the ocean documentary stock footage' → cache/video/scene_5_b0_s0.mp4
-> Router selected: 'pexels' for query 'The 52-Hertz Whale: the loneliest voice in the ocean documentary stock footage'
  Pixabay Candidate 1: id=16111 3840x2160 dur=10s score=0.700 ← SELECTED
  Pixabay Candidate 2: id=190332 3840x2160 dur=14s score=0.600
  Pixabay Candidate 3: id=22555 2560x1440 dur=17s score=0.600
  Pixabay Candidate 4: id=24105 3840x2160 dur=29s score=0.600
  Pixabay Candidate 5: id=17869 3840x2160 dur=20s score=0.600
  Pixabay Candidate 6: id=23263 3840x2160 dur=33s score=0.600
  Pixabay Candidate 7: id=71457 3840x2160 dur=31s score=0.600
  Pixabay Candidate 8: id=72763 3840x2160 dur=21s score=0.600
  Pixabay Candidate 9: id=44702 3840x2160 dur=45s score=0.600
  Pixabay Candidate 10: id=2213 1280x720 dur=13s score=0.000
-> Router: provider 'pixabay' error: name '_pick_best_variant_link' is not defined
-> AssetLibrary EVICT (below 1920x1080 floor): 'ocean waves time-lapse primary shot' -> cache/video/scene_1_b1_s0.mp4
-> Wikimedia Cache MISS: 'ocean waves time-lapse primary shot' — calling Wikimedia API
  Wikimedia Candidate 1: id=11043581 2460x1640
  Wikimedia Candidate 2: id=11558160 4000x1128
  Wikimedia Candidate 3: id=23573621 2244x1178
  Wikimedia Candidate 4: id=51014616 3629x2419
  Wikimedia Candidate 5: id=51014617 5184x3456
-> Router selected: 'wikimedia' for query 'whale tail ocean'
-> AssetLibrary REUSE: 'whale tail splash primary shot' similar to 'whale tail splash primary shot' -> cache/video/scene_1_b2_s0.mp4
-> Router selected: 'pexels' for query 'whale tail splash primary shot'
-> AssetLibrary EVICT (below 1920x1080 floor): 'the 52-hertz whale: the loneliest voice in the ocean documentary stock footage' -> cache/video/scene_2_b0_s0.mp4
-> Cache HIT: 'The 52-Hertz Whale: the loneliest voice in the ocean documentary stock footage' → cache/video/scene_5_b0_s0.mp4
-> Router selected: 'pexels' for query 'The 52-Hertz Whale: the loneliest voice in the ocean documentary stock footage'
-> AssetLibrary diversity: penalty=0.15 for 'whale swimming deep' — skipping reuse
-> Cache HIT: 'whale swimming deep' → cache/video/scene_5_b3_s0.mp4
-> Router selected: 'pexels' for query 'whale swimming deep'
-> AssetLibrary EVICT (below 1920x1080 floor): 'blue whale swimming primary shot' -> cache/video/scene_4_b0_s0.mp4
-> Cache MISS: 'blue whale dorsal fin primary shot' — calling Pexels API
  Wikimedia Candidate 1: id=91372153 1239x1752
  Wikimedia Candidate 2: id=91450698 787x1395
  Wikimedia Candidate 3: id=91510245 2468x3218
  Wikimedia Candidate 4: id=91537817 620x1022
  Wikimedia Candidate 5: id=91691894 787x1343
-> Router selected: 'wikimedia' for query 'ocean waves time-lapse primary shot'
  Candidate 1: id=4332086 4096x2160 dur=4s score=0.933 ← SELECTED
  Candidate 2: id=4332083 4096x2160 dur=6s score=0.800
  Candidate 3: id=4326984 4096x2160 dur=7s score=0.733
  Candidate 4: id=4571364 4096x2160 dur=7s score=0.733
  Candidate 5: id=35763061 3840x2160 dur=5s score=0.667
  Candidate 6: id=4332084 4096x2160 dur=20s score=0.600
  Candidate 7: id=4332085 4096x2160 dur=17s score=0.600
  Candidate 8: id=8906187 1920x1080 dur=25s score=0.600
  Candidate 9: id=31873891 3840x2160 dur=14s score=0.400
  Candidate 10: id=27941815 3840x2160 dur=82s score=0.400
-> Router: provider 'pexels' error: name '_pick_best_variant_link' is not defined
-> AssetLibrary EVICT (below 1920x1080 floor): 'blue whale swimming primary shot' -> cache/video/scene_4_b0_s0.mp4
-> Pixabay Cache MISS: 'blue whale dorsal fin primary shot' — calling Pixabay API
-> AssetLibrary EVICT (below 1920x1080 floor): 'the 52-hertz whale: the loneliest voice in the ocean documentary stock footage' -> cache/video/scene_2_b0_s0.mp4
-> Cache HIT: 'The 52-Hertz Whale: the loneliest voice in the ocean documentary stock footage' → cache/video/scene_5_b0_s0.mp4
-> Router selected: 'pexels' for query 'The 52-Hertz Whale: the loneliest voice in the ocean documentary stock footage'
-> AssetLibrary EVICT (below 1920x1080 floor): 'blue whale swimming deep' -> cache/video/scene_1_b0_s0.mp4
-> Cache MISS: 'blue whale swimming deep' — calling Pexels API
  Pixabay Candidate 1: id=244188 3840x2160 dur=8s score=0.667 ← SELECTED
  Pixabay Candidate 2: id=117702 1920x1080 dur=20s score=0.600
  Pixabay Candidate 3: id=18390 3840x2160 dur=11s score=0.600
  Pixabay Candidate 4: id=293788 3840x2160 dur=13s score=0.600
  Pixabay Candidate 5: id=27547 1920x1080 dur=23s score=0.600
  Pixabay Candidate 6: id=206783 3840x2160 dur=48s score=0.600
  Pixabay Candidate 7: id=13441 3840x2160 dur=27s score=0.600
  Pixabay Candidate 8: id=6681 1920x1080 dur=24s score=0.600
  Pixabay Candidate 9: id=7093 1920x1080 dur=30s score=0.600
  Pixabay Candidate 10: id=206772 3840x2160 dur=28s score=0.600
-> Router: provider 'pixabay' error: name '_pick_best_variant_link' is not defined
-> AssetLibrary EVICT (below 1920x1080 floor): 'blue whale swimming primary shot' -> cache/video/scene_4_b0_s0.mp4
-> Wikimedia Cache MISS: 'blue whale dorsal fin primary shot' — calling Wikimedia API
  Candidate 1: id=19460372 3840x2160 dur=9s score=0.750 ← SELECTED
  Candidate 2: id=15546563 3840x2160 dur=50s score=0.600
  Candidate 3: id=10377082 1920x1080 dur=37s score=0.600
  Candidate 4: id=10377084 1920x1080 dur=29s score=0.600
  Candidate 5: id=8906187 1920x1080 dur=25s score=0.600
  Candidate 6: id=20601591 3840x2160 dur=16s score=0.600
  Candidate 7: id=6510690 1920x1080 dur=15s score=0.600
  Candidate 8: id=10377449 1920x1080 dur=29s score=0.600
  Candidate 9: id=26245637 3840x2160 dur=16s score=0.400
  Candidate 10: id=28097887 3840x2160 dur=57s score=0.400
-> Router: provider 'pexels' error: name '_pick_best_variant_link' is not defined
-> Cache MISS: 'abandoned lighthouse beam primary shot' — calling Pexels API
-> AssetLibrary EVICT (below 1920x1080 floor): 'blue whale swimming deep' -> cache/video/scene_1_b0_s0.mp4
-> Pixabay Cache MISS: 'blue whale swimming deep' — calling Pixabay API
  Pixabay Candidate 1: id=275007 3840x2160 dur=6s score=0.900 ← SELECTED
  Pixabay Candidate 2: id=117702 1920x1080 dur=20s score=0.600
  Pixabay Candidate 3: id=37712 1920x1080 dur=27s score=0.600
  Pixabay Candidate 4: id=26572 1920x1080 dur=20s score=0.600
  Pixabay Candidate 5: id=10480 1920x1080 dur=112s score=0.600
  Pixabay Candidate 6: id=312 1920x1080 dur=35s score=0.600
  Pixabay Candidate 7: id=10835 1920x1080 dur=12s score=0.600
  Pixabay Candidate 8: id=304019 1920x1080 dur=16s score=0.600
  Pixabay Candidate 9: id=1287 2560x1440 dur=23s score=0.600
  Pixabay Candidate 10: id=39393 3840x2160 dur=56s score=0.600
-> Router: provider 'pixabay' error: name '_pick_best_variant_link' is not defined
-> AssetLibrary EVICT (below 1920x1080 floor): 'blue whale swimming deep' -> cache/video/scene_1_b0_s0.mp4
-> Wikimedia Cache MISS: 'blue whale swimming deep' — calling Wikimedia API
  Candidate 1: id=5487189 1920x1080 dur=6s score=0.900 ← SELECTED
  Candidate 2: id=3723545 4096x2160 dur=10s score=0.700
  Candidate 3: id=4995296 1920x1080 dur=11s score=0.650
  Candidate 4: id=3723552 4096x2160 dur=17s score=0.600
  Candidate 5: id=13374172 1920x1080 dur=24s score=0.600
  Candidate 6: id=8321082 1920x1080 dur=40s score=0.600
  Candidate 7: id=2069138 1920x1080 dur=12s score=0.600
  Candidate 8: id=28556160 3840x2160 dur=18s score=0.400
  Candidate 9: id=34936158 3840x2158 dur=31s score=0.400
  Candidate 10: id=28222222 1920x1080 dur=24s score=0.400
-> Router: provider 'pexels' error: name '_pick_best_variant_link' is not defined
-> Pixabay Cache MISS: 'abandoned lighthouse beam primary shot' — calling Pixabay API
  Pixabay Candidate 1: id=18390 3840x2160 dur=11s score=0.650 ← SELECTED
  Pixabay Candidate 2: id=1917 2560x1440 dur=22s score=0.600
  Pixabay Candidate 3: id=19368 3840x2160 dur=46s score=0.600
  Pixabay Candidate 4: id=226996 3840x2160 dur=30s score=0.600
  Pixabay Candidate 5: id=22059 1920x1080 dur=14s score=0.600
  Pixabay Candidate 6: id=214582 3840x2160 dur=25s score=0.600
  Pixabay Candidate 7: id=1973 1920x1080 dur=21s score=0.600
  Pixabay Candidate 8: id=131839 1920x1080 dur=30s score=0.600
  Pixabay Candidate 9: id=81174 3840x2160 dur=31s score=0.600
  Pixabay Candidate 10: id=217028 2160x3840 dur=31s score=0.600
-> Router: provider 'pixabay' error: name '_pick_best_variant_link' is not defined
-> Wikimedia Cache MISS: 'abandoned lighthouse beam primary shot' — calling Wikimedia API
-> Wikimedia image info rate limited, retry 1 in 3s...
-> Wikimedia API rate limited, retry 1 in 3s...
-> Wikimedia image info rate limited, retry 1 in 3s...
-> Wikimedia image info rate limited, retry 2 in 6s...
-> Wikimedia API rate limited, retry 2 in 6s...
-> Wikimedia image info rate limited, retry 2 in 6s...
-> Wikimedia image info rate limited, retry 3 in 9s...
-> Wikimedia API rate limited, retry 3 in 9s...
-> Wikimedia image info rate limited, retry 3 in 9s...
-> Wikimedia image info request failed: Expecting value: line 1 column 1 (char 0)
-> Router: all providers exhausted for 'blue whale dorsal fin primary shot' — returning empty
-> Cache MISS: 'whale tail ocean' — calling Pexels API
  Candidate 1: id=4332086 4096x2160 dur=4s score=0.933 ← SELECTED
  Candidate 2: id=5542375 4096x2160 dur=6s score=0.800
  Candidate 3: id=4332083 4096x2160 dur=6s score=0.800
  Candidate 4: id=4326984 4096x2160 dur=7s score=0.733
  Candidate 5: id=11279748 1920x1080 dur=7s score=0.733
  Candidate 6: id=7102652 1920x1080 dur=28s score=0.600
  Candidate 7: id=27941813 3840x2160 dur=31s score=0.400
  Candidate 8: id=28097887 3840x2160 dur=57s score=0.400
  Candidate 9: id=4520420 1920x1012 dur=3s score=0.000
  Candidate 10: id=4520422 1920x1012 dur=3s score=0.000
-> Router: provider 'pexels' error: name '_pick_best_variant_link' is not defined
-> Pixabay Cache MISS: 'whale tail ocean' — calling Pixabay API
-> Wikimedia API request failed: Expecting value: line 1 column 1 (char 0)
-> Router: all providers exhausted for 'abandoned lighthouse beam primary shot' — returning empty
-> AssetLibrary diversity: penalty=0.15 for 'whale swimming deep' — skipping reuse
-> Wikimedia image info request failed: Expecting value: line 1 column 1 (char 0)
-> Router: all providers exhausted for 'blue whale swimming deep' — returning empty
-> Cache HIT: 'whale swimming deep' → cache/video/scene_5_b3_s0.mp4
-> Router selected: 'pexels' for query 'whale swimming deep'
-> AssetLibrary EVICT (below 1920x1080 floor): 'the 52-hertz whale: the loneliest voice in the ocean documentary stock footage' -> cache/video/scene_2_b0_s0.mp4
-> Cache HIT: 'The 52-Hertz Whale: the loneliest voice in the ocean documentary stock footage' → cache/video/scene_5_b0_s0.mp4
-> Router selected: 'pexels' for query 'The 52-Hertz Whale: the loneliest voice in the ocean documentary stock footage'
-> AssetLibrary EVICT (below 1920x1080 floor): 'the 52-hertz whale: the loneliest voice in the ocean documentary stock footage' -> cache/video/scene_2_b0_s0.mp4
-> Cache HIT: 'The 52-Hertz Whale: the loneliest voice in the ocean documentary stock footage' → cache/video/scene_5_b0_s0.mp4
-> Router selected: 'pexels' for query 'The 52-Hertz Whale: the loneliest voice in the ocean documentary stock footage'
  Pixabay Candidate 1: id=244188 3840x2160 dur=8s score=0.667 ← SELECTED
  Pixabay Candidate 2: id=345494 3840x2160 dur=9s score=0.600
  Pixabay Candidate 3: id=117702 1920x1080 dur=20s score=0.600
  Pixabay Candidate 4: id=8204 1920x1080 dur=13s score=0.600
  Pixabay Candidate 5: id=135658 3840x2160 dur=9s score=0.600
  Pixabay Candidate 6: id=204565 3840x2160 dur=33s score=0.600
  Pixabay Candidate 7: id=112722 1920x1080 dur=30s score=0.600
  Pixabay Candidate 8: id=205279 3840x2160 dur=23s score=0.600
  Pixabay Candidate 9: id=13704 1920x1080 dur=12s score=0.600
  Pixabay Candidate 10: id=22183 1920x1080 dur=31s score=0.600
-> Router: provider 'pixabay' error: name '_pick_best_variant_link' is not defined
-> Wikimedia Cache MISS: 'whale tail ocean' — calling Wikimedia API
-> AssetLibrary REUSE: 'whale tail breaching primary shot' similar to 'whale tail splash primary shot' -> cache/video/scene_1_b2_s0.mp4
-> Router selected: 'pexels' for query 'whale tail breaching primary shot'
-> Wikimedia API rate limited, retry 1 in 3s...
-> AssetLibrary EVICT (below 1920x1080 floor): 'blue whale swimming deep' -> cache/video/scene_1_b0_s0.mp4
-> Cache MISS: 'blue whale swimming deep' — calling Pexels API
  Candidate 1: id=19460372 3840x2160 dur=9s score=0.750 ← SELECTED
  Candidate 2: id=15546563 3840x2160 dur=50s score=0.600
  Candidate 3: id=10377082 1920x1080 dur=37s score=0.600
  Candidate 4: id=10377084 1920x1080 dur=29s score=0.600
  Candidate 5: id=8906187 1920x1080 dur=25s score=0.600
  Candidate 6: id=20601591 3840x2160 dur=16s score=0.600
  Candidate 7: id=6510690 1920x1080 dur=15s score=0.600
  Candidate 8: id=10377449 1920x1080 dur=29s score=0.600
  Candidate 9: id=26245637 3840x2160 dur=16s score=0.400
  Candidate 10: id=28097887 3840x2160 dur=57s score=0.400
-> Router: provider 'pexels' error: name '_pick_best_variant_link' is not defined
-> AssetLibrary EVICT (below 1920x1080 floor): 'blue whale swimming deep' -> cache/video/scene_1_b0_s0.mp4
-> Pixabay Cache MISS: 'blue whale swimming deep' — calling Pixabay API
  Pixabay Candidate 1: id=275007 3840x2160 dur=6s score=0.900 ← SELECTED
  Pixabay Candidate 2: id=117702 1920x1080 dur=20s score=0.600
  Pixabay Candidate 3: id=37712 1920x1080 dur=27s score=0.600
  Pixabay Candidate 4: id=26572 1920x1080 dur=20s score=0.600
  Pixabay Candidate 5: id=312 1920x1080 dur=35s score=0.600
  Pixabay Candidate 6: id=10480 1920x1080 dur=112s score=0.600
  Pixabay Candidate 7: id=10835 1920x1080 dur=12s score=0.600
  Pixabay Candidate 8: id=304019 1920x1080 dur=16s score=0.600
  Pixabay Candidate 9: id=1287 2560x1440 dur=23s score=0.600
  Pixabay Candidate 10: id=39393 3840x2160 dur=56s score=0.600
-> Router: provider 'pixabay' error: name '_pick_best_variant_link' is not defined
-> AssetLibrary EVICT (below 1920x1080 floor): 'blue whale swimming deep' -> cache/video/scene_1_b0_s0.mp4
-> Wikimedia Cache MISS: 'blue whale swimming deep' — calling Wikimedia API
-> Wikimedia API rate limited, retry 1 in 3s...
-> Wikimedia API rate limited, retry 2 in 6s...
-> Wikimedia API rate limited, retry 2 in 6s...
-> Wikimedia API rate limited, retry 3 in 9s...
-> Wikimedia API rate limited, retry 3 in 9s...

  [BeatDirector] Planning beats for scene 3...
-> Wikimedia API request failed: Expecting value: line 1 column 1 (char 0)
-> Router: all providers exhausted for 'whale tail ocean' — returning empty
-> AssetLibrary EVICT (below 1920x1080 floor): 'the 52-hertz whale: the loneliest voice in the ocean documentary stock footage' -> cache/video/scene_2_b0_s0.mp4
-> Cache HIT: 'The 52-Hertz Whale: the loneliest voice in the ocean documentary stock footage' → cache/video/scene_5_b0_s0.mp4
-> Router selected: 'pexels' for query 'The 52-Hertz Whale: the loneliest voice in the ocean documentary stock footage'
  [BeatDirector] Concept terms (10): ['whale swimming deep', 'ocean waves time-lapse', 'whale tail breach', 'Pacific Ocean horizon']...
  [BeatDirector] 4 beats, 4 shots
-> AssetLibrary REUSE: 'whale swimming deep primary shot' similar to 'whale swimming deep primary shot' -> cache/video/scene_0_b0_s0.mp4
-> Router selected: 'pexels' for query 'whale swimming deep primary shot'
-> Wikimedia API request failed: Expecting value: line 1 column 1 (char 0)
-> Router: all providers exhausted for 'blue whale swimming deep' — returning empty
-> AssetLibrary EVICT (below 1920x1080 floor): 'the 52-hertz whale: the loneliest voice in the ocean documentary stock footage' -> cache/video/scene_2_b0_s0.mp4
-> Already on disk: cache/video/scene_3_b0_s0.mp4
    [BeatDirector] Shot accepted: primary shot for beat 0 (provider=pexels)
-> Cache HIT: 'The 52-Hertz Whale: the loneliest voice in the ocean documentary stock footage' → cache/video/scene_5_b0_s0.mp4
-> Router selected: 'pexels' for query 'The 52-Hertz Whale: the loneliest voice in the ocean documentary stock footage'
-> AssetLibrary EVICT (below 1920x1080 floor): 'ocean waves time-lapse primary shot' -> cache/video/scene_1_b1_s0.mp4
-> Cache MISS: 'ocean waves time-lapse primary shot' — calling Pexels API
  Candidate 1: id=36592043 3840x2160 dur=6s score=0.700 ← SELECTED
  Candidate 2: id=11888087 1920x1080 dur=13s score=0.600
  Candidate 3: id=5348631 3840x2160 dur=63s score=0.600
  Candidate 4: id=17875165 3840x2160 dur=23s score=0.600
  Candidate 5: id=38808914 3840x2160 dur=9s score=0.550
  Candidate 6: id=28738510 5760x3240 dur=11s score=0.450
  Candidate 7: id=38808913 3840x2160 dur=13s score=0.400
  Candidate 8: id=36389606 3840x2160 dur=59s score=0.400
  Candidate 9: id=38663430 3840x2160 dur=19s score=0.400
  Candidate 10: id=28870121 5760x3240 dur=17s score=0.400
-> Router: provider 'pexels' error: name '_pick_best_variant_link' is not defined
-> AssetLibrary EVICT (below 1920x1080 floor): 'ocean waves time-lapse primary shot' -> cache/video/scene_1_b1_s0.mp4
-> Pixabay Cache MISS: 'ocean waves time-lapse primary shot' — calling Pixabay API
-> AssetLibrary REUSE: 'underwater sonar equipment primary shot' similar to 'underwater sonar equipment primary shot' -> cache/video/scene_0_b0_s0.mp4
-> Router selected: 'pexels' for query 'underwater sonar equipment primary shot'
  Pixabay Candidate 1: id=16111 3840x2160 dur=10s score=0.700 ← SELECTED
  Pixabay Candidate 2: id=190332 3840x2160 dur=14s score=0.600
  Pixabay Candidate 3: id=22555 2560x1440 dur=17s score=0.600
  Pixabay Candidate 4: id=24105 3840x2160 dur=29s score=0.600
  Pixabay Candidate 5: id=17869 3840x2160 dur=20s score=0.600
  Pixabay Candidate 6: id=23263 3840x2160 dur=33s score=0.600
  Pixabay Candidate 7: id=71457 3840x2160 dur=31s score=0.600
  Pixabay Candidate 8: id=72763 3840x2160 dur=21s score=0.600
  Pixabay Candidate 9: id=44702 3840x2160 dur=45s score=0.600
  Pixabay Candidate 10: id=2213 1280x720 dur=13s score=0.000
-> Router: provider 'pixabay' error: name '_pick_best_variant_link' is not defined
-> AssetLibrary EVICT (below 1920x1080 floor): 'blue whale swimming deep' -> cache/video/scene_1_b0_s0.mp4
-> Cache MISS: 'blue whale swimming deep' — calling Pexels API
-> AssetLibrary EVICT (below 1920x1080 floor): 'ocean waves time-lapse primary shot' -> cache/video/scene_1_b1_s0.mp4
-> Wikimedia Cache MISS: 'ocean waves time-lapse primary shot' — calling Wikimedia API
  Candidate 1: id=19460372 3840x2160 dur=9s score=0.750 ← SELECTED
  Candidate 2: id=15546563 3840x2160 dur=50s score=0.600
  Candidate 3: id=10377082 1920x1080 dur=37s score=0.600
  Candidate 4: id=10377084 1920x1080 dur=29s score=0.600
  Candidate 5: id=8906187 1920x1080 dur=25s score=0.600
  Candidate 6: id=20601591 3840x2160 dur=16s score=0.600
  Candidate 7: id=6510690 1920x1080 dur=15s score=0.600
  Candidate 8: id=10377449 1920x1080 dur=29s score=0.600
  Candidate 9: id=26245637 3840x2160 dur=16s score=0.400
  Candidate 10: id=28097887 3840x2160 dur=57s score=0.400
-> Router: provider 'pexels' error: name '_pick_best_variant_link' is not defined
-> AssetLibrary EVICT (below 1920x1080 floor): 'blue whale swimming deep' -> cache/video/scene_1_b0_s0.mp4
-> Pixabay Cache MISS: 'blue whale swimming deep' — calling Pixabay API
-> Wikimedia API rate limited, retry 1 in 3s...
  Pixabay Candidate 1: id=275007 3840x2160 dur=6s score=0.900 ← SELECTED
  Pixabay Candidate 2: id=117702 1920x1080 dur=20s score=0.600
  Pixabay Candidate 3: id=37712 1920x1080 dur=27s score=0.600
  Pixabay Candidate 4: id=26572 1920x1080 dur=20s score=0.600
  Pixabay Candidate 5: id=312 1920x1080 dur=35s score=0.600
  Pixabay Candidate 6: id=10480 1920x1080 dur=112s score=0.600
  Pixabay Candidate 7: id=10835 1920x1080 dur=12s score=0.600
  Pixabay Candidate 8: id=304019 1920x1080 dur=16s score=0.600
  Pixabay Candidate 9: id=1287 2560x1440 dur=23s score=0.600
  Pixabay Candidate 10: id=39393 3840x2160 dur=56s score=0.600
-> Router: provider 'pixabay' error: name '_pick_best_variant_link' is not defined
-> AssetLibrary EVICT (below 1920x1080 floor): 'blue whale swimming deep' -> cache/video/scene_1_b0_s0.mp4
-> Wikimedia Cache MISS: 'blue whale swimming deep' — calling Wikimedia API
-> Wikimedia API rate limited, retry 1 in 3s...
-> Wikimedia API rate limited, retry 2 in 6s...
-> Wikimedia API rate limited, retry 2 in 6s...
-> Wikimedia API rate limited, retry 3 in 9s...
  Wikimedia Candidate 1: id=59326000 716x1089
  Wikimedia Candidate 2: id=95475290 672x1108
  Wikimedia Candidate 3: id=98214895 770x1170
  Wikimedia Candidate 4: id=98601003 1275x1650
  Wikimedia Candidate 5: id=133897586 1087x1483
-> Router selected: 'wikimedia' for query 'blue whale swimming deep'
-> AssetLibrary EVICT (below 1920x1080 floor): 'the 52-hertz whale: the loneliest voice in the ocean documentary stock footage' -> cache/video/scene_3_b0_s0.mp4

  [BeatDirector] Planning beats for scene 4...
-> Cache HIT: 'The 52-Hertz Whale: the loneliest voice in the ocean documentary stock footage' → cache/video/scene_5_b0_s0.mp4
-> Router selected: 'pexels' for query 'The 52-Hertz Whale: the loneliest voice in the ocean documentary stock footage'
-> Cache MISS: 'oceanographer studying waves primary shot' — calling Pexels API
  [BeatDirector] Concept terms (10): ['deep ocean abyss', 'hydrophone underwater recording', 'whale sonar waves', 'submarine tracking arrays']...
  [BeatDirector] 5 beats, 5 shots
-> AssetLibrary EVICT (below 1920x1080 floor): 'deep ocean abyss primary shot' -> cache/video/scene_7_b1_s0.mp4
-> Cache MISS: 'deep ocean abyss primary shot' — calling Pexels API
  Candidate 1: id=38680143 1920x1080 dur=8s score=0.600 ← SELECTED
  Candidate 2: id=3981943 3840x2160 dur=12s score=0.600
  Candidate 3: id=6510695 1920x1080 dur=15s score=0.600
  Candidate 4: id=32844046 1920x1080 dur=10s score=0.500
  Candidate 5: id=38312742 2560x1440 dur=14s score=0.400
  Candidate 6: id=32451795 1920x1080 dur=13s score=0.400
  Candidate 7: id=35224011 2720x1530 dur=38s score=0.400
  Candidate 8: id=38242924 3840x2160 dur=23s score=0.400
  Candidate 9: id=34174931 1920x1080 dur=49s score=0.400
  Candidate 10: id=35224016 2720x1530 dur=38s score=0.400
-> Router: provider 'pexels' error: name '_pick_best_variant_link' is not defined
-> Pixabay Cache MISS: 'oceanographer studying waves primary shot' — calling Pixabay API
  Candidate 1: id=6430500 3840x2160 dur=21s score=0.600 ← SELECTED
  Candidate 2: id=35832901 3840x2160 dur=8s score=0.600
  Candidate 3: id=9700928 1920x1080 dur=19s score=0.600
  Candidate 4: id=38865258 1920x1080 dur=8s score=0.600
  Candidate 5: id=8906187 1920x1080 dur=25s score=0.600
  Candidate 6: id=34385301 1920x1080 dur=10s score=0.500
  Candidate 7: id=32844046 1920x1080 dur=10s score=0.500
  Candidate 8: id=29475225 3840x2160 dur=19s score=0.400
  Candidate 9: id=31011168 3840x2160 dur=15s score=0.400
  Candidate 10: id=32790667 3840x2160 dur=14s score=0.400
-> Router: provider 'pexels' error: name '_pick_best_variant_link' is not defined
-> AssetLibrary EVICT (below 1920x1080 floor): 'deep ocean abyss primary shot' -> cache/video/scene_7_b1_s0.mp4
-> Pixabay Cache MISS: 'deep ocean abyss primary shot' — calling Pixabay API
  Pixabay Candidate 1: id=201415 3840x2160 dur=9s score=0.750 ← SELECTED
  Pixabay Candidate 2: id=18390 3840x2160 dur=11s score=0.650
  Pixabay Candidate 3: id=263305 3840x2160 dur=43s score=0.600
  Pixabay Candidate 4: id=1028 1920x1080 dur=12s score=0.600
  Pixabay Candidate 5: id=19368 3840x2160 dur=46s score=0.600
  Pixabay Candidate 6: id=283533 1920x1080 dur=40s score=0.600
  Pixabay Candidate 7: id=4006 1920x1080 dur=40s score=0.600
  Pixabay Candidate 8: id=304019 1920x1080 dur=16s score=0.600
  Pixabay Candidate 9: id=11168 1920x1080 dur=13s score=0.600
  Pixabay Candidate 10: id=1890 2720x1434 dur=34s score=0.600
-> Router: provider 'pixabay' error: name '_pick_best_variant_link' is not defined
-> Wikimedia Cache MISS: 'oceanographer studying waves primary shot' — calling Wikimedia API
  Pixabay Candidate 1: id=201415 3840x2160 dur=9s score=0.750 ← SELECTED
  Pixabay Candidate 2: id=43275 3840x2160 dur=10s score=0.700
  Pixabay Candidate 3: id=18390 3840x2160 dur=11s score=0.650
  Pixabay Candidate 4: id=37712 1920x1080 dur=27s score=0.600
  Pixabay Candidate 5: id=304019 1920x1080 dur=16s score=0.600
  Pixabay Candidate 6: id=293788 3840x2160 dur=13s score=0.600
  Pixabay Candidate 7: id=85674 1920x1080 dur=48s score=0.600
  Pixabay Candidate 8: id=158230 3840x2160 dur=24s score=0.600
  Pixabay Candidate 9: id=31611 1920x1080 dur=55s score=0.600
  Pixabay Candidate 10: id=26572 1920x1080 dur=20s score=0.600
-> Router: provider 'pixabay' error: name '_pick_best_variant_link' is not defined
-> AssetLibrary EVICT (below 1920x1080 floor): 'deep ocean abyss primary shot' -> cache/video/scene_7_b1_s0.mp4
-> Wikimedia Cache MISS: 'deep ocean abyss primary shot' — calling Wikimedia API
  Wikimedia Candidate 1: id=91654611 1156x1645
  Wikimedia Candidate 2: id=92013020 4554x6570
  Wikimedia Candidate 3: id=92060338 1172x1562
  Wikimedia Candidate 4: id=98208871 1168x1433
  Wikimedia Candidate 5: id=153257186 668x852
-> Router selected: 'wikimedia' for query 'oceanographer studying waves primary shot'
-> AssetLibrary EVICT (below 1920x1080 floor): 'blue whale swimming deep' -> cache/video/scene_1_b0_s0.mp4
-> Cache MISS: 'blue whale swimming deep' — calling Pexels API
  Candidate 1: id=19460372 3840x2160 dur=9s score=0.750 ← SELECTED
  Candidate 2: id=15546563 3840x2160 dur=50s score=0.600
  Candidate 3: id=10377082 1920x1080 dur=37s score=0.600
  Candidate 4: id=10377084 1920x1080 dur=29s score=0.600
  Candidate 5: id=8906187 1920x1080 dur=25s score=0.600
  Candidate 6: id=20601591 3840x2160 dur=16s score=0.600
  Candidate 7: id=6510690 1920x1080 dur=15s score=0.600
  Candidate 8: id=10377449 1920x1080 dur=29s score=0.600
  Candidate 9: id=26245637 3840x2160 dur=16s score=0.400
  Candidate 10: id=28097887 3840x2160 dur=57s score=0.400
-> Router: provider 'pexels' error: name '_pick_best_variant_link' is not defined
-> AssetLibrary EVICT (below 1920x1080 floor): 'blue whale swimming deep' -> cache/video/scene_1_b0_s0.mp4
-> Pixabay Cache MISS: 'blue whale swimming deep' — calling Pixabay API
  Wikimedia Candidate 1: id=45881372 1275x1650
  Wikimedia Candidate 2: id=93068209 927x1422
  Wikimedia Candidate 3: id=93451703 697x1075
  Wikimedia Candidate 4: id=95321119 654x981
  Wikimedia Candidate 5: id=95348613 710x1100
-> Router selected: 'wikimedia' for query 'deep ocean abyss primary shot'
  Pixabay Candidate 1: id=275007 3840x2160 dur=6s score=0.900 ← SELECTED
  Pixabay Candidate 2: id=117702 1920x1080 dur=20s score=0.600
  Pixabay Candidate 3: id=37712 1920x1080 dur=27s score=0.600
  Pixabay Candidate 4: id=26572 1920x1080 dur=20s score=0.600
  Pixabay Candidate 5: id=312 1920x1080 dur=35s score=0.600
  Pixabay Candidate 6: id=10480 1920x1080 dur=112s score=0.600
  Pixabay Candidate 7: id=10835 1920x1080 dur=12s score=0.600
  Pixabay Candidate 8: id=304019 1920x1080 dur=16s score=0.600
  Pixabay Candidate 9: id=1287 2560x1440 dur=23s score=0.600
  Pixabay Candidate 10: id=39393 3840x2160 dur=56s score=0.600
-> Router: provider 'pixabay' error: name '_pick_best_variant_link' is not defined
-> AssetLibrary EVICT (below 1920x1080 floor): 'blue whale swimming deep' -> cache/video/scene_1_b0_s0.mp4
-> Wikimedia Cache MISS: 'blue whale swimming deep' — calling Wikimedia API
-> AssetLibrary EVICT (below 1920x1080 floor): 'deep ocean abyss primary shot' -> cache/video/scene_7_b1_s0.mp4
-> Cache MISS: 'deep ocean abyss' — calling Pexels API
  Candidate 1: id=36046560 3840x2160 dur=7s score=0.650 ← SELECTED
  Candidate 2: id=34448740 3840x2160 dur=8s score=0.600
  Candidate 3: id=35832901 3840x2160 dur=8s score=0.600
  Candidate 4: id=6430500 3840x2160 dur=21s score=0.600
  Candidate 5: id=35898119 1920x1080 dur=8s score=0.600
  Candidate 6: id=38579846 1920x1080 dur=8s score=0.600
  Candidate 7: id=34385301 1920x1080 dur=10s score=0.500
  Candidate 8: id=34095975 3840x2160 dur=12s score=0.400
  Candidate 9: id=29475225 3840x2160 dur=19s score=0.400
  Candidate 10: id=33630945 3840x2160 dur=12s score=0.400
-> Router: provider 'pexels' error: name '_pick_best_variant_link' is not defined
-> AssetLibrary EVICT (below 1920x1080 floor): 'deep ocean abyss primary shot' -> cache/video/scene_7_b1_s0.mp4
-> Pixabay Cache MISS: 'deep ocean abyss' — calling Pixabay API
  Wikimedia Candidate 1: id=59326000 716x1089
  Wikimedia Candidate 2: id=95475290 672x1108
  Wikimedia Candidate 3: id=98214895 770x1170
  Wikimedia Candidate 4: id=98601003 1275x1650
  Wikimedia Candidate 5: id=133897586 1087x1483
-> Router selected: 'wikimedia' for query 'blue whale swimming deep'
  Pixabay Candidate 1: id=341704 1920x1080 dur=5s score=0.950 ← SELECTED
  Pixabay Candidate 2: id=13823 1920x1080 dur=8s score=0.800
  Pixabay Candidate 3: id=43275 3840x2160 dur=10s score=0.700
  Pixabay Candidate 4: id=37712 1920x1080 dur=27s score=0.600
  Pixabay Candidate 5: id=304019 1920x1080 dur=16s score=0.600
  Pixabay Candidate 6: id=85674 1920x1080 dur=48s score=0.600
  Pixabay Candidate 7: id=31611 1920x1080 dur=55s score=0.600
  Pixabay Candidate 8: id=26572 1920x1080 dur=20s score=0.600
  Pixabay Candidate 9: id=312 1920x1080 dur=35s score=0.600
  Pixabay Candidate 10: id=204165 3840x2160 dur=36s score=0.600
-> Router: provider 'pixabay' error: name '_pick_best_variant_link' is not defined
-> AssetLibrary EVICT (below 1920x1080 floor): 'deep ocean abyss primary shot' -> cache/video/scene_7_b1_s0.mp4
-> Wikimedia Cache MISS: 'deep ocean abyss' — calling Wikimedia API
-> AssetLibrary EVICT (below 1920x1080 floor): 'the 52-hertz whale: the loneliest voice in the ocean documentary stock footage' -> cache/video/scene_3_b0_s0.mp4
-> Cache HIT: 'The 52-Hertz Whale: the loneliest voice in the ocean documentary stock footage' → cache/video/scene_5_b0_s0.mp4
-> Router selected: 'pexels' for query 'The 52-Hertz Whale: the loneliest voice in the ocean documentary stock footage'
-> AssetLibrary EVICT (below 1920x1080 floor): 'whale call spectrogram primary shot' -> cache/video/scene_4_b3_s0.mp4
-> Cache MISS: 'whale call spectrogram primary shot' — calling Pexels API
-> Wikimedia image info rate limited, retry 1 in 3s...
  Candidate 1: id=11279748 1920x1080 dur=7s score=0.850 ← SELECTED
  Candidate 2: id=4326984 4096x2160 dur=7s score=0.850
  Candidate 3: id=19460372 3840x2160 dur=9s score=0.750
  Candidate 4: id=8906187 1920x1080 dur=25s score=0.600
  Candidate 5: id=12306692 3840x2160 dur=18s score=0.600
  Candidate 6: id=27941813 3840x2160 dur=31s score=0.400
  Candidate 7: id=27941815 3840x2160 dur=82s score=0.400
  Candidate 8: id=29054057 1920x1080 dur=12s score=0.400
  Candidate 9: id=4520420 1920x1012 dur=3s score=0.000
  Candidate 10: id=4520422 1920x1012 dur=3s score=0.000
-> Router: provider 'pexels' error: name '_pick_best_variant_link' is not defined
-> AssetLibrary EVICT (below 1920x1080 floor): 'whale call spectrogram primary shot' -> cache/video/scene_4_b3_s0.mp4
-> Pixabay Cache MISS: 'whale call spectrogram primary shot' — calling Pixabay API
-> Wikimedia image info rate limited, retry 1 in 3s...
  Pixabay Candidate 1: id=244188 3840x2160 dur=8s score=0.800 ← SELECTED
  Pixabay Candidate 2: id=86866 1920x1080 dur=10s score=0.700
  Pixabay Candidate 3: id=18390 3840x2160 dur=11s score=0.650
  Pixabay Candidate 4: id=133686 1920x1080 dur=16s score=0.600
  Pixabay Candidate 5: id=117702 1920x1080 dur=20s score=0.600
  Pixabay Candidate 6: id=204420 3840x2160 dur=15s score=0.600
  Pixabay Candidate 7: id=7093 1920x1080 dur=30s score=0.600
  Pixabay Candidate 8: id=33592 1920x1080 dur=20s score=0.600
  Pixabay Candidate 9: id=204421 3840x2160 dur=22s score=0.600
  Pixabay Candidate 10: id=88244 3840x2160 dur=13s score=0.600
-> Router: provider 'pixabay' error: name '_pick_best_variant_link' is not defined
-> AssetLibrary EVICT (below 1920x1080 floor): 'whale call spectrogram primary shot' -> cache/video/scene_4_b3_s0.mp4
-> Wikimedia Cache MISS: 'whale call spectrogram primary shot' — calling Wikimedia API
-> Wikimedia API rate limited, retry 1 in 3s...
-> Wikimedia image info rate limited, retry 2 in 6s...
-> Wikimedia image info rate limited, retry 2 in 6s...
-> Wikimedia API rate limited, retry 2 in 6s...
-> Wikimedia image info rate limited, retry 3 in 9s...
-> Wikimedia image info rate limited, retry 3 in 9s...
-> Wikimedia API rate limited, retry 3 in 9s...
-> Wikimedia image info request failed: Expecting value: line 1 column 1 (char 0)
-> Router: all providers exhausted for 'deep ocean abyss' — returning empty
-> AssetLibrary EVICT (below 1920x1080 floor): 'the 52-hertz whale: the loneliest voice in the ocean documentary stock footage' -> cache/video/scene_3_b0_s0.mp4
-> Cache HIT: 'The 52-Hertz Whale: the loneliest voice in the ocean documentary stock footage' → cache/video/scene_5_b0_s0.mp4
-> Router selected: 'pexels' for query 'The 52-Hertz Whale: the loneliest voice in the ocean documentary stock footage'
-> Wikimedia image info request failed: Expecting value: line 1 column 1 (char 0)
-> Router: all providers exhausted for 'ocean waves time-lapse primary shot' — returning empty
-> AssetLibrary REUSE: 'whale swimming deep' similar to 'whale swimming deep' -> cache/video/scene_5_b4_s0.mp4
-> Router selected: 'pexels' for query 'whale swimming deep'
-> AssetLibrary REUSE: 'hydrophone underwater recording primary shot' similar to 'ocean hydrophone underwater primary shot' -> cache/video/scene_3_b1_s0.mp4
-> Router selected: 'pexels' for query 'hydrophone underwater recording primary shot'
-> Already on disk: cache/video/scene_3_b1_s0.mp4
    [BeatDirector] Shot accepted: primary shot for beat 1 (provider=pexels)
-> Already on disk: cache/video/scene_4_b1_s0.mp4
    [BeatDirector] Shot accepted: primary shot for beat 1 (provider=pexels)
-> Cache MISS: 'whale sonar waves primary shot' — calling Pexels API
-> AssetLibrary REUSE: 'whale tail breach primary shot' similar to 'whale tail splash primary shot' -> cache/video/scene_1_b2_s0.mp4
-> Router selected: 'pexels' for query 'whale tail breach primary shot'
-> Wikimedia API request failed: Expecting value: line 1 column 1 (char 0)
-> Router: all providers exhausted for 'whale call spectrogram primary shot' — returning empty
-> AssetLibrary EVICT (below 1920x1080 floor): 'blue whale swimming deep' -> cache/video/scene_1_b0_s0.mp4
-> Cache MISS: 'blue whale swimming deep' — calling Pexels API
  Candidate 1: id=19460372 3840x2160 dur=9s score=0.750 ← SELECTED
  Candidate 2: id=15546563 3840x2160 dur=50s score=0.600
  Candidate 3: id=10377082 1920x1080 dur=37s score=0.600
  Candidate 4: id=10377084 1920x1080 dur=29s score=0.600
  Candidate 5: id=8906187 1920x1080 dur=25s score=0.600
  Candidate 6: id=20601591 3840x2160 dur=16s score=0.600
  Candidate 7: id=6510690 1920x1080 dur=15s score=0.600
  Candidate 8: id=10377449 1920x1080 dur=29s score=0.600
  Candidate 9: id=26245637 3840x2160 dur=16s score=0.400
  Candidate 10: id=28097887 3840x2160 dur=57s score=0.400
-> Router: provider 'pexels' error: name '_pick_best_variant_link' is not defined
-> AssetLibrary EVICT (below 1920x1080 floor): 'blue whale swimming deep' -> cache/video/scene_1_b0_s0.mp4
-> Pixabay Cache MISS: 'blue whale swimming deep' — calling Pixabay API
-> Already on disk: cache/video/scene_3_b2_s0.mp4
    [BeatDirector] Shot accepted: primary shot for beat 2 (provider=pexels)
-> AssetLibrary EVICT (below 1920x1080 floor): 'pacific ocean horizon primary shot' -> cache/video/scene_4_b4_s0.mp4
-> Cache MISS: 'Pacific Ocean horizon primary shot' — calling Pexels API
  Candidate 1: id=11279748 1920x1080 dur=7s score=0.850 ← SELECTED
  Candidate 2: id=11521069 3840x2160 dur=7s score=0.850
  Candidate 3: id=14146687 3840x2160 dur=129s score=0.600
  Candidate 4: id=7102652 1920x1080 dur=28s score=0.600
  Candidate 5: id=12306692 3840x2160 dur=18s score=0.600
  Candidate 6: id=12306699 3840x2160 dur=18s score=0.600
  Candidate 7: id=27941815 3840x2160 dur=82s score=0.400
  Candidate 8: id=28097890 3840x2160 dur=90s score=0.400
  Candidate 9: id=27941813 3840x2160 dur=31s score=0.400
  Candidate 10: id=4520420 1920x1012 dur=3s score=0.000
-> Router: provider 'pexels' error: name '_pick_best_variant_link' is not defined
-> Pixabay Cache MISS: 'whale sonar waves primary shot' — calling Pixabay API
  Pixabay Candidate 1: id=275007 3840x2160 dur=6s score=0.900 ← SELECTED
  Pixabay Candidate 2: id=117702 1920x1080 dur=20s score=0.600
  Pixabay Candidate 3: id=37712 1920x1080 dur=27s score=0.600
  Pixabay Candidate 4: id=26572 1920x1080 dur=20s score=0.600
  Pixabay Candidate 5: id=10480 1920x1080 dur=112s score=0.600
  Pixabay Candidate 6: id=312 1920x1080 dur=35s score=0.600
  Pixabay Candidate 7: id=10835 1920x1080 dur=12s score=0.600
  Pixabay Candidate 8: id=304019 1920x1080 dur=16s score=0.600
  Pixabay Candidate 9: id=1287 2560x1440 dur=23s score=0.600
  Pixabay Candidate 10: id=39393 3840x2160 dur=56s score=0.600
-> Router: provider 'pixabay' error: name '_pick_best_variant_link' is not defined
  Candidate 1: id=4565439 3840x2160 dur=8s score=0.667 ← SELECTED
  Candidate 2: id=8408607 1920x1080 dur=21s score=0.600
  Candidate 3: id=5192708 3840x2160 dur=15s score=0.600
  Candidate 4: id=14274844 3840x2160 dur=15s score=0.600
  Candidate 5: id=12549331 3840x2160 dur=16s score=0.600
  Candidate 6: id=7550206 3840x2160 dur=10s score=0.600
  Candidate 7: id=18700834 3840x2160 dur=49s score=0.600
  Candidate 8: id=31011168 3840x2160 dur=15s score=0.400
  Candidate 9: id=37714200 1920x1080 dur=18s score=0.400
  Candidate 10: id=34780895 3840x2160 dur=107s score=0.400
-> Router: provider 'pexels' error: name '_pick_best_variant_link' is not defined
-> AssetLibrary EVICT (below 1920x1080 floor): 'pacific ocean horizon primary shot' -> cache/video/scene_4_b4_s0.mp4
-> Pixabay Cache MISS: 'Pacific Ocean horizon primary shot' — calling Pixabay API
-> AssetLibrary diversity: penalty=0.15 for 'blue whale swimming deep' — skipping reuse
-> Wikimedia Cache MISS: 'blue whale swimming deep' — calling Wikimedia API
  Pixabay Candidate 1: id=244188 3840x2160 dur=8s score=0.800 ← SELECTED
  Pixabay Candidate 2: id=2420 1920x1080 dur=10s score=0.700
  Pixabay Candidate 3: id=18390 3840x2160 dur=11s score=0.650
  Pixabay Candidate 4: id=117702 1920x1080 dur=20s score=0.600
  Pixabay Candidate 5: id=263305 3840x2160 dur=43s score=0.600
  Pixabay Candidate 6: id=19368 3840x2160 dur=46s score=0.600
  Pixabay Candidate 7: id=283533 1920x1080 dur=40s score=0.600
  Pixabay Candidate 8: id=4006 1920x1080 dur=40s score=0.600
  Pixabay Candidate 9: id=304019 1920x1080 dur=16s score=0.600
  Pixabay Candidate 10: id=11168 1920x1080 dur=13s score=0.600
-> Router: provider 'pixabay' error: name '_pick_best_variant_link' is not defined
-> Wikimedia Cache MISS: 'whale sonar waves primary shot' — calling Wikimedia API
-> Wikimedia API rate limited, retry 1 in 3s...
  Pixabay Candidate 1: id=217115 3840x2160 dur=39s score=0.600 ← SELECTED
  Pixabay Candidate 2: id=24216 1920x1080 dur=31s score=0.600
  Pixabay Candidate 3: id=21528 1920x1080 dur=30s score=0.600
  Pixabay Candidate 4: id=21175 3840x2160 dur=13s score=0.600
  Pixabay Candidate 5: id=201415 3840x2160 dur=9s score=0.600
  Pixabay Candidate 6: id=223459 3840x2160 dur=25s score=0.600
  Pixabay Candidate 7: id=306155 1920x1080 dur=12s score=0.600
  Pixabay Candidate 8: id=286278 1920x1080 dur=30s score=0.600
  Pixabay Candidate 9: id=206272 3840x2160 dur=35s score=0.600
  Pixabay Candidate 10: id=74888 3840x2160 dur=36s score=0.600
-> Router: provider 'pixabay' error: name '_pick_best_variant_link' is not defined
-> AssetLibrary EVICT (below 1920x1080 floor): 'pacific ocean horizon primary shot' -> cache/video/scene_4_b4_s0.mp4
-> Wikimedia Cache MISS: 'Pacific Ocean horizon primary shot' — calling Wikimedia API
-> Wikimedia API rate limited, retry 1 in 3s...
-> Wikimedia API rate limited, retry 1 in 3s...
-> Wikimedia API rate limited, retry 2 in 6s...
-> Wikimedia API rate limited, retry 2 in 6s...
-> Wikimedia API rate limited, retry 2 in 6s...
-> Wikimedia API rate limited, retry 3 in 9s...
-> Wikimedia API rate limited, retry 3 in 9s...
-> Wikimedia API rate limited, retry 3 in 9s...
-> Wikimedia API request failed: Expecting value: line 1 column 1 (char 0)
-> Router: all providers exhausted for 'blue whale swimming deep' — returning empty
-> AssetLibrary EVICT (below 1920x1080 floor): 'the 52-hertz whale: the loneliest voice in the ocean documentary stock footage' -> cache/video/scene_3_b0_s0.mp4
-> Cache HIT: 'The 52-Hertz Whale: the loneliest voice in the ocean documentary stock footage' → cache/video/scene_5_b0_s0.mp4
-> Router selected: 'pexels' for query 'The 52-Hertz Whale: the loneliest voice in the ocean documentary stock footage'
-> Wikimedia API request failed: Expecting value: line 1 column 1 (char 0)
-> Router: all providers exhausted for 'whale sonar waves primary shot' — returning empty
-> AssetLibrary EVICT (below 1920x1080 floor): 'deep ocean abyss primary shot' -> cache/video/scene_7_b1_s0.mp4
-> Cache MISS: 'deep ocean abyss' — calling Pexels API
-> Cache MISS: 'ship sonar scanning primary shot' — calling Pexels API
-> Wikimedia API request failed: Expecting value: line 1 column 1 (char 0)
-> Router: all providers exhausted for 'Pacific Ocean horizon primary shot' — returning empty
  Candidate 1: id=36046560 3840x2160 dur=7s score=0.650 ← SELECTED
  Candidate 2: id=34448740 3840x2160 dur=8s score=0.600
  Candidate 3: id=35832901 3840x2160 dur=8s score=0.600
  Candidate 4: id=6430500 3840x2160 dur=21s score=0.600
  Candidate 5: id=35898119 1920x1080 dur=8s score=0.600
  Candidate 6: id=38579846 1920x1080 dur=8s score=0.600
  Candidate 7: id=34385301 1920x1080 dur=10s score=0.500
  Candidate 8: id=34095975 3840x2160 dur=12s score=0.400
  Candidate 9: id=29475225 3840x2160 dur=19s score=0.400
  Candidate 10: id=33630945 3840x2160 dur=12s score=0.400
-> Router: provider 'pexels' error: name '_pick_best_variant_link' is not defined
-> AssetLibrary diversity: penalty=0.30 for 'whale swimming deep' — skipping reuse
-> AssetLibrary EVICT (below 1920x1080 floor): 'deep ocean abyss primary shot' -> cache/video/scene_7_b1_s0.mp4
-> Pixabay Cache MISS: 'deep ocean abyss' — calling Pixabay API
-> Cache HIT: 'whale swimming deep' → cache/video/scene_5_b3_s0.mp4
-> Router selected: 'pexels' for query 'whale swimming deep'
  Candidate 1: id=10419398 1920x1080 dur=7s score=0.850 ← SELECTED
  Candidate 2: id=26728856 1920x1080 dur=8s score=0.600
  Candidate 3: id=19942665 3840x2160 dur=20s score=0.600
  Candidate 4: id=20528877 3840x2160 dur=62s score=0.600
  Candidate 5: id=2942803 3840x2160 dur=53s score=0.600
  Candidate 6: id=19264828 3840x2160 dur=14s score=0.600
  Candidate 7: id=9357808 2720x1530 dur=25s score=0.600
  Candidate 8: id=6979845 4096x2160 dur=15s score=0.600
  Candidate 9: id=35200489 3840x2160 dur=10s score=0.500
  Candidate 10: id=30900349 3840x2160 dur=18s score=0.400
-> Router: provider 'pexels' error: name '_pick_best_variant_link' is not defined
-> Pixabay Cache MISS: 'ship sonar scanning primary shot' — calling Pixabay API
  Pixabay Candidate 1: id=341704 1920x1080 dur=5s score=0.950 ← SELECTED
  Pixabay Candidate 2: id=13823 1920x1080 dur=8s score=0.800
  Pixabay Candidate 3: id=43275 3840x2160 dur=10s score=0.700
  Pixabay Candidate 4: id=37712 1920x1080 dur=27s score=0.600
  Pixabay Candidate 5: id=304019 1920x1080 dur=16s score=0.600
  Pixabay Candidate 6: id=85674 1920x1080 dur=48s score=0.600
  Pixabay Candidate 7: id=31611 1920x1080 dur=55s score=0.600
  Pixabay Candidate 8: id=26572 1920x1080 dur=20s score=0.600
  Pixabay Candidate 9: id=312 1920x1080 dur=35s score=0.600
  Pixabay Candidate 10: id=204165 3840x2160 dur=36s score=0.600
-> Router: provider 'pixabay' error: name '_pick_best_variant_link' is not defined
-> AssetLibrary EVICT (below 1920x1080 floor): 'the 52-hertz whale: the loneliest voice in the ocean documentary stock footage' -> cache/video/scene_3_b0_s0.mp4
-> AssetLibrary EVICT (below 1920x1080 floor): 'deep ocean abyss primary shot' -> cache/video/scene_7_b1_s0.mp4
-> Wikimedia Cache MISS: 'deep ocean abyss' — calling Wikimedia API
-> Cache HIT: 'The 52-Hertz Whale: the loneliest voice in the ocean documentary stock footage' → cache/video/scene_5_b0_s0.mp4
-> Router selected: 'pexels' for query 'The 52-Hertz Whale: the loneliest voice in the ocean documentary stock footage'
  Pixabay Candidate 1: id=2420 1920x1080 dur=10s score=0.700 ← SELECTED
  Pixabay Candidate 2: id=117804 1920x1080 dur=10s score=0.700
  Pixabay Candidate 3: id=18390 3840x2160 dur=11s score=0.650
  Pixabay Candidate 4: id=3713 1920x1080 dur=20s score=0.600
  Pixabay Candidate 5: id=10715 1920x1080 dur=58s score=0.600
  Pixabay Candidate 6: id=140730 1920x1080 dur=15s score=0.600
  Pixabay Candidate 7: id=2849 1920x1080 dur=76s score=0.600
  Pixabay Candidate 8: id=23544 3840x2160 dur=32s score=0.600
  Pixabay Candidate 9: id=110247 3840x2160 dur=12s score=0.600
  Pixabay Candidate 10: id=33014 3840x2160 dur=18s score=0.600
-> Router: provider 'pixabay' error: name '_pick_best_variant_link' is not defined
-> Wikimedia Cache MISS: 'ship sonar scanning primary shot' — calling Wikimedia API
-> Wikimedia API rate limited, retry 1 in 3s...
-> Wikimedia API rate limited, retry 1 in 3s...
-> Wikimedia API rate limited, retry 2 in 6s...
-> Wikimedia API rate limited, retry 2 in 6s...

  [BeatDirector] Planning beats for scene 5...
  [BeatDirector] Concept terms (10): ['whale swimming deep', 'ocean sonar waves', 'underwater sound waves', 'blue whale dorsal']...
  [BeatDirector] 4 beats, 4 shots
-> AssetLibrary REUSE: 'whale swimming deep primary shot' similar to 'whale swimming deep primary shot' -> cache/video/scene_0_b0_s0.mp4
-> Router selected: 'pexels' for query 'whale swimming deep primary shot'
-> AssetLibrary diversity: penalty=0.15 for 'whale swimming deep' — skipping reuse
-> Cache HIT: 'whale swimming deep' → cache/video/scene_5_b3_s0.mp4
-> Router selected: 'pexels' for query 'whale swimming deep'
-> AssetLibrary EVICT (below 1920x1080 floor): 'the 52-hertz whale: the loneliest voice in the ocean documentary stock footage' -> cache/video/scene_3_b0_s0.mp4
-> Cache HIT: 'The 52-Hertz Whale: the loneliest voice in the ocean documentary stock footage' → cache/video/scene_5_b0_s0.mp4
-> Router selected: 'pexels' for query 'The 52-Hertz Whale: the loneliest voice in the ocean documentary stock footage'
-> AssetLibrary REUSE: 'ocean sonar waves primary shot' similar to 'ocean waves dark primary shot' -> cache/video/scene_9_b1_s0.mp4
-> Router selected: 'pexels' for query 'ocean sonar waves primary shot'
-> AssetLibrary diversity: penalty=0.15 for 'whale swimming deep' — skipping reuse
-> Cache HIT: 'whale swimming deep' → cache/video/scene_5_b3_s0.mp4
-> Router selected: 'pexels' for query 'whale swimming deep'
-> AssetLibrary EVICT (below 1920x1080 floor): 'the 52-hertz whale: the loneliest voice in the ocean documentary stock footage' -> cache/video/scene_3_b0_s0.mp4
-> Cache HIT: 'The 52-Hertz Whale: the loneliest voice in the ocean documentary stock footage' → cache/video/scene_5_b0_s0.mp4
-> Router selected: 'pexels' for query 'The 52-Hertz Whale: the loneliest voice in the ocean documentary stock footage'
  Wikimedia Candidate 1: id=4076471 2200x1650
  Wikimedia Candidate 2: id=10312366 500x12000
  Wikimedia Candidate 3: id=44207074 3136x2104
  Wikimedia Candidate 4: id=74267842 2832x2834
  Wikimedia Candidate 5: id=79452699 3546x2338
-> Router selected: 'wikimedia' for query 'deep ocean abyss'
-> Cache MISS: 'underwater sound waves primary shot' — calling Pexels API
  Candidate 1: id=854344 1920x1080 dur=7s score=0.850 ← SELECTED
  Candidate 2: id=7293893 1920x1080 dur=11s score=0.650
  Candidate 3: id=5251673 1920x1080 dur=35s score=0.600
  Candidate 4: id=2915051 3840x2160 dur=60s score=0.600
  Candidate 5: id=7318087 1920x1080 dur=17s score=0.600
  Candidate 6: id=4863640 3840x2160 dur=14s score=0.600
  Candidate 7: id=4317415 3840x2160 dur=19s score=0.600
  Candidate 8: id=5968015 1920x1080 dur=13s score=0.600
  Candidate 9: id=6824938 3840x2160 dur=13s score=0.600
  Candidate 10: id=32213508 1920x1080 dur=9s score=0.550
-> Router: provider 'pexels' error: name '_pick_best_variant_link' is not defined
-> Pixabay Cache MISS: 'underwater sound waves primary shot' — calling Pixabay API
-> AssetLibrary EVICT (below 1920x1080 floor): 'the 52-hertz whale: the loneliest voice in the ocean documentary stock footage' -> cache/video/scene_3_b0_s0.mp4
  Wikimedia Candidate 1: id=91978280 1160x1550
  Wikimedia Candidate 2: id=92215480 1275x1650
  Wikimedia Candidate 3: id=92249151 1275x1650
  Wikimedia Candidate 4: id=92492124 1275x1650
  Wikimedia Candidate 5: id=92492222 1275x1650
-> Router selected: 'wikimedia' for query 'ship sonar scanning primary shot'
-> Cache HIT: 'The 52-Hertz Whale: the loneliest voice in the ocean documentary stock footage' → cache/video/scene_5_b0_s0.mp4
-> Router selected: 'pexels' for query 'The 52-Hertz Whale: the loneliest voice in the ocean documentary stock footage'
  Pixabay Candidate 1: id=24265 1920x1080 dur=6s score=0.900 ← SELECTED
  Pixabay Candidate 2: id=213511 1920x1080 dur=9s score=0.750
  Pixabay Candidate 3: id=67358 3840x2160 dur=59s score=0.600
  Pixabay Candidate 4: id=58193 3840x2160 dur=43s score=0.600
  Pixabay Candidate 5: id=30902 1920x1080 dur=24s score=0.600
  Pixabay Candidate 6: id=37712 1920x1080 dur=27s score=0.600
  Pixabay Candidate 7: id=110734 3840x2160 dur=14s score=0.600
  Pixabay Candidate 8: id=161880 1920x1080 dur=27s score=0.600
  Pixabay Candidate 9: id=26818 3840x2160 dur=16s score=0.600
  Pixabay Candidate 10: id=110879 1920x1080 dur=20s score=0.600
-> Router: provider 'pixabay' error: name '_pick_best_variant_link' is not defined
-> Wikimedia Cache MISS: 'underwater sound waves primary shot' — calling Wikimedia API
-> AssetLibrary REUSE: 'blue whale swimming deep' similar to 'blue whale swimming deep' -> cache/video/scene_3_b2_s0.mp4
-> Router selected: 'pexels' for query 'blue whale swimming deep'
-> AssetLibrary EVICT (below 1920x1080 floor): 'navy submarine tracking primary shot' -> cache/video/scene_2_b2_s0.mp4
-> Cache MISS: 'submarine tracking arrays primary shot' — calling Pexels API
-> AssetLibrary EVICT (below 1920x1080 floor): 'the 52-hertz whale: the loneliest voice in the ocean documentary stock footage' -> cache/video/scene_3_b0_s0.mp4
  Candidate 1: id=19996657 3840x2160 dur=9s score=0.750 ← SELECTED
  Candidate 2: id=37812292 3840x2160 dur=7s score=0.650
  Candidate 3: id=6430504 3840x2160 dur=27s score=0.600
  Candidate 4: id=13238808 3840x2160 dur=17s score=0.600
  Candidate 5: id=12883192 3840x2160 dur=13s score=0.600
  Candidate 6: id=2837541 1920x1080 dur=13s score=0.600
  Candidate 7: id=6749508 1920x1080 dur=33s score=0.600
  Candidate 8: id=33028274 1920x1080 dur=14s score=0.400
  Candidate 9: id=36005246 1920x1080 dur=22s score=0.400
  Candidate 10: id=29820144 1920x1080 dur=20s score=0.400
-> Router: provider 'pexels' error: name '_pick_best_variant_link' is not defined
-> Cache HIT: 'The 52-Hertz Whale: the loneliest voice in the ocean documentary stock footage' → cache/video/scene_5_b0_s0.mp4
-> Router selected: 'pexels' for query 'The 52-Hertz Whale: the loneliest voice in the ocean documentary stock footage'
-> AssetLibrary EVICT (below 1920x1080 floor): 'navy submarine tracking primary shot' -> cache/video/scene_2_b2_s0.mp4
-> Pixabay Cache MISS: 'submarine tracking arrays primary shot' — calling Pixabay API
  Pixabay Candidate 1: id=3262 1920x1080 dur=6s score=0.900 ← SELECTED
  Pixabay Candidate 2: id=3260 1920x1080 dur=8s score=0.800
  Pixabay Candidate 3: id=39999 1920x1080 dur=10s score=0.700
  Pixabay Candidate 4: id=40000 1920x1080 dur=10s score=0.700
  Pixabay Candidate 5: id=18390 3840x2160 dur=11s score=0.650
  Pixabay Candidate 6: id=39990 1920x1080 dur=12s score=0.600
  Pixabay Candidate 7: id=40004 1920x1080 dur=18s score=0.600
  Pixabay Candidate 8: id=40006 1920x1080 dur=16s score=0.600
  Pixabay Candidate 9: id=186958 1920x1080 dur=46s score=0.600
  Pixabay Candidate 10: id=287114 3840x2160 dur=16s score=0.600
-> Router: provider 'pixabay' error: name '_pick_best_variant_link' is not defined
  Wikimedia Candidate 1: id=91797434 1433x1868
  Wikimedia Candidate 2: id=92035149 1193x1589
  Wikimedia Candidate 3: id=92060338 1172x1562
  Wikimedia Candidate 4: id=92508877 1275x1650
  Wikimedia Candidate 5: id=92541751 1275x1650
-> Router selected: 'wikimedia' for query 'underwater sound waves primary shot'
-> AssetLibrary EVICT (below 1920x1080 floor): 'navy submarine tracking primary shot' -> cache/video/scene_2_b2_s0.mp4
-> Wikimedia Cache MISS: 'submarine tracking arrays primary shot' — calling Wikimedia API
-> AssetLibrary diversity: penalty=0.15 for 'whale swimming deep' — skipping reuse
-> Cache HIT: 'whale swimming deep' → cache/video/scene_5_b3_s0.mp4
-> Router selected: 'pexels' for query 'whale swimming deep'
-> AssetLibrary EVICT (below 1920x1080 floor): 'the 52-hertz whale: the loneliest voice in the ocean documentary stock footage' -> cache/video/scene_3_b0_s0.mp4
-> Cache HIT: 'The 52-Hertz Whale: the loneliest voice in the ocean documentary stock footage' → cache/video/scene_5_b0_s0.mp4
-> Router selected: 'pexels' for query 'The 52-Hertz Whale: the loneliest voice in the ocean documentary stock footage'
  Wikimedia Candidate 1: id=91564691 1241x1681
  Wikimedia Candidate 2: id=91643638 1275x1650
  Wikimedia Candidate 3: id=92215480 1275x1650
  Wikimedia Candidate 4: id=92222163 1175x1635
  Wikimedia Candidate 5: id=92225113 1214x1620
-> Router selected: 'wikimedia' for query 'submarine tracking arrays primary shot'
-> AssetLibrary EVICT (below 1920x1080 floor): 'blue whale swimming primary shot' -> cache/video/scene_4_b0_s0.mp4
-> Cache MISS: 'blue whale dorsal primary shot' — calling Pexels API
-> AssetLibrary EVICT (below 1920x1080 floor): 'deep ocean abyss primary shot' -> cache/video/scene_7_b1_s0.mp4
-> Cache MISS: 'deep ocean abyss' — calling Pexels API
  Candidate 1: id=4326984 4096x2160 dur=7s score=0.733 ← SELECTED
  Candidate 2: id=4571364 4096x2160 dur=7s score=0.733
  Candidate 3: id=11279748 1920x1080 dur=7s score=0.733
  Candidate 4: id=4332084 4096x2160 dur=20s score=0.600
  Candidate 5: id=8906187 1920x1080 dur=25s score=0.600
  Candidate 6: id=7102652 1920x1080 dur=28s score=0.600
  Candidate 7: id=31873891 3840x2160 dur=14s score=0.400
  Candidate 8: id=27941813 3840x2160 dur=31s score=0.400
  Candidate 9: id=27941815 3840x2160 dur=82s score=0.400
  Candidate 10: id=28097890 3840x2160 dur=90s score=0.400
-> Router: provider 'pexels' error: name '_pick_best_variant_link' is not defined
  Candidate 1: id=36046560 3840x2160 dur=7s score=0.650 ← SELECTED
  Candidate 2: id=34448740 3840x2160 dur=8s score=0.600
  Candidate 3: id=35832901 3840x2160 dur=8s score=0.600
  Candidate 4: id=6430500 3840x2160 dur=21s score=0.600
  Candidate 5: id=35898119 1920x1080 dur=8s score=0.600
  Candidate 6: id=38579846 1920x1080 dur=8s score=0.600
  Candidate 7: id=34385301 1920x1080 dur=10s score=0.500
  Candidate 8: id=34095975 3840x2160 dur=12s score=0.400
  Candidate 9: id=29475225 3840x2160 dur=19s score=0.400
  Candidate 10: id=33630945 3840x2160 dur=12s score=0.400
-> Router: provider 'pexels' error: name '_pick_best_variant_link' is not defined
-> AssetLibrary EVICT (below 1920x1080 floor): 'blue whale swimming primary shot' -> cache/video/scene_4_b0_s0.mp4
-> Pixabay Cache MISS: 'blue whale dorsal primary shot' — calling Pixabay API
-> AssetLibrary EVICT (below 1920x1080 floor): 'deep ocean abyss primary shot' -> cache/video/scene_7_b1_s0.mp4
-> Pixabay Cache MISS: 'deep ocean abyss' — calling Pixabay API
  Pixabay Candidate 1: id=244188 3840x2160 dur=8s score=0.667 ← SELECTED
  Pixabay Candidate 2: id=117702 1920x1080 dur=20s score=0.600
  Pixabay Candidate 3: id=18390 3840x2160 dur=11s score=0.600
  Pixabay Candidate 4: id=293788 3840x2160 dur=13s score=0.600
  Pixabay Candidate 5: id=13441 3840x2160 dur=27s score=0.600
  Pixabay Candidate 6: id=7093 1920x1080 dur=30s score=0.600
  Pixabay Candidate 7: id=33592 1920x1080 dur=20s score=0.600
  Pixabay Candidate 8: id=2142 1920x1080 dur=36s score=0.600
  Pixabay Candidate 9: id=245388 3840x2160 dur=59s score=0.600
  Pixabay Candidate 10: id=33594 1920x1080 dur=20s score=0.600
-> Router: provider 'pixabay' error: name '_pick_best_variant_link' is not defined
  Pixabay Candidate 1: id=341704 1920x1080 dur=5s score=0.950 ← SELECTED
  Pixabay Candidate 2: id=13823 1920x1080 dur=8s score=0.800
  Pixabay Candidate 3: id=43275 3840x2160 dur=10s score=0.700
  Pixabay Candidate 4: id=37712 1920x1080 dur=27s score=0.600
  Pixabay Candidate 5: id=304019 1920x1080 dur=16s score=0.600
  Pixabay Candidate 6: id=85674 1920x1080 dur=48s score=0.600
  Pixabay Candidate 7: id=31611 1920x1080 dur=55s score=0.600
  Pixabay Candidate 8: id=26572 1920x1080 dur=20s score=0.600
  Pixabay Candidate 9: id=312 1920x1080 dur=35s score=0.600
  Pixabay Candidate 10: id=204165 3840x2160 dur=36s score=0.600
-> Router: provider 'pixabay' error: name '_pick_best_variant_link' is not defined
-> AssetLibrary EVICT (below 1920x1080 floor): 'deep ocean abyss primary shot' -> cache/video/scene_7_b1_s0.mp4
-> Wikimedia Cache MISS: 'deep ocean abyss' — calling Wikimedia API
-> AssetLibrary EVICT (below 1920x1080 floor): 'blue whale swimming primary shot' -> cache/video/scene_4_b0_s0.mp4
-> Wikimedia Cache MISS: 'blue whale dorsal primary shot' — calling Wikimedia API
-> Wikimedia API rate limited, retry 1 in 3s...
-> Wikimedia image info rate limited, retry 1 in 3s...
-> Wikimedia API rate limited, retry 2 in 6s...
-> Wikimedia image info rate limited, retry 2 in 6s...
-> Wikimedia API rate limited, retry 3 in 9s...
-> Wikimedia image info rate limited, retry 3 in 9s...
-> Wikimedia API request failed: Expecting value: line 1 column 1 (char 0)
-> Router: all providers exhausted for 'deep ocean abyss' — returning empty
-> AssetLibrary EVICT (below 1920x1080 floor): 'the 52-hertz whale: the loneliest voice in the ocean documentary stock footage' -> cache/video/scene_3_b0_s0.mp4
-> Cache HIT: 'The 52-Hertz Whale: the loneliest voice in the ocean documentary stock footage' → cache/video/scene_5_b0_s0.mp4
-> Router selected: 'pexels' for query 'The 52-Hertz Whale: the loneliest voice in the ocean documentary stock footage'
-> Cache MISS: 'nuclear test station primary shot' — calling Pexels API
-> Wikimedia image info request failed: Expecting value: line 1 column 1 (char 0)
-> Router: all providers exhausted for 'blue whale dorsal primary shot' — returning empty
-> AssetLibrary diversity: penalty=0.15 for 'whale swimming deep' — skipping reuse
-> Cache HIT: 'whale swimming deep' → cache/video/scene_5_b3_s0.mp4
-> Router selected: 'pexels' for query 'whale swimming deep'
  Candidate 1: id=6216703 2720x1530 dur=15s score=0.600 ← SELECTED
  Candidate 2: id=6468638 3840x2160 dur=13s score=0.600
  Candidate 3: id=6498491 3840x2160 dur=23s score=0.600
  Candidate 4: id=6468631 3840x2160 dur=19s score=0.600
  Candidate 5: id=6534417 3840x2160 dur=14s score=0.600
  Candidate 6: id=4188235 3840x2160 dur=26s score=0.600
  Candidate 7: id=6534501 3840x2160 dur=18s score=0.600
  Candidate 8: id=6216702 2720x1530 dur=12s score=0.600
  Candidate 9: id=6216827 2720x1530 dur=29s score=0.600
  Candidate 10: id=34461214 2048x1080 dur=16s score=0.400
-> Router: provider 'pexels' error: name '_pick_best_variant_link' is not defined
-> Pixabay Cache MISS: 'nuclear test station primary shot' — calling Pixabay API
-> AssetLibrary EVICT (below 1920x1080 floor): 'the 52-hertz whale: the loneliest voice in the ocean documentary stock footage' -> cache/video/scene_3_b0_s0.mp4
-> Cache HIT: 'The 52-Hertz Whale: the loneliest voice in the ocean documentary stock footage' → cache/video/scene_5_b0_s0.mp4
-> Router selected: 'pexels' for query 'The 52-Hertz Whale: the loneliest voice in the ocean documentary stock footage'
  Pixabay Candidate 1: id=127603 3840x2160 dur=5s score=0.950 ← SELECTED
  Pixabay Candidate 2: id=127602 3840x2160 dur=5s score=0.950
  Pixabay Candidate 3: id=137273 3840x2160 dur=6s score=0.900
  Pixabay Candidate 4: id=139030 3840x2160 dur=7s score=0.850
  Pixabay Candidate 5: id=137271 3840x2160 dur=10s score=0.700
  Pixabay Candidate 6: id=138114 3840x2160 dur=11s score=0.650
  Pixabay Candidate 7: id=18390 3840x2160 dur=11s score=0.650
  Pixabay Candidate 8: id=8579 1920x1080 dur=14s score=0.600
  Pixabay Candidate 9: id=138115 3840x2160 dur=16s score=0.600
  Pixabay Candidate 10: id=197489 3840x2160 dur=28s score=0.600
-> Router: provider 'pixabay' error: name '_pick_best_variant_link' is not defined
-> Wikimedia Cache MISS: 'nuclear test station primary shot' — calling Wikimedia API
-> Wikimedia API rate limited, retry 1 in 3s...
-> Wikimedia API rate limited, retry 2 in 6s...

  [BeatDirector] Planning beats for scene 6...
  [BeatDirector] Concept terms (10): ['whale breaching ocean', 'deep sea hydrophone recording', 'blue whale dorsal fin', 'ocean wave time-lapse']...
  [BeatDirector] 5 beats, 5 shots
-> Cache MISS: 'whale breaching ocean primary shot' — calling Pexels API
  Candidate 1: id=11279748 1920x1080 dur=7s score=0.850 ← SELECTED
  Candidate 2: id=4571364 4096x2160 dur=7s score=0.850
  Candidate 3: id=18680289 1920x1080 dur=16s score=0.600
  Candidate 4: id=7102652 1920x1080 dur=28s score=0.600
  Candidate 5: id=8906187 1920x1080 dur=25s score=0.600
  Candidate 6: id=14146687 3840x2160 dur=129s score=0.600
  Candidate 7: id=27941813 3840x2160 dur=31s score=0.400
  Candidate 8: id=27941815 3840x2160 dur=82s score=0.400
  Candidate 9: id=28097890 3840x2160 dur=90s score=0.400
  Candidate 10: id=4520420 1920x1012 dur=3s score=0.000
-> Router: provider 'pexels' error: name '_pick_best_variant_link' is not defined
-> Pixabay Cache MISS: 'whale breaching ocean primary shot' — calling Pixabay API
  Pixabay Candidate 1: id=335486 1920x1080 dur=7s score=0.850 ← SELECTED
  Pixabay Candidate 2: id=244188 3840x2160 dur=8s score=0.800
  Pixabay Candidate 3: id=201415 3840x2160 dur=9s score=0.750
  Pixabay Candidate 4: id=18390 3840x2160 dur=11s score=0.650
  Pixabay Candidate 5: id=258191 1920x1080 dur=11s score=0.650
  Pixabay Candidate 6: id=117702 1920x1080 dur=20s score=0.600
  Pixabay Candidate 7: id=293788 3840x2160 dur=13s score=0.600
  Pixabay Candidate 8: id=158230 3840x2160 dur=24s score=0.600
  Pixabay Candidate 9: id=103302 3840x2160 dur=20s score=0.600
  Pixabay Candidate 10: id=102361 3840x2160 dur=14s score=0.600
-> Router: provider 'pixabay' error: name '_pick_best_variant_link' is not defined
-> Wikimedia Cache MISS: 'whale breaching ocean primary shot' — calling Wikimedia API
-> Wikimedia API rate limited, retry 1 in 3s...
-> Wikimedia API rate limited, retry 3 in 9s...
-> Wikimedia API rate limited, retry 2 in 6s...
-> Wikimedia API rate limited, retry 3 in 9s...
-> Wikimedia API request failed: Expecting value: line 1 column 1 (char 0)
-> Router: all providers exhausted for 'nuclear test station primary shot' — returning empty
-> AssetLibrary EVICT (below 1920x1080 floor): 'deep ocean abyss primary shot' -> cache/video/scene_7_b1_s0.mp4
-> Cache MISS: 'deep ocean abyss' — calling Pexels API
  Candidate 1: id=36046560 3840x2160 dur=7s score=0.650 ← SELECTED
  Candidate 2: id=34448740 3840x2160 dur=8s score=0.600
  Candidate 3: id=35832901 3840x2160 dur=8s score=0.600
  Candidate 4: id=6430500 3840x2160 dur=21s score=0.600
  Candidate 5: id=35898119 1920x1080 dur=8s score=0.600
  Candidate 6: id=38579846 1920x1080 dur=8s score=0.600
  Candidate 7: id=34385301 1920x1080 dur=10s score=0.500
  Candidate 8: id=34095975 3840x2160 dur=12s score=0.400
  Candidate 9: id=29475225 3840x2160 dur=19s score=0.400
  Candidate 10: id=33630945 3840x2160 dur=12s score=0.400
-> Router: provider 'pexels' error: name '_pick_best_variant_link' is not defined
-> AssetLibrary EVICT (below 1920x1080 floor): 'deep ocean abyss primary shot' -> cache/video/scene_7_b1_s0.mp4
-> Pixabay Cache MISS: 'deep ocean abyss' — calling Pixabay API

  [BeatDirector] Planning beats for scene 7...
  Pixabay Candidate 1: id=341704 1920x1080 dur=5s score=0.950 ← SELECTED
  Pixabay Candidate 2: id=13823 1920x1080 dur=8s score=0.800
  Pixabay Candidate 3: id=43275 3840x2160 dur=10s score=0.700
  Pixabay Candidate 4: id=37712 1920x1080 dur=27s score=0.600
  Pixabay Candidate 5: id=304019 1920x1080 dur=16s score=0.600
  Pixabay Candidate 6: id=85674 1920x1080 dur=48s score=0.600
  Pixabay Candidate 7: id=31611 1920x1080 dur=55s score=0.600
  Pixabay Candidate 8: id=26572 1920x1080 dur=20s score=0.600
  Pixabay Candidate 9: id=312 1920x1080 dur=35s score=0.600
  Pixabay Candidate 10: id=204165 3840x2160 dur=36s score=0.600
-> Router: provider 'pixabay' error: name '_pick_best_variant_link' is not defined
-> AssetLibrary EVICT (below 1920x1080 floor): 'deep ocean abyss primary shot' -> cache/video/scene_7_b1_s0.mp4
-> Wikimedia Cache MISS: 'deep ocean abyss' — calling Wikimedia API
-> Wikimedia API rate limited, retry 1 in 3s...
  [BeatDirector] Concept terms (10): ['whale swimming deep', 'ocean sonar waves', 'underwater sound waves', 'whale tail breach']...
  [BeatDirector] 4 beats, 4 shots
-> AssetLibrary REUSE: 'whale swimming deep primary shot' similar to 'whale swimming deep primary shot' -> cache/video/scene_0_b0_s0.mp4
-> Router selected: 'pexels' for query 'whale swimming deep primary shot'
-> AssetLibrary diversity: penalty=0.15 for 'whale swimming deep' — skipping reuse
-> Cache HIT: 'whale swimming deep' → cache/video/scene_5_b3_s0.mp4
-> Router selected: 'pexels' for query 'whale swimming deep'
-> AssetLibrary EVICT (below 1920x1080 floor): 'the 52-hertz whale: the loneliest voice in the ocean documentary stock footage' -> cache/video/scene_3_b0_s0.mp4
-> Cache HIT: 'The 52-Hertz Whale: the loneliest voice in the ocean documentary stock footage' → cache/video/scene_5_b0_s0.mp4
-> Router selected: 'pexels' for query 'The 52-Hertz Whale: the loneliest voice in the ocean documentary stock footage'
-> AssetLibrary REUSE: 'ocean sonar waves primary shot' similar to 'ocean waves dark primary shot' -> cache/video/scene_9_b1_s0.mp4
-> Router selected: 'pexels' for query 'ocean sonar waves primary shot'
-> AssetLibrary diversity: penalty=0.15 for 'whale swimming deep' — skipping reuse
-> Cache HIT: 'whale swimming deep' → cache/video/scene_5_b3_s0.mp4
-> Router selected: 'pexels' for query 'whale swimming deep'
-> AssetLibrary EVICT (below 1920x1080 floor): 'the 52-hertz whale: the loneliest voice in the ocean documentary stock footage' -> cache/video/scene_3_b0_s0.mp4
-> Wikimedia API rate limited, retry 2 in 6s...
-> Cache HIT: 'The 52-Hertz Whale: the loneliest voice in the ocean documentary stock footage' → cache/video/scene_5_b0_s0.mp4
-> Router selected: 'pexels' for query 'The 52-Hertz Whale: the loneliest voice in the ocean documentary stock footage'
-> Cache MISS: 'underwater sound waves primary shot' — calling Pexels API
  Candidate 1: id=854344 1920x1080 dur=7s score=0.850 ← SELECTED
  Candidate 2: id=7293893 1920x1080 dur=11s score=0.650
  Candidate 3: id=5251673 1920x1080 dur=35s score=0.600
  Candidate 4: id=2915051 3840x2160 dur=60s score=0.600
  Candidate 5: id=7318087 1920x1080 dur=17s score=0.600
  Candidate 6: id=4863640 3840x2160 dur=14s score=0.600
  Candidate 7: id=4317415 3840x2160 dur=19s score=0.600
  Candidate 8: id=5968015 1920x1080 dur=13s score=0.600
  Candidate 9: id=6824938 3840x2160 dur=13s score=0.600
  Candidate 10: id=32213508 1920x1080 dur=9s score=0.550
-> Router: provider 'pexels' error: name '_pick_best_variant_link' is not defined
-> Pixabay Cache MISS: 'underwater sound waves primary shot' — calling Pixabay API
  Pixabay Candidate 1: id=24265 1920x1080 dur=6s score=0.900 ← SELECTED
  Pixabay Candidate 2: id=213511 1920x1080 dur=9s score=0.750
  Pixabay Candidate 3: id=67358 3840x2160 dur=59s score=0.600
  Pixabay Candidate 4: id=30902 1920x1080 dur=24s score=0.600
  Pixabay Candidate 5: id=58193 3840x2160 dur=43s score=0.600
  Pixabay Candidate 6: id=37712 1920x1080 dur=27s score=0.600
  Pixabay Candidate 7: id=110734 3840x2160 dur=14s score=0.600
  Pixabay Candidate 8: id=161880 1920x1080 dur=27s score=0.600
  Pixabay Candidate 9: id=26818 3840x2160 dur=16s score=0.600
  Pixabay Candidate 10: id=110879 1920x1080 dur=20s score=0.600
-> Router: provider 'pixabay' error: name '_pick_best_variant_link' is not defined
-> Wikimedia Cache MISS: 'underwater sound waves primary shot' — calling Wikimedia API
-> Wikimedia API request failed: Expecting value: line 1 column 1 (char 0)
-> Router: all providers exhausted for 'whale breaching ocean primary shot' — returning empty
-> Cache MISS: 'whale breaching ocean' — calling Pexels API
-> Wikimedia API rate limited, retry 1 in 3s...
  Candidate 1: id=11279748 1920x1080 dur=7s score=0.850 ← SELECTED
  Candidate 2: id=4571364 4096x2160 dur=7s score=0.850
  Candidate 3: id=18680289 1920x1080 dur=16s score=0.600
  Candidate 4: id=7102652 1920x1080 dur=28s score=0.600
  Candidate 5: id=8906187 1920x1080 dur=25s score=0.600
  Candidate 6: id=27941813 3840x2160 dur=31s score=0.400
  Candidate 7: id=27941815 3840x2160 dur=82s score=0.400
  Candidate 8: id=28097887 3840x2160 dur=57s score=0.400
  Candidate 9: id=28097890 3840x2160 dur=90s score=0.400
  Candidate 10: id=4520420 1920x1012 dur=3s score=0.000
-> Router: provider 'pexels' error: name '_pick_best_variant_link' is not defined
-> Pixabay Cache MISS: 'whale breaching ocean' — calling Pixabay API
  Pixabay Candidate 1: id=335486 1920x1080 dur=7s score=0.850 ← SELECTED
  Pixabay Candidate 2: id=244188 3840x2160 dur=8s score=0.800
  Pixabay Candidate 3: id=135658 3840x2160 dur=9s score=0.750
  Pixabay Candidate 4: id=336183 3872x2160 dur=10s score=0.700
  Pixabay Candidate 5: id=117702 1920x1080 dur=20s score=0.600
  Pixabay Candidate 6: id=204565 3840x2160 dur=33s score=0.600
  Pixabay Candidate 7: id=112722 1920x1080 dur=30s score=0.600
  Pixabay Candidate 8: id=13704 1920x1080 dur=12s score=0.600
  Pixabay Candidate 9: id=22183 1920x1080 dur=31s score=0.600
  Pixabay Candidate 10: id=217115 3840x2160 dur=39s score=0.600
-> Router: provider 'pixabay' error: name '_pick_best_variant_link' is not defined
-> Wikimedia Cache MISS: 'whale breaching ocean' — calling Wikimedia API
-> Wikimedia API rate limited, retry 1 in 3s...
  Wikimedia Candidate 1: id=91797434 1433x1868
  Wikimedia Candidate 2: id=92035149 1193x1589
  Wikimedia Candidate 3: id=92060338 1172x1562
  Wikimedia Candidate 4: id=92508877 1275x1650
  Wikimedia Candidate 5: id=92541751 1275x1650
-> Router selected: 'wikimedia' for query 'underwater sound waves primary shot'
  Wikimedia Candidate 1: id=4076471 2200x1650
  Wikimedia Candidate 2: id=10312366 500x12000
  Wikimedia Candidate 3: id=44207074 3136x2104
  Wikimedia Candidate 4: id=74267842 2832x2834
  Wikimedia Candidate 5: id=79452699 3546x2338
-> Router selected: 'wikimedia' for query 'deep ocean abyss'
-> AssetLibrary diversity: penalty=0.15 for 'whale swimming deep' — skipping reuse
-> Cache HIT: 'whale swimming deep' → cache/video/scene_5_b3_s0.mp4
-> Router selected: 'pexels' for query 'whale swimming deep'
-> AssetLibrary EVICT (below 1920x1080 floor): 'the 52-hertz whale: the loneliest voice in the ocean documentary stock footage' -> cache/video/scene_3_b0_s0.mp4
-> Cache HIT: 'The 52-Hertz Whale: the loneliest voice in the ocean documentary stock footage' → cache/video/scene_5_b0_s0.mp4
-> Router selected: 'pexels' for query 'The 52-Hertz Whale: the loneliest voice in the ocean documentary stock footage'
-> AssetLibrary EVICT (below 1920x1080 floor): 'the 52-hertz whale: the loneliest voice in the ocean documentary stock footage' -> cache/video/scene_3_b0_s0.mp4
-> Cache HIT: 'The 52-Hertz Whale: the loneliest voice in the ocean documentary stock footage' → cache/video/scene_5_b0_s0.mp4
-> Router selected: 'pexels' for query 'The 52-Hertz Whale: the loneliest voice in the ocean documentary stock footage'
  Wikimedia Candidate 1: id=33239721 2596x1731
  Wikimedia Candidate 2: id=95412449 5184x3456
  Wikimedia Candidate 3: id=95412523 4674x3116
  Wikimedia Candidate 4: id=95412582 1968x1296
  Wikimedia Candidate 5: id=95412592 5184x3456
-> Router selected: 'wikimedia' for query 'whale breaching ocean'
-> AssetLibrary REUSE: 'whale tail breach primary shot' similar to 'whale tail breach primary shot' -> cache/video/scene_4_b1_s0.mp4
-> Router selected: 'pexels' for query 'whale tail breach primary shot'
-> AssetLibrary EVICT (below 1920x1080 floor): 'the 52-hertz whale: the loneliest voice in the ocean documentary stock footage' -> cache/video/scene_3_b0_s0.mp4
-> Cache HIT: 'The 52-Hertz Whale: the loneliest voice in the ocean documentary stock footage' → cache/video/scene_5_b0_s0.mp4
-> Router selected: 'pexels' for query 'The 52-Hertz Whale: the loneliest voice in the ocean documentary stock footage'
-> AssetLibrary EVICT (below 1920x1080 floor): 'deep ocean hydrophone primary shot' -> cache/video/scene_0_b1_s0.mp4
-> Cache MISS: 'deep sea hydrophone recording primary shot' — calling Pexels API
-> AssetLibrary diversity: penalty=0.15 for 'whale swimming deep' — skipping reuse
-> Cache HIT: 'whale swimming deep' → cache/video/scene_5_b3_s0.mp4
-> Router selected: 'pexels' for query 'whale swimming deep'
-> AssetLibrary EVICT (below 1920x1080 floor): 'the 52-hertz whale: the loneliest voice in the ocean documentary stock footage' -> cache/video/scene_3_b0_s0.mp4
  Candidate 1: id=11682768 1920x1080 dur=8s score=0.800 ← SELECTED
  Candidate 2: id=17186320 1920x1080 dur=10s score=0.700
  Candidate 3: id=8822977 3840x2160 dur=11s score=0.650
  Candidate 4: id=36006201 3840x2160 dur=8s score=0.600
  Candidate 5: id=8822982 3840x2160 dur=14s score=0.600
  Candidate 6: id=8333591 4096x2160 dur=29s score=0.600
  Candidate 7: id=8823131 3840x2160 dur=15s score=0.600
  Candidate 8: id=36664946 3840x2160 dur=15s score=0.400
  Candidate 9: id=33028274 1920x1080 dur=14s score=0.400
  Candidate 10: id=38242924 3840x2160 dur=23s score=0.400
-> Router: provider 'pexels' error: name '_pick_best_variant_link' is not defined
-> Cache HIT: 'The 52-Hertz Whale: the loneliest voice in the ocean documentary stock footage' → cache/video/scene_5_b0_s0.mp4
-> Router selected: 'pexels' for query 'The 52-Hertz Whale: the loneliest voice in the ocean documentary stock footage'
-> AssetLibrary EVICT (below 1920x1080 floor): 'deep ocean hydrophone primary shot' -> cache/video/scene_0_b1_s0.mp4
-> Pixabay Cache MISS: 'deep sea hydrophone recording primary shot' — calling Pixabay API
  Pixabay Candidate 1: id=24265 1920x1080 dur=6s score=0.900 ← SELECTED
  Pixabay Candidate 2: id=18390 3840x2160 dur=11s score=0.650
  Pixabay Candidate 3: id=37712 1920x1080 dur=27s score=0.600
  Pixabay Candidate 4: id=304019 1920x1080 dur=16s score=0.600
  Pixabay Candidate 5: id=293788 3840x2160 dur=13s score=0.600
  Pixabay Candidate 6: id=85674 1920x1080 dur=48s score=0.600
  Pixabay Candidate 7: id=31611 1920x1080 dur=55s score=0.600
  Pixabay Candidate 8: id=90544 2560x1440 dur=46s score=0.600
  Pixabay Candidate 9: id=7127 3840x2160 dur=23s score=0.600
  Pixabay Candidate 10: id=312 1920x1080 dur=35s score=0.600
-> Router: provider 'pixabay' error: name '_pick_best_variant_link' is not defined
-> AssetLibrary EVICT (below 1920x1080 floor): 'deep ocean hydrophone primary shot' -> cache/video/scene_0_b1_s0.mp4
-> Wikimedia Cache MISS: 'deep sea hydrophone recording primary shot' — calling Wikimedia API
  Wikimedia Candidate 1: id=91577583 1202x1618
  Wikimedia Candidate 2: id=91612646 1266x1700
  Wikimedia Candidate 3: id=91616159 1185x1652
  Wikimedia Candidate 4: id=92060338 1172x1562
  Wikimedia Candidate 5: id=92226512 1208x1627
-> Router selected: 'wikimedia' for query 'deep sea hydrophone recording primary shot'
-> Cache MISS: 'whale breaching ocean' — calling Pexels API
  Candidate 1: id=11279748 1920x1080 dur=7s score=0.850 ← SELECTED
  Candidate 2: id=4571364 4096x2160 dur=7s score=0.850
  Candidate 3: id=18680289 1920x1080 dur=16s score=0.600
  Candidate 4: id=7102652 1920x1080 dur=28s score=0.600
  Candidate 5: id=8906187 1920x1080 dur=25s score=0.600
  Candidate 6: id=27941813 3840x2160 dur=31s score=0.400
  Candidate 7: id=27941815 3840x2160 dur=82s score=0.400
  Candidate 8: id=28097887 3840x2160 dur=57s score=0.400
  Candidate 9: id=28097890 3840x2160 dur=90s score=0.400
  Candidate 10: id=4520420 1920x1012 dur=3s score=0.000
-> Router: provider 'pexels' error: name '_pick_best_variant_link' is not defined
-> Pixabay Cache MISS: 'whale breaching ocean' — calling Pixabay API
  Pixabay Candidate 1: id=335486 1920x1080 dur=7s score=0.850 ← SELECTED
  Pixabay Candidate 2: id=244188 3840x2160 dur=8s score=0.800
  Pixabay Candidate 3: id=135658 3840x2160 dur=9s score=0.750
  Pixabay Candidate 4: id=336183 3872x2160 dur=10s score=0.700
  Pixabay Candidate 5: id=117702 1920x1080 dur=20s score=0.600
  Pixabay Candidate 6: id=204565 3840x2160 dur=33s score=0.600
  Pixabay Candidate 7: id=112722 1920x1080 dur=30s score=0.600
  Pixabay Candidate 8: id=13704 1920x1080 dur=12s score=0.600
  Pixabay Candidate 9: id=217115 3840x2160 dur=39s score=0.600
  Pixabay Candidate 10: id=22183 1920x1080 dur=31s score=0.600
-> Router: provider 'pixabay' error: name '_pick_best_variant_link' is not defined
-> Wikimedia Cache MISS: 'whale breaching ocean' — calling Wikimedia API
-> Wikimedia API rate limited, retry 1 in 3s...
-> Wikimedia API rate limited, retry 2 in 6s...
-> Wikimedia API rate limited, retry 3 in 9s...

  [BeatDirector] Planning beats for scene 8...
  [BeatDirector] Concept terms (10): ['whale underwater swimming', 'ocean sonar equipment', 'whale call close-up', 'deep ocean waves']...
  [BeatDirector] 7 beats, 7 shots
-> AssetLibrary EVICT (below 1920x1080 floor): 'whale underwater swimming primary shot' -> cache/video/scene_2_b0_s0.mp4
-> Cache MISS: 'whale underwater swimming primary shot' — calling Pexels API
-> Wikimedia API request failed: Expecting value: line 1 column 1 (char 0)
-> Router: all providers exhausted for 'whale breaching ocean' — returning empty
-> AssetLibrary EVICT (below 1920x1080 floor): 'the 52-hertz whale: the loneliest voice in the ocean documentary stock footage' -> cache/video/scene_3_b0_s0.mp4
  Candidate 1: id=4571364 4096x2160 dur=7s score=0.850 ← SELECTED
  Candidate 2: id=5607993 1920x1080 dur=21s score=0.600
  Candidate 3: id=15546563 3840x2160 dur=50s score=0.600
  Candidate 4: id=10377082 1920x1080 dur=37s score=0.600
  Candidate 5: id=10377084 1920x1080 dur=29s score=0.600
  Candidate 6: id=6625561 3840x2160 dur=30s score=0.600
  Candidate 7: id=14146687 3840x2160 dur=129s score=0.600
  Candidate 8: id=10377449 1920x1080 dur=29s score=0.600
  Candidate 9: id=28097890 3840x2160 dur=90s score=0.400
  Candidate 10: id=28097887 3840x2160 dur=57s score=0.400
-> Router: provider 'pexels' error: name '_pick_best_variant_link' is not defined
-> Cache HIT: 'The 52-Hertz Whale: the loneliest voice in the ocean documentary stock footage' → cache/video/scene_5_b0_s0.mp4
-> Router selected: 'pexels' for query 'The 52-Hertz Whale: the loneliest voice in the ocean documentary stock footage'
-> AssetLibrary EVICT (below 1920x1080 floor): 'whale underwater swimming primary shot' -> cache/video/scene_2_b0_s0.mp4
-> Pixabay Cache MISS: 'whale underwater swimming primary shot' — calling Pixabay API
-> AssetLibrary EVICT (below 1920x1080 floor): 'blue whale swimming primary shot' -> cache/video/scene_4_b0_s0.mp4
-> Cache MISS: 'blue whale dorsal fin primary shot' — calling Pexels API
  Candidate 1: id=4332086 4096x2160 dur=4s score=1.000 ← SELECTED
  Candidate 2: id=4332083 4096x2160 dur=6s score=0.900
  Candidate 3: id=4326984 4096x2160 dur=7s score=0.850
  Candidate 4: id=4571364 4096x2160 dur=7s score=0.850
  Candidate 5: id=35763061 3840x2160 dur=5s score=0.750
  Candidate 6: id=4332084 4096x2160 dur=20s score=0.600
  Candidate 7: id=4332085 4096x2160 dur=17s score=0.600
  Candidate 8: id=8906187 1920x1080 dur=25s score=0.600
  Candidate 9: id=31873891 3840x2160 dur=14s score=0.400
  Candidate 10: id=27941815 3840x2160 dur=82s score=0.400
-> Router: provider 'pexels' error: name '_pick_best_variant_link' is not defined
  Pixabay Candidate 1: id=24265 1920x1080 dur=6s score=0.900 ← SELECTED
  Pixabay Candidate 2: id=13833 1920x1080 dur=8s score=0.800
  Pixabay Candidate 3: id=110877 1920x1080 dur=9s score=0.750
  Pixabay Candidate 4: id=117702 1920x1080 dur=20s score=0.600
  Pixabay Candidate 5: id=10480 1920x1080 dur=112s score=0.600
  Pixabay Candidate 6: id=110879 1920x1080 dur=20s score=0.600
  Pixabay Candidate 7: id=37712 1920x1080 dur=27s score=0.600
  Pixabay Candidate 8: id=340813 3840x2160 dur=29s score=0.600
  Pixabay Candidate 9: id=15063 1920x1080 dur=14s score=0.600
  Pixabay Candidate 10: id=26572 1920x1080 dur=20s score=0.600
-> Router: provider 'pixabay' error: name '_pick_best_variant_link' is not defined
-> AssetLibrary EVICT (below 1920x1080 floor): 'blue whale swimming primary shot' -> cache/video/scene_4_b0_s0.mp4
-> Pixabay Cache MISS: 'blue whale dorsal fin primary shot' — calling Pixabay API
-> AssetLibrary EVICT (below 1920x1080 floor): 'whale underwater swimming primary shot' -> cache/video/scene_2_b0_s0.mp4
-> Wikimedia Cache MISS: 'whale underwater swimming primary shot' — calling Wikimedia API

  [BeatDirector] Planning beats for scene 9...
-> Wikimedia API rate limited, retry 1 in 3s...
  Pixabay Candidate 1: id=212242 3840x2160 dur=5s score=0.950 ← SELECTED
  Pixabay Candidate 2: id=244188 3840x2160 dur=8s score=0.800
  Pixabay Candidate 3: id=18390 3840x2160 dur=11s score=0.650
  Pixabay Candidate 4: id=117702 1920x1080 dur=20s score=0.600
  Pixabay Candidate 5: id=293788 3840x2160 dur=13s score=0.600
  Pixabay Candidate 6: id=27547 1920x1080 dur=23s score=0.600
  Pixabay Candidate 7: id=206783 3840x2160 dur=48s score=0.600
  Pixabay Candidate 8: id=13441 3840x2160 dur=27s score=0.600
  Pixabay Candidate 9: id=6681 1920x1080 dur=24s score=0.600
  Pixabay Candidate 10: id=7093 1920x1080 dur=30s score=0.600
-> Router: provider 'pixabay' error: name '_pick_best_variant_link' is not defined
-> AssetLibrary EVICT (below 1920x1080 floor): 'blue whale swimming primary shot' -> cache/video/scene_4_b0_s0.mp4
-> Wikimedia Cache MISS: 'blue whale dorsal fin primary shot' — calling Wikimedia API
-> Wikimedia API rate limited, retry 1 in 3s...
  [BeatDirector] Concept terms (10): ['whale swimming deep', 'ocean sonar waves', 'underwater sound waves', 'solitary whale call']...
  [BeatDirector] 3 beats, 3 shots
-> AssetLibrary REUSE: 'whale swimming deep primary shot' similar to 'whale swimming deep primary shot' -> cache/video/scene_0_b0_s0.mp4
-> Router selected: 'pexels' for query 'whale swimming deep primary shot'
-> AssetLibrary diversity: penalty=0.15 for 'whale swimming deep' — skipping reuse
-> Cache HIT: 'whale swimming deep' → cache/video/scene_5_b3_s0.mp4
-> Router selected: 'pexels' for query 'whale swimming deep'
-> AssetLibrary EVICT (below 1920x1080 floor): 'the 52-hertz whale: the loneliest voice in the ocean documentary stock footage' -> cache/video/scene_3_b0_s0.mp4
-> Cache HIT: 'The 52-Hertz Whale: the loneliest voice in the ocean documentary stock footage' → cache/video/scene_5_b0_s0.mp4
-> Router selected: 'pexels' for query 'The 52-Hertz Whale: the loneliest voice in the ocean documentary stock footage'
-> AssetLibrary REUSE: 'ocean sonar waves primary shot' similar to 'ocean waves dark primary shot' -> cache/video/scene_9_b1_s0.mp4
-> Router selected: 'pexels' for query 'ocean sonar waves primary shot'
-> Wikimedia API rate limited, retry 2 in 6s...
-> Wikimedia API rate limited, retry 2 in 6s...
-> AssetLibrary diversity: penalty=0.15 for 'whale swimming deep' — skipping reuse
-> Cache HIT: 'whale swimming deep' → cache/video/scene_5_b3_s0.mp4
-> Router selected: 'pexels' for query 'whale swimming deep'
-> AssetLibrary EVICT (below 1920x1080 floor): 'the 52-hertz whale: the loneliest voice in the ocean documentary stock footage' -> cache/video/scene_3_b0_s0.mp4
-> Cache HIT: 'The 52-Hertz Whale: the loneliest voice in the ocean documentary stock footage' → cache/video/scene_5_b0_s0.mp4
-> Router selected: 'pexels' for query 'The 52-Hertz Whale: the loneliest voice in the ocean documentary stock footage'
-> Cache MISS: 'underwater sound waves primary shot' — calling Pexels API
  Candidate 1: id=854344 1920x1080 dur=7s score=0.877 ← SELECTED
  Candidate 2: id=7293893 1920x1080 dur=11s score=0.692
  Candidate 3: id=5251673 1920x1080 dur=35s score=0.600
  Candidate 4: id=2915051 3840x2160 dur=60s score=0.600
  Candidate 5: id=7318087 1920x1080 dur=17s score=0.600
  Candidate 6: id=4863640 3840x2160 dur=14s score=0.600
  Candidate 7: id=4317415 3840x2160 dur=19s score=0.600
  Candidate 8: id=5968015 1920x1080 dur=13s score=0.600
  Candidate 9: id=6824938 3840x2160 dur=13s score=0.600
  Candidate 10: id=32213508 1920x1080 dur=9s score=0.584
-> Router: provider 'pexels' error: name '_pick_best_variant_link' is not defined
-> Pixabay Cache MISS: 'underwater sound waves primary shot' — calling Pixabay API
  Pixabay Candidate 1: id=24265 1920x1080 dur=6s score=0.923 ← SELECTED
  Pixabay Candidate 2: id=213511 1920x1080 dur=9s score=0.784
  Pixabay Candidate 3: id=67358 3840x2160 dur=59s score=0.600
  Pixabay Candidate 4: id=58193 3840x2160 dur=43s score=0.600
  Pixabay Candidate 5: id=37712 1920x1080 dur=27s score=0.600
  Pixabay Candidate 6: id=30902 1920x1080 dur=24s score=0.600
  Pixabay Candidate 7: id=110734 3840x2160 dur=14s score=0.600
  Pixabay Candidate 8: id=161880 1920x1080 dur=27s score=0.600
  Pixabay Candidate 9: id=26818 3840x2160 dur=16s score=0.600
  Pixabay Candidate 10: id=110879 1920x1080 dur=20s score=0.600
-> Router: provider 'pixabay' error: name '_pick_best_variant_link' is not defined
-> Wikimedia Cache MISS: 'underwater sound waves primary shot' — calling Wikimedia API
-> Wikimedia API rate limited, retry 1 in 3s...
-> Wikimedia API rate limited, retry 2 in 6s...
-> Wikimedia API rate limited, retry 3 in 9s...
-> Wikimedia API rate limited, retry 3 in 9s...
-> Wikimedia API rate limited, retry 3 in 9s...
-> Wikimedia API request failed: Expecting value: line 1 column 1 (char 0)
-> Router: all providers exhausted for 'whale underwater swimming primary shot' — returning empty
-> AssetLibrary EVICT (below 1920x1080 floor): 'whale underwater swimming primary shot' -> cache/video/scene_2_b0_s0.mp4
-> Cache MISS: 'whale underwater swimming' — calling Pexels API
  Candidate 1: id=5607993 1920x1080 dur=21s score=0.600 ← SELECTED
  Candidate 2: id=15546563 3840x2160 dur=50s score=0.600
  Candidate 3: id=10377082 1920x1080 dur=37s score=0.600
  Candidate 4: id=10377084 1920x1080 dur=29s score=0.600
  Candidate 5: id=6625561 3840x2160 dur=30s score=0.600
  Candidate 6: id=6510690 1920x1080 dur=15s score=0.600
  Candidate 7: id=14146687 3840x2160 dur=129s score=0.600
  Candidate 8: id=20601591 3840x2160 dur=16s score=0.600
  Candidate 9: id=28097890 3840x2160 dur=90s score=0.400
  Candidate 10: id=28097887 3840x2160 dur=57s score=0.400
-> Router: provider 'pexels' error: name '_pick_best_variant_link' is not defined
-> Wikimedia API request failed: Expecting value: line 1 column 1 (char 0)
-> Router: all providers exhausted for 'blue whale dorsal fin primary shot' — returning empty
-> Cache MISS: 'whale breaching ocean' — calling Pexels API
  Candidate 1: id=11279748 1920x1080 dur=7s score=0.850 ← SELECTED
  Candidate 2: id=4571364 4096x2160 dur=7s score=0.850
  Candidate 3: id=18680289 1920x1080 dur=16s score=0.600
  Candidate 4: id=7102652 1920x1080 dur=28s score=0.600
  Candidate 5: id=8906187 1920x1080 dur=25s score=0.600
  Candidate 6: id=27941813 3840x2160 dur=31s score=0.400
  Candidate 7: id=27941815 3840x2160 dur=82s score=0.400
  Candidate 8: id=28097887 3840x2160 dur=57s score=0.400
  Candidate 9: id=28097890 3840x2160 dur=90s score=0.400
  Candidate 10: id=4520420 1920x1012 dur=3s score=0.000
-> Router: provider 'pexels' error: name '_pick_best_variant_link' is not defined
-> Pixabay Cache MISS: 'whale breaching ocean' — calling Pixabay API
-> AssetLibrary EVICT (below 1920x1080 floor): 'whale underwater swimming primary shot' -> cache/video/scene_2_b0_s0.mp4
-> Pixabay Cache MISS: 'whale underwater swimming' — calling Pixabay API
  Pixabay Candidate 1: id=335486 1920x1080 dur=7s score=0.850 ← SELECTED
  Pixabay Candidate 2: id=244188 3840x2160 dur=8s score=0.800
  Pixabay Candidate 3: id=135658 3840x2160 dur=9s score=0.750
  Pixabay Candidate 4: id=336183 3872x2160 dur=10s score=0.700
  Pixabay Candidate 5: id=117702 1920x1080 dur=20s score=0.600
  Pixabay Candidate 6: id=204565 3840x2160 dur=33s score=0.600
  Pixabay Candidate 7: id=112722 1920x1080 dur=30s score=0.600
  Pixabay Candidate 8: id=13704 1920x1080 dur=12s score=0.600
  Pixabay Candidate 9: id=22183 1920x1080 dur=31s score=0.600
  Pixabay Candidate 10: id=217115 3840x2160 dur=39s score=0.600
-> Router: provider 'pixabay' error: name '_pick_best_variant_link' is not defined
-> Wikimedia Cache MISS: 'whale breaching ocean' — calling Wikimedia API
  Pixabay Candidate 1: id=274949 3840x2160 dur=5s score=0.950 ← SELECTED
  Pixabay Candidate 2: id=275007 3840x2160 dur=6s score=0.900
  Pixabay Candidate 3: id=13833 1920x1080 dur=8s score=0.800
  Pixabay Candidate 4: id=110877 1920x1080 dur=9s score=0.750
  Pixabay Candidate 5: id=32451 1920x1080 dur=16s score=0.600
  Pixabay Candidate 6: id=117702 1920x1080 dur=20s score=0.600
  Pixabay Candidate 7: id=10480 1920x1080 dur=112s score=0.600
  Pixabay Candidate 8: id=110879 1920x1080 dur=20s score=0.600
  Pixabay Candidate 9: id=37712 1920x1080 dur=27s score=0.600
  Pixabay Candidate 10: id=340813 3840x2160 dur=29s score=0.600
-> Router: provider 'pixabay' error: name '_pick_best_variant_link' is not defined
-> Wikimedia API rate limited, retry 1 in 3s...
-> AssetLibrary EVICT (below 1920x1080 floor): 'whale underwater swimming primary shot' -> cache/video/scene_2_b0_s0.mp4
-> Wikimedia Cache MISS: 'whale underwater swimming' — calling Wikimedia API
-> Wikimedia API rate limited, retry 1 in 3s...
-> Wikimedia API rate limited, retry 2 in 6s...
-> Wikimedia API rate limited, retry 2 in 6s...
-> Wikimedia API request failed: Expecting value: line 1 column 1 (char 0)
-> Router: all providers exhausted for 'underwater sound waves primary shot' — returning empty
-> AssetLibrary diversity: penalty=0.15 for 'whale swimming deep' — skipping reuse
-> Cache HIT: 'whale swimming deep' → cache/video/scene_5_b3_s0.mp4
-> Router selected: 'pexels' for query 'whale swimming deep'
-> AssetLibrary EVICT (below 1920x1080 floor): 'the 52-hertz whale: the loneliest voice in the ocean documentary stock footage' -> cache/video/scene_3_b0_s0.mp4
-> Cache HIT: 'The 52-Hertz Whale: the loneliest voice in the ocean documentary stock footage' → cache/video/scene_5_b0_s0.mp4
-> Router selected: 'pexels' for query 'The 52-Hertz Whale: the loneliest voice in the ocean documentary stock footage'
  Wikimedia Candidate 1: id=33239721 2596x1731
  Wikimedia Candidate 2: id=95412449 5184x3456
  Wikimedia Candidate 3: id=95412523 4674x3116
  Wikimedia Candidate 4: id=95412582 1968x1296
  Wikimedia Candidate 5: id=95412592 5184x3456
-> Router selected: 'wikimedia' for query 'whale breaching ocean'
-> AssetLibrary EVICT (below 1920x1080 floor): 'the 52-hertz whale: the loneliest voice in the ocean documentary stock footage' -> cache/video/scene_3_b0_s0.mp4
  Wikimedia Candidate 1: id=64736 600x362
  Wikimedia Candidate 2: id=594115 1034x594
  Wikimedia Candidate 3: id=25240111 532x321
  Wikimedia Candidate 4: id=37109191 640x640
  Wikimedia Candidate 5: id=40837941 2528x1685
-> Cache HIT: 'The 52-Hertz Whale: the loneliest voice in the ocean documentary stock footage' → cache/video/scene_5_b0_s0.mp4
-> Router selected: 'pexels' for query 'The 52-Hertz Whale: the loneliest voice in the ocean documentary stock footage'
-> Router selected: 'wikimedia' for query 'whale underwater swimming'
-> Already on disk: cache/video/scene_8_b0_s0.mp4
    [BeatDirector] Shot accepted: primary shot for beat 0 (provider=pexels)
-> AssetLibrary EVICT (below 1920x1080 floor): 'sonar equipment screen primary shot' -> cache/video/scene_0_b2_s0.mp4
-> Cache MISS: 'ocean sonar equipment primary shot' — calling Pexels API
-> AssetLibrary EVICT (below 1920x1080 floor): 'ocean waves time-lapse primary shot' -> cache/video/scene_1_b1_s0.mp4
-> Cache MISS: 'ocean wave time-lapse primary shot' — calling Pexels API
  Candidate 1: id=8822536 3840x2160 dur=10s score=0.700 ← SELECTED
  Candidate 2: id=8824132 3840x2160 dur=10s score=0.700
  Candidate 3: id=12208290 1920x1080 dur=27s score=0.600
  Candidate 4: id=7543407 1920x1080 dur=19s score=0.600
  Candidate 5: id=6651688 1920x1080 dur=121s score=0.600
  Candidate 6: id=15660444 3840x2160 dur=12s score=0.600
  Candidate 7: id=2850617 1920x1080 dur=16s score=0.600
  Candidate 8: id=8916728 4096x2160 dur=12s score=0.600
  Candidate 9: id=31708327 3840x2160 dur=16s score=0.400
  Candidate 10: id=30911575 3840x2160 dur=20s score=0.400
-> Router: provider 'pexels' error: name '_pick_best_variant_link' is not defined
-> AssetLibrary EVICT (below 1920x1080 floor): 'sonar equipment screen primary shot' -> cache/video/scene_0_b2_s0.mp4
-> Pixabay Cache MISS: 'ocean sonar equipment primary shot' — calling Pixabay API
  Candidate 1: id=36592043 3840x2160 dur=6s score=0.700 ← SELECTED
  Candidate 2: id=11888087 1920x1080 dur=13s score=0.600
  Candidate 3: id=5348631 3840x2160 dur=63s score=0.600
  Candidate 4: id=4800436 4096x2160 dur=16s score=0.600
  Candidate 5: id=17875165 3840x2160 dur=23s score=0.600
  Candidate 6: id=38808914 3840x2160 dur=9s score=0.550
  Candidate 7: id=28738510 5760x3240 dur=11s score=0.450
  Candidate 8: id=38808913 3840x2160 dur=13s score=0.400
  Candidate 9: id=28870121 5760x3240 dur=17s score=0.400
  Candidate 10: id=36569421 1920x1080 dur=55s score=0.400
-> Router: provider 'pexels' error: name '_pick_best_variant_link' is not defined
-> AssetLibrary EVICT (below 1920x1080 floor): 'ocean waves time-lapse primary shot' -> cache/video/scene_1_b1_s0.mp4
-> Pixabay Cache MISS: 'ocean wave time-lapse primary shot' — calling Pixabay API
  Pixabay Candidate 1: id=2420 1920x1080 dur=10s score=0.700 ← SELECTED
  Pixabay Candidate 2: id=5180 1920x1080 dur=10s score=0.700
  Pixabay Candidate 3: id=18390 3840x2160 dur=11s score=0.650
  Pixabay Candidate 4: id=345377 3840x2160 dur=49s score=0.600
  Pixabay Candidate 5: id=293788 3840x2160 dur=13s score=0.600
  Pixabay Candidate 6: id=158230 3840x2160 dur=24s score=0.600
  Pixabay Candidate 7: id=3741 1920x1080 dur=20s score=0.600
  Pixabay Candidate 8: id=38388 3840x2160 dur=19s score=0.600
  Pixabay Candidate 9: id=8437 1920x1080 dur=18s score=0.600
  Pixabay Candidate 10: id=65390 3840x2160 dur=18s score=0.600
-> Router: provider 'pixabay' error: name '_pick_best_variant_link' is not defined
-> AssetLibrary EVICT (below 1920x1080 floor): 'sonar equipment screen primary shot' -> cache/video/scene_0_b2_s0.mp4
-> Wikimedia Cache MISS: 'ocean sonar equipment primary shot' — calling Wikimedia API
  Pixabay Candidate 1: id=16111 3840x2160 dur=10s score=0.700 ← SELECTED
  Pixabay Candidate 2: id=190332 3840x2160 dur=14s score=0.600
  Pixabay Candidate 3: id=22555 2560x1440 dur=17s score=0.600
  Pixabay Candidate 4: id=24105 3840x2160 dur=29s score=0.600
  Pixabay Candidate 5: id=17869 3840x2160 dur=20s score=0.600
  Pixabay Candidate 6: id=23263 3840x2160 dur=33s score=0.600
  Pixabay Candidate 7: id=71457 3840x2160 dur=31s score=0.600
  Pixabay Candidate 8: id=72763 3840x2160 dur=21s score=0.600
  Pixabay Candidate 9: id=44702 3840x2160 dur=45s score=0.600
  Pixabay Candidate 10: id=2213 1280x720 dur=13s score=0.000
-> Router: provider 'pixabay' error: name '_pick_best_variant_link' is not defined
-> AssetLibrary EVICT (below 1920x1080 floor): 'ocean waves time-lapse primary shot' -> cache/video/scene_1_b1_s0.mp4
-> Wikimedia Cache MISS: 'ocean wave time-lapse primary shot' — calling Wikimedia API
  Wikimedia Candidate 1: id=91404711 1275x1650
  Wikimedia Candidate 2: id=91573379 1258x1633
  Wikimedia Candidate 3: id=91601083 635x831
  Wikimedia Candidate 4: id=91602778 1118x1587
  Wikimedia Candidate 5: id=91612646 1266x1700
-> Router selected: 'wikimedia' for query 'ocean sonar equipment primary shot'
  Wikimedia Candidate 1: id=91372153 1239x1752
  Wikimedia Candidate 2: id=91450698 787x1395
  Wikimedia Candidate 3: id=91510245 2468x3218
  Wikimedia Candidate 4: id=91537817 620x1022
  Wikimedia Candidate 5: id=91691894 787x1343
-> Router selected: 'wikimedia' for query 'ocean wave time-lapse primary shot'
-> AssetLibrary REUSE: 'whale underwater swimming' similar to 'whale underwater swimming' -> cache/video/scene_8_b0_s0.mp4
-> Router selected: 'pexels' for query 'whale underwater swimming'
-> AssetLibrary EVICT (below 1920x1080 floor): 'the 52-hertz whale: the loneliest voice in the ocean documentary stock footage' -> cache/video/scene_3_b0_s0.mp4
-> Cache HIT: 'The 52-Hertz Whale: the loneliest voice in the ocean documentary stock footage' → cache/video/scene_5_b0_s0.mp4
-> Router selected: 'pexels' for query 'The 52-Hertz Whale: the loneliest voice in the ocean documentary stock footage'
-> Cache MISS: 'whale breaching ocean' — calling Pexels API
  Candidate 1: id=11279748 1920x1080 dur=7s score=0.850 ← SELECTED
  Candidate 2: id=4571364 4096x2160 dur=7s score=0.850
  Candidate 3: id=18680289 1920x1080 dur=16s score=0.600
  Candidate 4: id=7102652 1920x1080 dur=28s score=0.600
  Candidate 5: id=8906187 1920x1080 dur=25s score=0.600
  Candidate 6: id=27941813 3840x2160 dur=31s score=0.400
  Candidate 7: id=27941815 3840x2160 dur=82s score=0.400
  Candidate 8: id=28097887 3840x2160 dur=57s score=0.400
  Candidate 9: id=28097890 3840x2160 dur=90s score=0.400
  Candidate 10: id=4520420 1920x1012 dur=3s score=0.000
-> Router: provider 'pexels' error: name '_pick_best_variant_link' is not defined
-> Pixabay Cache MISS: 'whale breaching ocean' — calling Pixabay API
-> AssetLibrary EVICT (below 1920x1080 floor): 'underwater whale call primary shot' -> cache/video/scene_7_b0_s0.mp4
-> Cache MISS: 'whale call close-up primary shot' — calling Pexels API
  Pixabay Candidate 1: id=335486 1920x1080 dur=7s score=0.850 ← SELECTED
  Pixabay Candidate 2: id=244188 3840x2160 dur=8s score=0.800
  Pixabay Candidate 3: id=135658 3840x2160 dur=9s score=0.750
  Pixabay Candidate 4: id=336183 3872x2160 dur=10s score=0.700
  Pixabay Candidate 5: id=117702 1920x1080 dur=20s score=0.600
  Pixabay Candidate 6: id=204565 3840x2160 dur=33s score=0.600
  Pixabay Candidate 7: id=112722 1920x1080 dur=30s score=0.600
  Pixabay Candidate 8: id=13704 1920x1080 dur=12s score=0.600
  Pixabay Candidate 9: id=22183 1920x1080 dur=31s score=0.600
  Pixabay Candidate 10: id=217115 3840x2160 dur=39s score=0.600
-> Router: provider 'pixabay' error: name '_pick_best_variant_link' is not defined
-> Wikimedia Cache MISS: 'whale breaching ocean' — calling Wikimedia API
  Candidate 1: id=11279748 1920x1080 dur=7s score=0.850 ← SELECTED
  Candidate 2: id=6299732 1920x1080 dur=15s score=0.600
  Candidate 3: id=7102652 1920x1080 dur=28s score=0.600
  Candidate 4: id=15546563 3840x2160 dur=50s score=0.600
  Candidate 5: id=14146687 3840x2160 dur=129s score=0.600
  Candidate 6: id=27941813 3840x2160 dur=31s score=0.400
  Candidate 7: id=27941815 3840x2160 dur=82s score=0.400
  Candidate 8: id=26245637 3840x2160 dur=16s score=0.400
  Candidate 9: id=28097890 3840x2160 dur=90s score=0.400
  Candidate 10: id=28097887 3840x2160 dur=57s score=0.400
-> Router: provider 'pexels' error: name '_pick_best_variant_link' is not defined
-> AssetLibrary EVICT (below 1920x1080 floor): 'underwater whale call primary shot' -> cache/video/scene_7_b0_s0.mp4
-> Pixabay Cache MISS: 'whale call close-up primary shot' — calling Pixabay API
-> Wikimedia API rate limited, retry 1 in 3s...
  Pixabay Candidate 1: id=30470 4096x2160 dur=6s score=0.900 ← SELECTED
  Pixabay Candidate 2: id=240531 3840x2160 dur=7s score=0.850
  Pixabay Candidate 3: id=199545 3840x2160 dur=7s score=0.850
  Pixabay Candidate 4: id=189018 1920x1080 dur=14s score=0.600
  Pixabay Candidate 5: id=26493 1920x1080 dur=74s score=0.600
  Pixabay Candidate 6: id=26593 1920x1080 dur=28s score=0.600
  Pixabay Candidate 7: id=117702 1920x1080 dur=20s score=0.600
  Pixabay Candidate 8: id=4948 1920x1080 dur=12s score=0.600
  Pixabay Candidate 9: id=13100 1920x1080 dur=53s score=0.600
  Pixabay Candidate 10: id=197946 3840x2160 dur=55s score=0.600
-> Router: provider 'pixabay' error: name '_pick_best_variant_link' is not defined
-> AssetLibrary EVICT (below 1920x1080 floor): 'underwater whale call primary shot' -> cache/video/scene_7_b0_s0.mp4
-> Wikimedia Cache MISS: 'whale call close-up primary shot' — calling Wikimedia API
-> Wikimedia API rate limited, retry 1 in 3s...
-> Wikimedia API rate limited, retry 2 in 6s...
-> Wikimedia API rate limited, retry 2 in 6s...
-> Wikimedia API rate limited, retry 3 in 9s...
-> Wikimedia API rate limited, retry 3 in 9s...
-> Wikimedia API request failed: Expecting value: line 1 column 1 (char 0)
-> Router: all providers exhausted for 'whale breaching ocean' — returning empty
-> AssetLibrary EVICT (below 1920x1080 floor): 'the 52-hertz whale: the loneliest voice in the ocean documentary stock footage' -> cache/video/scene_3_b0_s0.mp4
-> Cache HIT: 'The 52-Hertz Whale: the loneliest voice in the ocean documentary stock footage' → cache/video/scene_5_b0_s0.mp4
-> Router selected: 'pexels' for query 'The 52-Hertz Whale: the loneliest voice in the ocean documentary stock footage'
-> AssetLibrary REUSE: 'whale tail splash primary shot' similar to 'whale tail splash primary shot' -> cache/video/scene_1_b2_s0.mp4
-> Router selected: 'pexels' for query 'whale tail splash primary shot'
-> Cache MISS: 'whale breaching ocean' — calling Pexels API
  Candidate 1: id=11279748 1920x1080 dur=7s score=0.850 ← SELECTED
  Candidate 2: id=4571364 4096x2160 dur=7s score=0.850
  Candidate 3: id=18680289 1920x1080 dur=16s score=0.600
  Candidate 4: id=7102652 1920x1080 dur=28s score=0.600
  Candidate 5: id=8906187 1920x1080 dur=25s score=0.600
  Candidate 6: id=27941813 3840x2160 dur=31s score=0.400
  Candidate 7: id=27941815 3840x2160 dur=82s score=0.400
  Candidate 8: id=28097887 3840x2160 dur=57s score=0.400
  Candidate 9: id=28097890 3840x2160 dur=90s score=0.400
  Candidate 10: id=4520420 1920x1012 dur=3s score=0.000
-> Router: provider 'pexels' error: name '_pick_best_variant_link' is not defined
-> Pixabay Cache MISS: 'whale breaching ocean' — calling Pixabay API
-> Wikimedia API request failed: Expecting value: line 1 column 1 (char 0)
-> Router: all providers exhausted for 'whale call close-up primary shot' — returning empty
-> AssetLibrary diversity: penalty=0.30 for 'whale underwater swimming' — skipping reuse
-> Cache MISS: 'whale underwater swimming' — calling Pexels API
  Pixabay Candidate 1: id=335486 1920x1080 dur=7s score=0.850 ← SELECTED
  Pixabay Candidate 2: id=244188 3840x2160 dur=8s score=0.800
  Pixabay Candidate 3: id=135658 3840x2160 dur=9s score=0.750
  Pixabay Candidate 4: id=336183 3872x2160 dur=10s score=0.700
  Pixabay Candidate 5: id=117702 1920x1080 dur=20s score=0.600
  Pixabay Candidate 6: id=204565 3840x2160 dur=33s score=0.600
  Pixabay Candidate 7: id=112722 1920x1080 dur=30s score=0.600
  Pixabay Candidate 8: id=13704 1920x1080 dur=12s score=0.600
  Pixabay Candidate 9: id=22183 1920x1080 dur=31s score=0.600
  Pixabay Candidate 10: id=217115 3840x2160 dur=39s score=0.600
-> Router: provider 'pixabay' error: name '_pick_best_variant_link' is not defined
-> Wikimedia Cache MISS: 'whale breaching ocean' — calling Wikimedia API
  Candidate 1: id=5607993 1920x1080 dur=21s score=0.600 ← SELECTED
  Candidate 2: id=15546563 3840x2160 dur=50s score=0.600
  Candidate 3: id=10377082 1920x1080 dur=37s score=0.600
  Candidate 4: id=10377084 1920x1080 dur=29s score=0.600
  Candidate 5: id=6625561 3840x2160 dur=30s score=0.600
  Candidate 6: id=6510690 1920x1080 dur=15s score=0.600
  Candidate 7: id=14146687 3840x2160 dur=129s score=0.600
  Candidate 8: id=20601591 3840x2160 dur=16s score=0.600
  Candidate 9: id=28097890 3840x2160 dur=90s score=0.400
  Candidate 10: id=28097887 3840x2160 dur=57s score=0.400
-> Router: provider 'pexels' error: name '_pick_best_variant_link' is not defined
-> AssetLibrary REUSE: 'whale underwater swimming' similar to 'whale underwater swimming' -> cache/video/scene_8_b0_s0.mp4
-> Router selected: 'pixabay' for query 'whale underwater swimming'
-> Wikimedia API rate limited, retry 1 in 3s...
-> AssetLibrary EVICT (below 1920x1080 floor): 'the 52-hertz whale: the loneliest voice in the ocean documentary stock footage' -> cache/video/scene_3_b0_s0.mp4
-> Cache HIT: 'The 52-Hertz Whale: the loneliest voice in the ocean documentary stock footage' → cache/video/scene_5_b0_s0.mp4
-> Router selected: 'pexels' for query 'The 52-Hertz Whale: the loneliest voice in the ocean documentary stock footage'
-> AssetLibrary EVICT (below 1920x1080 floor): 'deep ocean abyss primary shot' -> cache/video/scene_7_b1_s0.mp4
-> Cache MISS: 'deep ocean waves primary shot' — calling Pexels API
  Candidate 1: id=5668619 4096x2160 dur=15s score=0.600 ← SELECTED
  Candidate 2: id=5668622 4096x2160 dur=31s score=0.600
  Candidate 3: id=6010490 3840x2160 dur=16s score=0.600
  Candidate 4: id=14234750 2868x1512 dur=15s score=0.600
  Candidate 5: id=6815628 4481x2160 dur=14s score=0.600
  Candidate 6: id=5668615 4096x2160 dur=14s score=0.600
  Candidate 7: id=32844046 1920x1080 dur=10s score=0.500
  Candidate 8: id=34049771 1920x1080 dur=29s score=0.400
  Candidate 9: id=38242924 3840x2160 dur=23s score=0.400
  Candidate 10: id=32324752 1920x1080 dur=47s score=0.400
-> Router: provider 'pexels' error: name '_pick_best_variant_link' is not defined
-> AssetLibrary EVICT (below 1920x1080 floor): 'deep ocean abyss primary shot' -> cache/video/scene_7_b1_s0.mp4
-> Pixabay Cache MISS: 'deep ocean waves primary shot' — calling Pixabay API
  Pixabay Candidate 1: id=304019 1920x1080 dur=16s score=0.600 ← SELECTED
  Pixabay Candidate 2: id=283533 1920x1080 dur=40s score=0.600
  Pixabay Candidate 3: id=4006 1920x1080 dur=40s score=0.600
  Pixabay Candidate 4: id=19368 3840x2160 dur=46s score=0.600
  Pixabay Candidate 5: id=1890 2720x1434 dur=34s score=0.600
  Pixabay Candidate 6: id=24216 1920x1080 dur=31s score=0.600
  Pixabay Candidate 7: id=37712 1920x1080 dur=27s score=0.600
  Pixabay Candidate 8: id=338904 3840x2160 dur=23s score=0.600
  Pixabay Candidate 9: id=233867 1920x1080 dur=23s score=0.600
  Pixabay Candidate 10: id=263305 3840x2160 dur=43s score=0.600
-> Router: provider 'pixabay' error: name '_pick_best_variant_link' is not defined
-> AssetLibrary EVICT (below 1920x1080 floor): 'deep ocean abyss primary shot' -> cache/video/scene_7_b1_s0.mp4
-> Wikimedia Cache MISS: 'deep ocean waves primary shot' — calling Wikimedia API
-> Wikimedia API rate limited, retry 1 in 3s...
-> Wikimedia API rate limited, retry 2 in 6s...
-> Wikimedia API rate limited, retry 2 in 6s...
-> Wikimedia API rate limited, retry 3 in 9s...
-> Wikimedia API rate limited, retry 3 in 9s...
-> Wikimedia API request failed: Expecting value: line 1 column 1 (char 0)
-> Router: all providers exhausted for 'whale breaching ocean' — returning empty
-> AssetLibrary EVICT (below 1920x1080 floor): 'the 52-hertz whale: the loneliest voice in the ocean documentary stock footage' -> cache/video/scene_3_b0_s0.mp4
-> Cache HIT: 'The 52-Hertz Whale: the loneliest voice in the ocean documentary stock footage' → cache/video/scene_5_b0_s0.mp4
-> Router selected: 'pexels' for query 'The 52-Hertz Whale: the loneliest voice in the ocean documentary stock footage'
-> Wikimedia API request failed: Expecting value: line 1 column 1 (char 0)
-> Router: all providers exhausted for 'deep ocean waves primary shot' — returning empty
-> AssetLibrary REUSE: 'whale underwater swimming' similar to 'whale underwater swimming' -> cache/video/scene_8_b0_s0.mp4
-> Router selected: 'pexels' for query 'whale underwater swimming'
-> AssetLibrary EVICT (below 1920x1080 floor): 'the 52-hertz whale: the loneliest voice in the ocean documentary stock footage' -> cache/video/scene_3_b0_s0.mp4
-> Cache HIT: 'The 52-Hertz Whale: the loneliest voice in the ocean documentary stock footage' → cache/video/scene_5_b0_s0.mp4
-> Router selected: 'pexels' for query 'The 52-Hertz Whale: the loneliest voice in the ocean documentary stock footage'
-> Cache MISS: 'naval sonar display primary shot' — calling Pexels API
  Candidate 1: id=6442793 1920x1080 dur=8s score=0.800 ← SELECTED
  Candidate 2: id=8467043 3840x2160 dur=19s score=0.600
  Candidate 3: id=4687300 3840x2160 dur=28s score=0.600
  Candidate 4: id=6133268 4096x2160 dur=45s score=0.600
  Candidate 5: id=5377280 3840x2160 dur=19s score=0.600
  Candidate 6: id=7691713 3840x2160 dur=26s score=0.600
  Candidate 7: id=7687569 3840x2160 dur=68s score=0.600
  Candidate 8: id=6695132 1920x1080 dur=46s score=0.600
  Candidate 9: id=38045803 3840x2160 dur=10s score=0.500
  Candidate 10: id=28801896 1920x1080 dur=10s score=0.500
-> Router: provider 'pexels' error: name '_pick_best_variant_link' is not defined
-> Pixabay Cache MISS: 'naval sonar display primary shot' — calling Pixabay API
  Pixabay Candidate 1: id=2420 1920x1080 dur=10s score=0.700 ← SELECTED
  Pixabay Candidate 2: id=1210 1920x1080 dur=10s score=0.700
  Pixabay Candidate 3: id=18390 3840x2160 dur=11s score=0.650
  Pixabay Candidate 4: id=5269 1920x1080 dur=133s score=0.600
  Pixabay Candidate 5: id=6421 1920x1080 dur=30s score=0.600
  Pixabay Candidate 6: id=7093 1920x1080 dur=30s score=0.600
  Pixabay Candidate 7: id=33592 1920x1080 dur=20s score=0.600
  Pixabay Candidate 8: id=175579 3840x2160 dur=27s score=0.600
  Pixabay Candidate 9: id=7549 1718x1080 dur=10s score=0.000
  Pixabay Candidate 10: id=10853 1882x1440 dur=12s score=0.000
-> Router: provider 'pixabay' error: name '_pick_best_variant_link' is not defined
-> Wikimedia Cache MISS: 'naval sonar display primary shot' — calling Wikimedia API
-> Wikimedia API rate limited, retry 1 in 3s...
-> Wikimedia API rate limited, retry 2 in 6s...
  Wikimedia Candidate 1: id=91561062 1197x1637
  Wikimedia Candidate 2: id=91978280 1160x1550
  Wikimedia Candidate 3: id=92025697 1104x1566
  Wikimedia Candidate 4: id=92241723 1275x1650
  Wikimedia Candidate 5: id=92326793 1275x1650
-> Router selected: 'wikimedia' for query 'naval sonar display primary shot'
-> AssetLibrary diversity: penalty=0.30 for 'whale underwater swimming' — skipping reuse
-> Cache MISS: 'whale underwater swimming' — calling Pexels API
  Candidate 1: id=5607993 1920x1080 dur=21s score=0.600 ← SELECTED
  Candidate 2: id=15546563 3840x2160 dur=50s score=0.600
  Candidate 3: id=10377082 1920x1080 dur=37s score=0.600
  Candidate 4: id=10377084 1920x1080 dur=29s score=0.600
  Candidate 5: id=6625561 3840x2160 dur=30s score=0.600
  Candidate 6: id=6510690 1920x1080 dur=15s score=0.600
  Candidate 7: id=14146687 3840x2160 dur=129s score=0.600
  Candidate 8: id=20601591 3840x2160 dur=16s score=0.600
  Candidate 9: id=28097890 3840x2160 dur=90s score=0.400
  Candidate 10: id=28097887 3840x2160 dur=57s score=0.400
-> Router: provider 'pexels' error: name '_pick_best_variant_link' is not defined
-> AssetLibrary diversity: penalty=0.30 for 'whale underwater swimming' — skipping reuse
-> Pixabay Cache MISS: 'whale underwater swimming' — calling Pixabay API
  Pixabay Candidate 1: id=274949 3840x2160 dur=5s score=0.950 ← SELECTED
  Pixabay Candidate 2: id=275007 3840x2160 dur=6s score=0.900
  Pixabay Candidate 3: id=13833 1920x1080 dur=8s score=0.800
  Pixabay Candidate 4: id=110877 1920x1080 dur=9s score=0.750
  Pixabay Candidate 5: id=32451 1920x1080 dur=16s score=0.600
  Pixabay Candidate 6: id=117702 1920x1080 dur=20s score=0.600
  Pixabay Candidate 7: id=10480 1920x1080 dur=112s score=0.600
  Pixabay Candidate 8: id=110879 1920x1080 dur=20s score=0.600
  Pixabay Candidate 9: id=37712 1920x1080 dur=27s score=0.600
  Pixabay Candidate 10: id=340813 3840x2160 dur=29s score=0.600
-> Router: provider 'pixabay' error: name '_pick_best_variant_link' is not defined
-> AssetLibrary diversity: penalty=0.30 for 'whale underwater swimming' — skipping reuse
-> Wikimedia Cache MISS: 'whale underwater swimming' — calling Wikimedia API
  Wikimedia Candidate 1: id=64736 600x362
  Wikimedia Candidate 2: id=594115 1034x594
  Wikimedia Candidate 3: id=25240111 532x321
  Wikimedia Candidate 4: id=37109191 640x640
  Wikimedia Candidate 5: id=40837941 2528x1685
-> Router selected: 'wikimedia' for query 'whale underwater swimming'
-> AssetLibrary EVICT (below 1920x1080 floor): 'the 52-hertz whale: the loneliest voice in the ocean documentary stock footage' -> cache/video/scene_3_b0_s0.mp4
-> Cache HIT: 'The 52-Hertz Whale: the loneliest voice in the ocean documentary stock footage' → cache/video/scene_5_b0_s0.mp4
-> Router selected: 'pexels' for query 'The 52-Hertz Whale: the loneliest voice in the ocean documentary stock footage'
-> Cache MISS: 'whale dorsal fin primary shot' — calling Pexels API
  Candidate 1: id=4332086 4096x2160 dur=4s score=1.000 ← SELECTED
  Candidate 2: id=4326984 4096x2160 dur=7s score=0.850
  Candidate 3: id=4571364 4096x2160 dur=7s score=0.850
  Candidate 4: id=35763061 3840x2160 dur=5s score=0.750
  Candidate 5: id=4332084 4096x2160 dur=20s score=0.600
  Candidate 6: id=4332085 4096x2160 dur=17s score=0.600
  Candidate 7: id=7102652 1920x1080 dur=28s score=0.600
  Candidate 8: id=31873891 3840x2160 dur=14s score=0.400
  Candidate 9: id=27941815 3840x2160 dur=82s score=0.400
  Candidate 10: id=4520422 1920x1012 dur=3s score=0.000
-> Router: provider 'pexels' error: name '_pick_best_variant_link' is not defined
-> Pixabay Cache MISS: 'whale dorsal fin primary shot' — calling Pixabay API
  Pixabay Candidate 1: id=212242 3840x2160 dur=5s score=0.950 ← SELECTED
  Pixabay Candidate 2: id=244188 3840x2160 dur=8s score=0.800
  Pixabay Candidate 3: id=18390 3840x2160 dur=11s score=0.650
  Pixabay Candidate 4: id=117702 1920x1080 dur=20s score=0.600
  Pixabay Candidate 5: id=27547 1920x1080 dur=23s score=0.600
  Pixabay Candidate 6: id=206783 3840x2160 dur=48s score=0.600
  Pixabay Candidate 7: id=6681 1920x1080 dur=24s score=0.600
  Pixabay Candidate 8: id=7093 1920x1080 dur=30s score=0.600
  Pixabay Candidate 9: id=206772 3840x2160 dur=28s score=0.600
  Pixabay Candidate 10: id=33592 1920x1080 dur=20s score=0.600
-> Router: provider 'pixabay' error: name '_pick_best_variant_link' is not defined
-> Wikimedia Cache MISS: 'whale dorsal fin primary shot' — calling Wikimedia API
  Wikimedia Candidate 1: id=91895172 733x1281
  Wikimedia Candidate 2: id=92107933 1008x1647
  Wikimedia Candidate 3: id=92233082 760x1245
  Wikimedia Candidate 4: id=92435043 804x1250
  Wikimedia Candidate 5: id=92526896 760x1256
-> Router selected: 'wikimedia' for query 'whale dorsal fin primary shot'
-> AssetLibrary diversity: penalty=0.30 for 'whale underwater swimming' — skipping reuse
-> Cache MISS: 'whale underwater swimming' — calling Pexels API
  Candidate 1: id=5607993 1920x1080 dur=21s score=0.600 ← SELECTED
  Candidate 2: id=15546563 3840x2160 dur=50s score=0.600
  Candidate 3: id=10377082 1920x1080 dur=37s score=0.600
  Candidate 4: id=10377084 1920x1080 dur=29s score=0.600
  Candidate 5: id=6625561 3840x2160 dur=30s score=0.600
  Candidate 6: id=6510690 1920x1080 dur=15s score=0.600
  Candidate 7: id=14146687 3840x2160 dur=129s score=0.600
  Candidate 8: id=20601591 3840x2160 dur=16s score=0.600
  Candidate 9: id=28097890 3840x2160 dur=90s score=0.400
  Candidate 10: id=28097887 3840x2160 dur=57s score=0.400
-> Router: provider 'pexels' error: name '_pick_best_variant_link' is not defined
-> AssetLibrary diversity: penalty=0.30 for 'whale underwater swimming' — skipping reuse
-> Pixabay Cache MISS: 'whale underwater swimming' — calling Pixabay API
  Pixabay Candidate 1: id=274949 3840x2160 dur=5s score=0.950 ← SELECTED
  Pixabay Candidate 2: id=275007 3840x2160 dur=6s score=0.900
  Pixabay Candidate 3: id=13833 1920x1080 dur=8s score=0.800
  Pixabay Candidate 4: id=110877 1920x1080 dur=9s score=0.750
  Pixabay Candidate 5: id=32451 1920x1080 dur=16s score=0.600
  Pixabay Candidate 6: id=117702 1920x1080 dur=20s score=0.600
  Pixabay Candidate 7: id=10480 1920x1080 dur=112s score=0.600
  Pixabay Candidate 8: id=110879 1920x1080 dur=20s score=0.600
  Pixabay Candidate 9: id=37712 1920x1080 dur=27s score=0.600
  Pixabay Candidate 10: id=340813 3840x2160 dur=29s score=0.600
-> Router: provider 'pixabay' error: name '_pick_best_variant_link' is not defined
-> AssetLibrary diversity: penalty=0.30 for 'whale underwater swimming' — skipping reuse
-> Wikimedia Cache MISS: 'whale underwater swimming' — calling Wikimedia API
-> Wikimedia image info rate limited, retry 1 in 3s...
-> Wikimedia image info rate limited, retry 2 in 6s...
-> Wikimedia image info rate limited, retry 3 in 9s...
-> Wikimedia image info request failed: Expecting value: line 1 column 1 (char 0)
-> Router: all providers exhausted for 'whale underwater swimming' — returning empty
-> AssetLibrary EVICT (below 1920x1080 floor): 'the 52-hertz whale: the loneliest voice in the ocean documentary stock footage' -> cache/video/scene_3_b0_s0.mp4
-> Cache HIT: 'The 52-Hertz Whale: the loneliest voice in the ocean documentary stock footage' → cache/video/scene_5_b0_s0.mp4
-> Router selected: 'pexels' for query 'The 52-Hertz Whale: the loneliest voice in the ocean documentary stock footage'
-> Cache MISS: 'ocean surface calm primary shot' — calling Pexels API
  Candidate 1: id=35469056 3840x2160 dur=7s score=0.650 ← SELECTED
  Candidate 2: id=5476219 1920x1080 dur=48s score=0.600
  Candidate 3: id=14210815 3840x2160 dur=20s score=0.600
  Candidate 4: id=6010490 3840x2160 dur=16s score=0.600
  Candidate 5: id=14234750 2868x1512 dur=15s score=0.600
  Candidate 6: id=5476220 3840x2160 dur=19s score=0.600
  Candidate 7: id=5560966 3840x2160 dur=57s score=0.600
  Candidate 8: id=11362257 1920x1080 dur=17s score=0.600
  Candidate 9: id=3859443 3840x2160 dur=30s score=0.600
  Candidate 10: id=30734481 3840x2160 dur=10s score=0.500
-> Router: provider 'pexels' error: name '_pick_best_variant_link' is not defined
-> Pixabay Cache MISS: 'ocean surface calm primary shot' — calling Pixabay API
  Pixabay Candidate 1: id=210737 1920x1080 dur=11s score=0.650 ← SELECTED
  Pixabay Candidate 2: id=286278 1920x1080 dur=30s score=0.600
  Pixabay Candidate 3: id=293788 3840x2160 dur=13s score=0.600
  Pixabay Candidate 4: id=304019 1920x1080 dur=16s score=0.600
  Pixabay Candidate 5: id=233867 1920x1080 dur=23s score=0.600
  Pixabay Candidate 6: id=21175 3840x2160 dur=13s score=0.600
  Pixabay Candidate 7: id=306155 1920x1080 dur=12s score=0.600
  Pixabay Candidate 8: id=224809 1920x1080 dur=30s score=0.600
  Pixabay Candidate 9: id=238507 1920x1080 dur=24s score=0.600
  Pixabay Candidate 10: id=237249 3840x2160 dur=18s score=0.600
-> Router: provider 'pixabay' error: name '_pick_best_variant_link' is not defined
-> Wikimedia Cache MISS: 'ocean surface calm primary shot' — calling Wikimedia API
-> Wikimedia API rate limited, retry 1 in 3s...
-> Wikimedia API rate limited, retry 2 in 6s...
-> Wikimedia API rate limited, retry 3 in 9s...
-> Wikimedia API request failed: Expecting value: line 1 column 1 (char 0)
-> Router: all providers exhausted for 'ocean surface calm primary shot' — returning empty
-> AssetLibrary diversity: penalty=0.30 for 'whale underwater swimming' — skipping reuse
-> Cache MISS: 'whale underwater swimming' — calling Pexels API
  Candidate 1: id=5607993 1920x1080 dur=21s score=0.600 ← SELECTED
  Candidate 2: id=15546563 3840x2160 dur=50s score=0.600
  Candidate 3: id=10377082 1920x1080 dur=37s score=0.600
  Candidate 4: id=10377084 1920x1080 dur=29s score=0.600
  Candidate 5: id=6625561 3840x2160 dur=30s score=0.600
  Candidate 6: id=6510690 1920x1080 dur=15s score=0.600
  Candidate 7: id=14146687 3840x2160 dur=129s score=0.600
  Candidate 8: id=20601591 3840x2160 dur=16s score=0.600
  Candidate 9: id=28097890 3840x2160 dur=90s score=0.400
  Candidate 10: id=28097887 3840x2160 dur=57s score=0.400
-> Router: provider 'pexels' error: name '_pick_best_variant_link' is not defined
-> AssetLibrary diversity: penalty=0.30 for 'whale underwater swimming' — skipping reuse
-> Pixabay Cache MISS: 'whale underwater swimming' — calling Pixabay API
  Pixabay Candidate 1: id=274949 3840x2160 dur=5s score=0.950 ← SELECTED
  Pixabay Candidate 2: id=275007 3840x2160 dur=6s score=0.900
  Pixabay Candidate 3: id=13833 1920x1080 dur=8s score=0.800
  Pixabay Candidate 4: id=110877 1920x1080 dur=9s score=0.750
  Pixabay Candidate 5: id=32451 1920x1080 dur=16s score=0.600
  Pixabay Candidate 6: id=117702 1920x1080 dur=20s score=0.600
  Pixabay Candidate 7: id=10480 1920x1080 dur=112s score=0.600
  Pixabay Candidate 8: id=110879 1920x1080 dur=20s score=0.600
  Pixabay Candidate 9: id=37712 1920x1080 dur=27s score=0.600
  Pixabay Candidate 10: id=340813 3840x2160 dur=29s score=0.600
-> Router: provider 'pixabay' error: name '_pick_best_variant_link' is not defined
-> AssetLibrary diversity: penalty=0.30 for 'whale underwater swimming' — skipping reuse
-> Wikimedia Cache MISS: 'whale underwater swimming' — calling Wikimedia API
-> Wikimedia API rate limited, retry 1 in 3s...
  Wikimedia Candidate 1: id=64736 600x362
  Wikimedia Candidate 2: id=594115 1034x594
  Wikimedia Candidate 3: id=25240111 532x321
  Wikimedia Candidate 4: id=37109191 640x640
  Wikimedia Candidate 5: id=40837941 2528x1685
-> Router selected: 'wikimedia' for query 'whale underwater swimming'
-> AssetLibrary EVICT (below 1920x1080 floor): 'the 52-hertz whale: the loneliest voice in the ocean documentary stock footage' -> cache/video/scene_3_b0_s0.mp4
-> Cache HIT: 'The 52-Hertz Whale: the loneliest voice in the ocean documentary stock footage' → cache/video/scene_5_b0_s0.mp4
-> Router selected: 'pexels' for query 'The 52-Hertz Whale: the loneliest voice in the ocean documentary stock footage'

==================================================
  Storyboard Validation...
  ⚠ Storyboard issues found:
    - Diversity: Scene 0, beat 2: duplicate detected: same asset placeholder/animated_gradient was already used in scene 0
    - Diversity: Scene 1, beat 1: duplicate detected: same asset placeholder/animated_gradient was already used in scene 0
    - Diversity: Scene 1, beat 2: duplicate detected: same asset placeholder/animated_gradient was already used in scene 0
    - Diversity: Scene 1, beat 3: duplicate detected: same asset placeholder/animated_gradient was already used in scene 0
    - Diversity: Scene 1, beat 4: duplicate detected: same asset placeholder/animated_gradient was already used in scene 0
  (Continuing with best effort)

==================================================
  Beat Director Results:
    Shots requested: 48
    Shots accepted:  48
    Queries tried:   133
    Gate rejections: 100
    Fallbacks:       40
    Success rate:    100.0%
==================================================

  [vector] rendering 3 beats (algo, per-video, label='the_52_hertz_whale__the_loneliest_voice_in_t') ...
  [vector] 3/3 beats ready (645.4s)
  [manim] Injected generic_PulseMotif.mp4 into scene 0 (7.0s)
  [manim] Injected generic_GrowingBars.mp4 into scene 1 (7.0s)
  [manim] Injected generic_CycleLoop.mp4 into scene 9 (7.0s)
  [animation] manim x3, vector x0
  Shots: 48 | Avg 4.0s | Providers: {'manim': 3, 'pexels': 7, 'placeholder': 34, 'emergency': 4} | Fallbacks: 38

[8b/16] AI IMAGE GENERATION (NIM primary → Pollinations fallback, parallel)
  [AI] !! nim failed: NVIDIA NIM generation failed: HTTP Error 404: Not Found
  [AI] !! nim failed: NVIDIA NIM generation failed: HTTP Error 404: Not Found
  [AI] !! pollinations failed: HTTP Error 429: Too Many Requests
  [AI] !! semantic_4 generation failed on all providers
  [AI] pollinations: generated ai_sem_5_28367.png (61 KB)
  [AI] !! nim failed: NVIDIA NIM generation failed: HTTP Error 404: Not Found
  [AI] !! nim failed: NVIDIA NIM generation failed: HTTP Error 404: Not Found
  [AI] !! pollinations failed: HTTP Error 429: Too Many Requests
  [AI] !! semantic_7 generation failed on all providers
  [AI] pollinations: generated ai_sem_6_49807.png (45 KB)
  [AI] injected interstellar into scene 6 (6.0s)
  [AI] injected interstellar into scene 1 (7.0s)
  [AI] semantic still injected into scene 5 (→ 0.90, 6.0s)
  [AI] semantic still injected into scene 6 (→ 0.90, 6.0s)
  Generated 4, injected 2, semantic-injected 2 (214.5s)
  [fish] voice verified: 'Narrator' (id=0327fdb5da9e4fd782899a8058c8ae2b)
  [fish] voice verified: 'Narrator' (id=0327fdb5da9e4fd782899a8058c8ae2b)
  [fish] synthesizing (model=s2.1-pro-free, voice=0327fdb5da9e4fd782899a8058c8ae2b): '[measured] A single fifty-two-hertz puls...'
  [fish] saved cache/audio/scene_0.wav (2506 KB)
  [fish] synthesizing (model=s2.1-pro-free, voice=0327fdb5da9e4fd782899a8058c8ae2b): '[measured] Blue whales typically hum at ...'
  [fish] saved cache/audio/scene_1.wav (2448 KB)
  [fish] synthesizing (model=s2.1-pro-free, voice=0327fdb5da9e4fd782899a8058c8ae2b): '[calm] Since nineteen eighty-nine. Every...'
  [fish] saved cache/audio/scene_2.wav (2556 KB)
  [fish] synthesizing (model=s2.1-pro-free, voice=0327fdb5da9e4fd782899a8058c8ae2b): '[measured] Over one thousand nautical mi...'
  [fish] saved cache/audio/scene_3.wav (2187 KB)
  [fish] synthesizing (model=s2.1-pro-free, voice=0327fdb5da9e4fd782899a8058c8ae2b): '[measured] Detected at depths up to thre...'
  [fish] saved cache/audio/scene_4.wav (2799 KB)
  [fish] synthesizing (model=s2.1-pro-free, voice=0327fdb5da9e4fd782899a8058c8ae2b): '[calm] Never seen. Never photographed. O...'
  [fish] saved cache/audio/scene_5.wav (1746 KB)
  [fish] synthesizing (model=s2.1-pro-free, voice=0327fdb5da9e4fd782899a8058c8ae2b): '[measured] Some say it’s a blue whale hy...'
  [fish] saved cache/audio/scene_6.wav (2007 KB)
  [fish] synthesizing (model=s2.1-pro-free, voice=0327fdb5da9e4fd782899a8058c8ae2b): '[measured] A physiological glitch? A los...'
  [fish] saved cache/audio/scene_7.wav (1809 KB)
  [fish] synthesizing (model=s2.1-pro-free, voice=0327fdb5da9e4fd782899a8058c8ae2b): '[calm] The U.S.. Navy listens. The world...'
  [fish] saved cache/audio/scene_8.wav (2457 KB)
  [fish] synthesizing (model=s2.1-pro-free, voice=0327fdb5da9e4fd782899a8058c8ae2b): '[measured] For thirty years, one questio...'
  [fish] saved cache/audio/scene_9.wav (2574 KB)
[timeline] Wrote results/the_52_hertz_whale__the_loneliest_voice_in_t/timeline.json
  !! PRE-RENDER GATE BLOCKED: ['shot_hold', 'pacing', 'resolution_headroom']

[12/16] RENDERING → results/the_52_hertz_whale__the_loneliest_voice_in_t/the_52_hertz_whale__the_loneliest_voice_in_t_v1.mp4
  [subs] 334 subtitle clips (10 scenes)
-> Adding 334 animated subtitle clips...
Rendering results/the_52_hertz_whale__the_loneliest_voice_in_t/the_52_hertz_whale__the_loneliest_voice_in_t_v1.mp4 on CPU...
Moviepy - Building video results/the_52_hertz_whale__the_loneliest_voice_in_t/the_52_hertz_whale__the_loneliest_voice_in_t_v1.mp4.
MoviePy - Writing audio in the_52_hertz_whale__the_loneliest_voice_in_t_v1TEMP_MPY_wvf_snd.mp4
chunk:   0%|          | 0/2956 [00:00<?, ?it/s, now=None]chunk:   4%|▎         | 109/2956 [00:00<00:03, 806.68it/s, now=None]chunk:   7%|▋         | 200/2956 [00:00<00:03, 855.26it/s, now=None]chunk:  10%|▉         | 287/2956 [00:00<00:03, 830.90it/s, now=None]chunk:  13%|█▎        | 371/2956 [00:00<00:04, 645.68it/s, now=None]chunk:  15%|█▍        | 440/2956 [00:00<00:03, 632.36it/s, now=None]chunk:  17%|█▋        | 510/2956 [00:00<00:03, 650.56it/s, now=None]chunk:  21%|██        | 610/2956 [00:00<00:03, 744.76it/s, now=None]chunk:  23%|██▎       | 687/2956 [00:00<00:03, 687.78it/s, now=None]chunk:  26%|██▌       | 758/2956 [00:01<00:03, 665.34it/s, now=None]chunk:  28%|██▊       | 826/2956 [00:01<00:03, 612.39it/s, now=None]chunk:  31%|███▏      | 930/2956 [00:01<00:02, 724.01it/s, now=None]chunk:  34%|███▍      | 1014/2956 [00:01<00:02, 751.42it/s, now=None]chunk:  37%|███▋      | 1092/2956 [00:01<00:02, 746.42it/s, now=None]chunk:  40%|███▉      | 1169/2956 [00:01<00:02, 726.90it/s, now=None]chunk:  42%|████▏     | 1243/2956 [00:01<00:02, 730.32it/s, now=None]chunk:  45%|████▍     | 1317/2956 [00:01<00:02, 652.28it/s, now=None]chunk:  47%|████▋     | 1385/2956 [00:02<00:02, 598.19it/s, now=None]chunk:  49%|████▉     | 1454/2956 [00:02<00:02, 617.77it/s, now=None]chunk:  52%|█████▏    | 1530/2956 [00:02<00:02, 652.86it/s, now=None]chunk:  54%|█████▍    | 1606/2956 [00:02<00:01, 679.05it/s, now=None]chunk:  57%|█████▋    | 1686/2956 [00:02<00:01, 707.72it/s, now=None]chunk:  60%|█████▉    | 1773/2956 [00:02<00:01, 752.38it/s, now=None]chunk:  63%|██████▎   | 1869/2956 [00:02<00:01, 804.92it/s, now=None]chunk:  66%|██████▌   | 1951/2956 [00:02<00:01, 769.27it/s, now=None]chunk:  69%|██████▊   | 2029/2956 [00:02<00:01, 697.35it/s, now=None]chunk:  71%|███████   | 2103/2956 [00:02<00:01, 705.40it/s, now=None]chunk:  74%|███████▎  | 2175/2956 [00:03<00:01, 699.73it/s, now=None]chunk:  76%|███████▋  | 2259/2956 [00:03<00:00, 738.65it/s, now=None]chunk:  80%|███████▉  | 2358/2956 [00:03<00:00, 807.49it/s, now=None]chunk:  83%|████████▎ | 2440/2956 [00:03<00:00, 770.07it/s, now=None]chunk:  85%|████████▌ | 2522/2956 [00:03<00:00, 768.69it/s, now=None]chunk:  88%|████████▊ | 2600/2956 [00:03<00:00, 678.68it/s, now=None]chunk:  90%|█████████ | 2671/2956 [00:03<00:00, 676.48it/s, now=None]chunk:  93%|█████████▎| 2742/2956 [00:03<00:00, 681.44it/s, now=None]chunk:  96%|█████████▌| 2834/2956 [00:03<00:00, 742.41it/s, now=None]chunk:  99%|█████████▉| 2938/2956 [00:04<00:00, 810.51it/s, now=None]                                                                     MoviePy - Done.
Moviepy - Writing video results/the_52_hertz_whale__the_loneliest_voice_in_t/the_52_hertz_whale__the_loneliest_voice_in_t_v1.mp4

t:   0%|          | 0/4023 [00:00<?, ?it/s, now=None]t:   0%|          | 5/4023 [00:00<01:39, 40.32it/s, now=None]t:   0%|          | 10/4023 [00:00<01:47, 37.50it/s, now=None]t:   0%|          | 14/4023 [00:00<01:49, 36.46it/s, now=None]t:   0%|          | 18/4023 [00:00<01:50, 36.37it/s, now=None]t:   1%|          | 22/4023 [00:00<01:51, 35.88it/s, now=None]t:   1%|          | 26/4023 [00:00<01:50, 36.02it/s, now=None]t:   1%|          | 30/4023 [00:00<01:54, 34.85it/s, now=None]t:   1%|          | 34/4023 [00:00<01:52, 35.33it/s, now=None]t:   1%|          | 38/4023 [00:01<01:57, 34.06it/s, now=None]t:   1%|          | 42/4023 [00:01<01:59, 33.19it/s, now=None]t:   1%|          | 46/4023 [00:01<02:01, 32.61it/s, now=None]t:   1%|          | 50/4023 [00:01<02:04, 31.90it/s, now=None]t:   1%|▏         | 54/4023 [00:01<02:00, 32.95it/s, now=None]t:   1%|▏         | 58/4023 [00:01<01:59, 33.10it/s, now=None]t:   2%|▏         | 62/4023 [00:01<02:04, 31.86it/s, now=None]t:   2%|▏         | 66/4023 [00:01<01:58, 33.46it/s, now=None]t:   2%|▏         | 70/4023 [00:02<01:56, 33.93it/s, now=None]t:   2%|▏         | 74/4023 [00:02<01:57, 33.68it/s, now=None]t:   2%|▏         | 78/4023 [00:02<01:59, 32.91it/s, now=None]t:   2%|▏         | 82/4023 [00:02<02:00, 32.73it/s, now=None]t:   2%|▏         | 86/4023 [00:02<02:03, 31.90it/s, now=None]t:   2%|▏         | 90/4023 [00:02<02:01, 32.28it/s, now=None]t:   2%|▏         | 94/4023 [00:02<02:02, 32.01it/s, now=None]t:   2%|▏         | 98/4023 [00:02<02:04, 31.47it/s, now=None]t:   3%|▎         | 102/4023 [00:03<02:05, 31.16it/s, now=None]t:   3%|▎         | 106/4023 [00:03<02:03, 31.59it/s, now=None]t:   3%|▎         | 110/4023 [00:03<02:00, 32.38it/s, now=None]t:   3%|▎         | 114/4023 [00:03<01:58, 32.89it/s, now=None]t:   3%|▎         | 118/4023 [00:03<01:57, 33.29it/s, now=None]t:   3%|▎         | 122/4023 [00:03<01:52, 34.70it/s, now=None]t:   3%|▎         | 126/4023 [00:03<01:51, 34.81it/s, now=None]t:   3%|▎         | 130/4023 [00:03<01:54, 34.09it/s, now=None]t:   3%|▎         | 134/4023 [00:04<01:56, 33.47it/s, now=None]t:   3%|▎         | 138/4023 [00:04<01:56, 33.35it/s, now=None]t:   4%|▎         | 142/4023 [00:04<01:54, 33.98it/s, now=None]t:   4%|▎         | 146/4023 [00:04<01:55, 33.48it/s, now=None]t:   4%|▎         | 150/4023 [00:04<02:00, 32.06it/s, now=None]t:   4%|▍         | 154/4023 [00:04<01:55, 33.58it/s, now=None]t:   4%|▍         | 159/4023 [00:04<01:47, 36.02it/s, now=None]t:   4%|▍         | 164/4023 [00:04<01:41, 38.07it/s, now=None]t:   4%|▍         | 169/4023 [00:04<01:38, 39.17it/s, now=None]t:   4%|▍         | 174/4023 [00:05<01:34, 40.70it/s, now=None]t:   4%|▍         | 179/4023 [00:05<01:36, 40.01it/s, now=None]t:   5%|▍         | 184/4023 [00:05<01:32, 41.66it/s, now=None]t:   5%|▍         | 189/4023 [00:05<01:34, 40.38it/s, now=None]t:   5%|▍         | 194/4023 [00:05<01:32, 41.55it/s, now=None]t:   5%|▍         | 199/4023 [00:05<01:32, 41.45it/s, now=None]t:   5%|▌         | 204/4023 [00:05<01:35, 39.91it/s, now=None]t:   5%|▌         | 209/4023 [00:05<01:34, 40.28it/s, now=None]t:   5%|▌         | 214/4023 [00:06<01:34, 40.43it/s, now=None]t:   5%|▌         | 219/4023 [00:06<01:32, 41.19it/s, now=None]t:   6%|▌         | 224/4023 [00:06<01:29, 42.31it/s, now=None]t:   6%|▌         | 229/4023 [00:06<01:26, 43.71it/s, now=None]t:   6%|▌         | 235/4023 [00:06<01:22, 45.85it/s, now=None]t:   6%|▌         | 240/4023 [00:06<01:23, 45.41it/s, now=None]t:   6%|▌         | 245/4023 [00:06<01:30, 41.93it/s, now=None]t:   6%|▌         | 250/4023 [00:06<01:32, 40.92it/s, now=None]t:   6%|▋         | 255/4023 [00:07<01:37, 38.79it/s, now=None]t:   6%|▋         | 259/4023 [00:07<01:41, 36.99it/s, now=None]t:   7%|▋         | 263/4023 [00:07<01:40, 37.30it/s, now=None]t:   7%|▋         | 267/4023 [00:07<01:39, 37.63it/s, now=None]t:   7%|▋         | 271/4023 [00:07<01:42, 36.65it/s, now=None]t:   7%|▋         | 275/4023 [00:07<01:42, 36.61it/s, now=None]t:   7%|▋         | 279/4023 [00:07<01:43, 36.33it/s, now=None]t:   7%|▋         | 283/4023 [00:07<01:44, 35.65it/s, now=None]t:   7%|▋         | 287/4023 [00:07<01:41, 36.66it/s, now=None]t:   7%|▋         | 292/4023 [00:08<01:35, 38.91it/s, now=None]t:   7%|▋         | 297/4023 [00:08<01:34, 39.31it/s, now=None]t:   7%|▋         | 301/4023 [00:08<01:38, 37.84it/s, now=None]t:   8%|▊         | 306/4023 [00:08<01:33, 39.73it/s, now=None]t:   8%|▊         | 311/4023 [00:08<01:30, 41.15it/s, now=None]t:   8%|▊         | 316/4023 [00:08<01:28, 42.03it/s, now=None]t:   8%|▊         | 321/4023 [00:08<01:27, 42.43it/s, now=None]t:   8%|▊         | 326/4023 [00:08<01:28, 41.73it/s, now=None]t:   8%|▊         | 331/4023 [00:08<01:28, 41.93it/s, now=None]t:   8%|▊         | 336/4023 [00:09<01:27, 41.90it/s, now=None]t:   8%|▊         | 341/4023 [00:09<01:26, 42.35it/s, now=None]t:   9%|▊         | 346/4023 [00:09<01:27, 42.00it/s, now=None]t:   9%|▊         | 351/4023 [00:09<01:27, 42.00it/s, now=None]t:   9%|▉         | 356/4023 [00:09<01:29, 40.96it/s, now=None]t:   9%|▉         | 361/4023 [00:09<01:29, 41.06it/s, now=None]t:   9%|▉         | 366/4023 [00:09<01:32, 39.34it/s, now=None]t:   9%|▉         | 370/4023 [00:09<01:34, 38.82it/s, now=None]t:   9%|▉         | 374/4023 [00:10<01:34, 38.63it/s, now=None]t:   9%|▉         | 379/4023 [00:10<01:33, 38.78it/s, now=None]t:  10%|▉         | 384/4023 [00:10<01:32, 39.25it/s, now=None]t:  10%|▉         | 389/4023 [00:10<01:30, 40.13it/s, now=None]t:  10%|▉         | 394/4023 [00:10<01:33, 38.98it/s, now=None]t:  10%|▉         | 398/4023 [00:10<01:39, 36.52it/s, now=None]t:  10%|▉         | 402/4023 [00:10<01:46, 33.85it/s, now=None]t:  10%|█         | 406/4023 [00:10<01:49, 33.14it/s, now=None]t:  10%|█         | 410/4023 [00:11<01:45, 34.15it/s, now=None]t:  10%|█         | 414/4023 [00:11<01:43, 34.96it/s, now=None]t:  10%|█         | 418/4023 [00:11<01:44, 34.39it/s, now=None]t:  10%|█         | 422/4023 [00:11<01:46, 33.89it/s, now=None]t:  11%|█         | 426/4023 [00:11<01:46, 33.69it/s, now=None]t:  11%|█         | 430/4023 [00:11<01:48, 32.98it/s, now=None]t:  11%|█         | 434/4023 [00:11<01:47, 33.48it/s, now=None]t:  11%|█         | 438/4023 [00:11<01:45, 33.94it/s, now=None]t:  11%|█         | 443/4023 [00:12<01:39, 36.08it/s, now=None]t:  11%|█         | 447/4023 [00:12<01:37, 36.55it/s, now=None]t:  11%|█         | 451/4023 [00:12<01:36, 36.95it/s, now=None]t:  11%|█▏        | 455/4023 [00:12<01:36, 37.12it/s, now=None]t:  11%|█▏        | 459/4023 [00:12<01:37, 36.68it/s, now=None]t:  12%|█▏        | 464/4023 [00:12<01:33, 38.01it/s, now=None]t:  12%|█▏        | 468/4023 [00:12<01:34, 37.48it/s, now=None]t:  12%|█▏        | 472/4023 [00:12<01:35, 37.04it/s, now=None]t:  12%|█▏        | 476/4023 [00:12<01:35, 37.25it/s, now=None]t:  12%|█▏        | 481/4023 [00:13<01:31, 38.68it/s, now=None]t:  12%|█▏        | 485/4023 [00:13<01:34, 37.34it/s, now=None]t:  12%|█▏        | 489/4023 [00:13<01:43, 34.14it/s, now=None]t:  12%|█▏        | 493/4023 [00:13<01:53, 31.05it/s, now=None]t:  12%|█▏        | 497/4023 [00:13<01:54, 30.68it/s, now=None]t:  12%|█▏        | 501/4023 [00:13<01:55, 30.40it/s, now=None]t:  13%|█▎        | 505/4023 [00:13<01:52, 31.13it/s, now=None]t:  13%|█▎        | 509/4023 [00:13<01:56, 30.26it/s, now=None]t:  13%|█▎        | 513/4023 [00:14<01:55, 30.44it/s, now=None]t:  13%|█▎        | 517/4023 [00:14<01:53, 30.94it/s, now=None]t:  13%|█▎        | 521/4023 [00:14<01:51, 31.40it/s, now=None]t:  13%|█▎        | 525/4023 [00:14<01:51, 31.50it/s, now=None]t:  13%|█▎        | 529/4023 [00:14<01:48, 32.12it/s, now=None]t:  13%|█▎        | 533/4023 [00:14<01:50, 31.62it/s, now=None]t:  13%|█▎        | 537/4023 [00:14<01:53, 30.67it/s, now=None]t:  13%|█▎        | 541/4023 [00:14<01:49, 31.86it/s, now=None]t:  14%|█▎        | 545/4023 [00:15<01:46, 32.51it/s, now=None]t:  14%|█▎        | 549/4023 [00:15<01:46, 32.58it/s, now=None]t:  14%|█▍        | 554/4023 [00:15<01:38, 35.25it/s, now=None]t:  14%|█▍        | 558/4023 [00:15<01:36, 36.05it/s, now=None]t:  14%|█▍        | 562/4023 [00:15<01:40, 34.33it/s, now=None]t:  14%|█▍        | 566/4023 [00:15<01:44, 33.11it/s, now=None]t:  14%|█▍        | 570/4023 [00:15<01:44, 32.99it/s, now=None]t:  14%|█▍        | 574/4023 [00:15<01:48, 31.80it/s, now=None]t:  14%|█▍        | 578/4023 [00:16<01:48, 31.74it/s, now=None]t:  14%|█▍        | 582/4023 [00:16<01:46, 32.17it/s, now=None]t:  15%|█▍        | 586/4023 [00:16<01:50, 31.16it/s, now=None]t:  15%|█▍        | 590/4023 [00:16<01:52, 30.50it/s, now=None]t:  15%|█▍        | 594/4023 [00:16<01:52, 30.58it/s, now=None]t:  15%|█▍        | 598/4023 [00:16<01:59, 28.73it/s, now=None]t:  15%|█▍        | 601/4023 [00:16<01:58, 28.99it/s, now=None]t:  15%|█▌        | 604/4023 [00:16<02:00, 28.42it/s, now=None]t:  15%|█▌        | 607/4023 [00:17<01:59, 28.54it/s, now=None]t:  15%|█▌        | 610/4023 [00:17<01:59, 28.61it/s, now=None]t:  15%|█▌        | 614/4023 [00:17<01:55, 29.48it/s, now=None]t:  15%|█▌        | 618/4023 [00:17<01:51, 30.56it/s, now=None]t:  15%|█▌        | 622/4023 [00:17<01:48, 31.43it/s, now=None]t:  16%|█▌        | 626/4023 [00:17<01:46, 31.94it/s, now=None]t:  16%|█▌        | 630/4023 [00:17<01:50, 30.62it/s, now=None]t:  16%|█▌        | 634/4023 [00:17<01:49, 30.98it/s, now=None]t:  16%|█▌        | 638/4023 [00:18<01:53, 29.88it/s, now=None]t:  16%|█▌        | 642/4023 [00:18<01:55, 29.37it/s, now=None]t:  16%|█▌        | 646/4023 [00:18<01:53, 29.71it/s, now=None]t:  16%|█▌        | 650/4023 [00:18<01:48, 31.12it/s, now=None]t:  16%|█▋        | 655/4023 [00:18<01:38, 34.18it/s, now=None]t:  16%|█▋        | 659/4023 [00:18<01:34, 35.59it/s, now=None]t:  16%|█▋        | 663/4023 [00:18<01:32, 36.43it/s, now=None]t:  17%|█▋        | 668/4023 [00:18<01:28, 37.85it/s, now=None]t:  17%|█▋        | 672/4023 [00:19<01:28, 37.95it/s, now=None]t:  17%|█▋        | 677/4023 [00:19<01:25, 39.22it/s, now=None]t:  17%|█▋        | 682/4023 [00:19<01:23, 40.07it/s, now=None]t:  17%|█▋        | 687/4023 [00:19<01:20, 41.20it/s, now=None]t:  17%|█▋        | 692/4023 [00:19<01:21, 41.00it/s, now=None]t:  17%|█▋        | 697/4023 [00:19<01:23, 39.77it/s, now=None]t:  17%|█▋        | 701/4023 [00:19<01:24, 39.31it/s, now=None]t:  18%|█▊        | 706/4023 [00:19<01:21, 40.63it/s, now=None]t:  18%|█▊        | 711/4023 [00:19<01:21, 40.62it/s, now=None]t:  18%|█▊        | 716/4023 [00:20<01:20, 41.03it/s, now=None]t:  18%|█▊        | 721/4023 [00:20<01:20, 41.14it/s, now=None]t:  18%|█▊        | 726/4023 [00:20<01:22, 39.88it/s, now=None]t:  18%|█▊        | 731/4023 [00:20<01:22, 40.01it/s, now=None]t:  18%|█▊        | 736/4023 [00:20<01:20, 40.88it/s, now=None]t:  18%|█▊        | 741/4023 [00:20<01:17, 42.41it/s, now=None]t:  19%|█▊        | 746/4023 [00:20<01:17, 42.09it/s, now=None]t:  19%|█▊        | 751/4023 [00:20<01:18, 41.70it/s, now=None]t:  19%|█▉        | 756/4023 [00:21<01:18, 41.40it/s, now=None]t:  19%|█▉        | 761/4023 [00:21<01:17, 42.22it/s, now=None]t:  19%|█▉        | 766/4023 [00:21<01:19, 40.82it/s, now=None]t:  19%|█▉        | 771/4023 [00:21<01:20, 40.45it/s, now=None]t:  19%|█▉        | 776/4023 [00:21<01:20, 40.26it/s, now=None]t:  19%|█▉        | 781/4023 [00:21<01:18, 41.30it/s, now=None]t:  20%|█▉        | 786/4023 [00:21<01:16, 42.23it/s, now=None]t:  20%|█▉        | 791/4023 [00:21<01:15, 42.79it/s, now=None]t:  20%|█▉        | 796/4023 [00:22<01:16, 42.28it/s, now=None]t:  20%|█▉        | 801/4023 [00:22<01:16, 42.19it/s, now=None]t:  20%|██        | 806/4023 [00:22<01:17, 41.38it/s, now=None]t:  20%|██        | 811/4023 [00:22<01:17, 41.45it/s, now=None]t:  20%|██        | 816/4023 [00:22<01:17, 41.35it/s, now=None]t:  20%|██        | 821/4023 [00:22<01:19, 40.25it/s, now=None]t:  21%|██        | 826/4023 [00:22<01:21, 39.20it/s, now=None]t:  21%|██        | 830/4023 [00:22<01:21, 39.07it/s, now=None]t:  21%|██        | 834/4023 [00:22<01:23, 38.05it/s, now=None]t:  21%|██        | 838/4023 [00:23<01:23, 38.03it/s, now=None]t:  21%|██        | 842/4023 [00:23<01:24, 37.82it/s, now=None]t:  21%|██        | 846/4023 [00:23<01:24, 37.47it/s, now=None]t:  21%|██        | 851/4023 [00:23<01:22, 38.60it/s, now=None]t:  21%|██▏       | 855/4023 [00:23<01:23, 38.09it/s, now=None]t:  21%|██▏       | 859/4023 [00:23<01:24, 37.46it/s, now=None]t:  21%|██▏       | 863/4023 [00:23<01:23, 37.66it/s, now=None]t:  22%|██▏       | 868/4023 [00:23<01:17, 40.58it/s, now=None]t:  22%|██▏       | 873/4023 [00:23<01:17, 40.56it/s, now=None]t:  22%|██▏       | 878/4023 [00:24<01:17, 40.75it/s, now=None]t:  22%|██▏       | 883/4023 [00:24<01:17, 40.72it/s, now=None]t:  22%|██▏       | 888/4023 [00:24<01:17, 40.33it/s, now=None]t:  22%|██▏       | 893/4023 [00:24<01:16, 40.97it/s, now=None]t:  22%|██▏       | 898/4023 [00:24<01:16, 41.12it/s, now=None]t:  22%|██▏       | 903/4023 [00:24<01:18, 39.93it/s, now=None]t:  23%|██▎       | 908/4023 [00:24<01:22, 37.93it/s, now=None]t:  23%|██▎       | 912/4023 [00:24<01:23, 37.07it/s, now=None]t:  23%|██▎       | 916/4023 [00:25<01:26, 35.88it/s, now=None]t:  23%|██▎       | 920/4023 [00:25<01:25, 36.44it/s, now=None]t:  23%|██▎       | 924/4023 [00:25<01:26, 35.93it/s, now=None]t:  23%|██▎       | 928/4023 [00:25<01:26, 35.77it/s, now=None]t:  23%|██▎       | 932/4023 [00:25<01:24, 36.61it/s, now=None]t:  23%|██▎       | 936/4023 [00:25<01:24, 36.57it/s, now=None]t:  23%|██▎       | 940/4023 [00:25<01:32, 33.43it/s, now=None]t:  23%|██▎       | 944/4023 [00:25<01:34, 32.67it/s, now=None]t:  24%|██▎       | 948/4023 [00:26<01:36, 31.95it/s, now=None]t:  24%|██▎       | 952/4023 [00:26<01:33, 32.71it/s, now=None]t:  24%|██▍       | 956/4023 [00:26<01:31, 33.52it/s, now=None]t:  24%|██▍       | 960/4023 [00:26<01:30, 33.67it/s, now=None]t:  24%|██▍       | 964/4023 [00:26<01:28, 34.54it/s, now=None]t:  24%|██▍       | 968/4023 [00:26<01:31, 33.48it/s, now=None]t:  24%|██▍       | 972/4023 [00:26<01:29, 33.98it/s, now=None]t:  24%|██▍       | 976/4023 [00:26<01:29, 33.92it/s, now=None]t:  24%|██▍       | 980/4023 [00:26<01:26, 35.36it/s, now=None]t:  24%|██▍       | 984/4023 [00:27<01:23, 36.26it/s, now=None]t:  25%|██▍       | 988/4023 [00:27<01:29, 33.81it/s, now=None]t:  25%|██▍       | 992/4023 [00:27<01:31, 33.12it/s, now=None]t:  25%|██▍       | 996/4023 [00:27<01:30, 33.50it/s, now=None]t:  25%|██▍       | 1000/4023 [00:27<01:29, 33.85it/s, now=None]t:  25%|██▍       | 1004/4023 [00:27<01:29, 33.71it/s, now=None]t:  25%|██▌       | 1008/4023 [00:27<01:31, 32.98it/s, now=None]t:  25%|██▌       | 1012/4023 [00:27<01:30, 33.20it/s, now=None]t:  25%|██▌       | 1016/4023 [00:28<01:29, 33.48it/s, now=None]t:  25%|██▌       | 1020/4023 [00:28<01:29, 33.57it/s, now=None]t:  25%|██▌       | 1024/4023 [00:28<01:27, 34.40it/s, now=None]t:  26%|██▌       | 1028/4023 [00:28<01:25, 35.15it/s, now=None]t:  26%|██▌       | 1032/4023 [00:28<01:28, 33.86it/s, now=None]t:  26%|██▌       | 1036/4023 [00:28<01:28, 33.89it/s, now=None]t:  26%|██▌       | 1040/4023 [00:28<01:26, 34.58it/s, now=None]t:  26%|██▌       | 1044/4023 [00:28<01:23, 35.71it/s, now=None]t:  26%|██▌       | 1048/4023 [00:28<01:22, 36.00it/s, now=None]t:  26%|██▌       | 1052/4023 [00:29<01:20, 36.94it/s, now=None]t:  26%|██▋       | 1057/4023 [00:29<01:17, 38.47it/s, now=None]t:  26%|██▋       | 1062/4023 [00:29<01:14, 39.50it/s, now=None]t:  27%|██▋       | 1067/4023 [00:29<01:11, 41.19it/s, now=None]t:  27%|██▋       | 1072/4023 [00:29<01:13, 40.14it/s, now=None]t:  27%|██▋       | 1077/4023 [00:29<01:15, 39.05it/s, now=None]t:  27%|██▋       | 1081/4023 [00:29<01:16, 38.35it/s, now=None]t:  27%|██▋       | 1085/4023 [00:29<01:19, 37.14it/s, now=None]t:  27%|██▋       | 1089/4023 [00:30<01:33, 31.46it/s, now=None]t:  27%|██▋       | 1093/4023 [00:30<01:36, 30.43it/s, now=None]t:  27%|██▋       | 1097/4023 [00:30<01:30, 32.34it/s, now=None]t:  27%|██▋       | 1101/4023 [00:30<01:26, 33.95it/s, now=None]t:  27%|██▋       | 1106/4023 [00:30<01:18, 37.12it/s, now=None]t:  28%|██▊       | 1110/4023 [00:30<01:18, 37.09it/s, now=None]t:  28%|██▊       | 1115/4023 [00:30<01:15, 38.28it/s, now=None]t:  28%|██▊       | 1120/4023 [00:30<01:14, 39.20it/s, now=None]t:  28%|██▊       | 1125/4023 [00:31<01:11, 40.58it/s, now=None]t:  28%|██▊       | 1130/4023 [00:31<01:11, 40.65it/s, now=None]t:  28%|██▊       | 1135/4023 [00:31<01:11, 40.32it/s, now=None]t:  28%|██▊       | 1140/4023 [00:31<01:15, 38.13it/s, now=None]t:  28%|██▊       | 1145/4023 [00:31<01:11, 40.05it/s, now=None]t:  29%|██▊       | 1150/4023 [00:31<01:11, 40.22it/s, now=None]t:  29%|██▊       | 1155/4023 [00:31<01:12, 39.83it/s, now=None]t:  29%|██▉       | 1160/4023 [00:31<01:09, 41.41it/s, now=None]t:  29%|██▉       | 1165/4023 [00:32<01:09, 41.38it/s, now=None]t:  29%|██▉       | 1170/4023 [00:32<01:11, 39.90it/s, now=None]t:  29%|██▉       | 1175/4023 [00:32<01:13, 38.78it/s, now=None]t:  29%|██▉       | 1180/4023 [00:32<01:12, 39.03it/s, now=None]t:  29%|██▉       | 1184/4023 [00:32<01:12, 39.03it/s, now=None]t:  30%|██▉       | 1189/4023 [00:32<01:08, 41.19it/s, now=None]t:  30%|██▉       | 1194/4023 [00:32<01:06, 42.46it/s, now=None]t:  30%|██▉       | 1199/4023 [00:32<01:06, 42.53it/s, now=None]t:  30%|██▉       | 1204/4023 [00:32<01:08, 41.18it/s, now=None]t:  30%|███       | 1209/4023 [00:33<01:08, 41.20it/s, now=None]t:  30%|███       | 1214/4023 [00:33<01:07, 41.38it/s, now=None]t:  30%|███       | 1219/4023 [00:33<01:07, 41.46it/s, now=None]t:  30%|███       | 1224/4023 [00:33<01:07, 41.70it/s, now=None]t:  31%|███       | 1229/4023 [00:33<01:07, 41.18it/s, now=None]t:  31%|███       | 1234/4023 [00:33<01:11, 39.08it/s, now=None]t:  31%|███       | 1238/4023 [00:33<01:13, 38.07it/s, now=None]t:  31%|███       | 1242/4023 [00:33<01:14, 37.32it/s, now=None]t:  31%|███       | 1246/4023 [00:34<01:18, 35.52it/s, now=None]t:  31%|███       | 1250/4023 [00:34<01:18, 35.37it/s, now=None]t:  31%|███       | 1254/4023 [00:34<01:21, 34.00it/s, now=None]t:  31%|███▏      | 1258/4023 [00:34<01:20, 34.33it/s, now=None]t:  31%|███▏      | 1263/4023 [00:34<01:13, 37.31it/s, now=None]t:  32%|███▏      | 1268/4023 [00:34<01:10, 39.15it/s, now=None]t:  32%|███▏      | 1272/4023 [00:34<01:12, 37.98it/s, now=None]t:  32%|███▏      | 1276/4023 [00:34<01:13, 37.55it/s, now=None]t:  32%|███▏      | 1280/4023 [00:34<01:12, 38.02it/s, now=None]t:  32%|███▏      | 1285/4023 [00:35<01:10, 38.87it/s, now=None]t:  32%|███▏      | 1290/4023 [00:35<01:07, 40.28it/s, now=None]t:  32%|███▏      | 1295/4023 [00:35<01:06, 40.86it/s, now=None]t:  32%|███▏      | 1300/4023 [00:35<01:06, 41.12it/s, now=None]t:  32%|███▏      | 1305/4023 [00:35<01:05, 41.58it/s, now=None]t:  33%|███▎      | 1310/4023 [00:35<01:04, 42.28it/s, now=None]t:  33%|███▎      | 1317/4023 [00:35<00:57, 47.41it/s, now=None]t:  33%|███▎      | 1322/4023 [00:35<00:56, 47.44it/s, now=None]t:  33%|███▎      | 1328/4023 [00:36<00:54, 49.00it/s, now=None]t:  33%|███▎      | 1333/4023 [00:36<00:56, 47.70it/s, now=None]t:  33%|███▎      | 1338/4023 [00:36<00:56, 47.82it/s, now=None]t:  33%|███▎      | 1343/4023 [00:36<00:55, 48.19it/s, now=None]t:  34%|███▎      | 1348/4023 [00:36<00:55, 47.80it/s, now=None]t:  34%|███▎      | 1353/4023 [00:36<00:56, 47.35it/s, now=None]t:  34%|███▍      | 1359/4023 [00:36<00:54, 49.28it/s, now=None]t:  34%|███▍      | 1365/4023 [00:36<00:52, 50.59it/s, now=None]t:  34%|███▍      | 1371/4023 [00:36<00:52, 50.61it/s, now=None]t:  34%|███▍      | 1377/4023 [00:37<00:51, 51.46it/s, now=None]t:  34%|███▍      | 1383/4023 [00:37<00:50, 52.30it/s, now=None]t:  35%|███▍      | 1389/4023 [00:37<00:49, 53.75it/s, now=None]t:  35%|███▍      | 1395/4023 [00:37<00:49, 53.40it/s, now=None]t:  35%|███▍      | 1401/4023 [00:37<00:48, 54.48it/s, now=None]t:  35%|███▍      | 1407/4023 [00:37<00:50, 51.36it/s, now=None]t:  35%|███▌      | 1413/4023 [00:37<00:52, 49.59it/s, now=None]t:  35%|███▌      | 1419/4023 [00:37<00:52, 49.91it/s, now=None]t:  35%|███▌      | 1425/4023 [00:37<00:51, 50.26it/s, now=None]t:  36%|███▌      | 1431/4023 [00:38<00:52, 49.10it/s, now=None]t:  36%|███▌      | 1436/4023 [00:38<00:59, 43.40it/s, now=None]t:  36%|███▌      | 1441/4023 [00:38<01:05, 39.45it/s, now=None]t:  36%|███▌      | 1446/4023 [00:38<01:08, 37.66it/s, now=None]t:  36%|███▌      | 1450/4023 [00:38<01:10, 36.24it/s, now=None]t:  36%|███▌      | 1454/4023 [00:38<01:12, 35.61it/s, now=None]t:  36%|███▌      | 1458/4023 [00:38<01:10, 36.29it/s, now=None]t:  36%|███▋      | 1462/4023 [00:38<01:11, 36.06it/s, now=None]t:  36%|███▋      | 1466/4023 [00:39<01:14, 34.18it/s, now=None]t:  37%|███▋      | 1470/4023 [00:39<01:16, 33.49it/s, now=None]t:  37%|███▋      | 1474/4023 [00:39<01:18, 32.63it/s, now=None]t:  37%|███▋      | 1478/4023 [00:39<01:19, 32.12it/s, now=None]t:  37%|███▋      | 1482/4023 [00:39<01:20, 31.64it/s, now=None]t:  37%|███▋      | 1486/4023 [00:39<01:21, 31.17it/s, now=None]t:  37%|███▋      | 1490/4023 [00:39<01:20, 31.61it/s, now=None]t:  37%|███▋      | 1494/4023 [00:40<01:20, 31.36it/s, now=None]t:  37%|███▋      | 1498/4023 [00:40<01:19, 31.61it/s, now=None]t:  37%|███▋      | 1502/4023 [00:40<01:18, 31.94it/s, now=None]t:  37%|███▋      | 1506/4023 [00:40<01:18, 32.10it/s, now=None]t:  38%|███▊      | 1510/4023 [00:40<01:19, 31.80it/s, now=None]t:  38%|███▊      | 1514/4023 [00:40<01:18, 31.94it/s, now=None]t:  38%|███▊      | 1518/4023 [00:40<01:19, 31.65it/s, now=None]t:  38%|███▊      | 1522/4023 [00:40<01:21, 30.81it/s, now=None]t:  38%|███▊      | 1526/4023 [00:41<01:20, 31.00it/s, now=None]t:  38%|███▊      | 1530/4023 [00:41<01:21, 30.59it/s, now=None]t:  38%|███▊      | 1534/4023 [00:41<01:26, 28.67it/s, now=None]t:  38%|███▊      | 1537/4023 [00:41<01:25, 28.96it/s, now=None]t:  38%|███▊      | 1540/4023 [00:41<01:27, 28.48it/s, now=None]t:  38%|███▊      | 1543/4023 [00:41<01:27, 28.19it/s, now=None]t:  38%|███▊      | 1546/4023 [00:41<01:30, 27.23it/s, now=None]t:  39%|███▊      | 1549/4023 [00:41<01:32, 26.80it/s, now=None]t:  39%|███▊      | 1552/4023 [00:41<01:30, 27.24it/s, now=None]t:  39%|███▊      | 1555/4023 [00:42<01:38, 24.99it/s, now=None]t:  39%|███▊      | 1558/4023 [00:42<01:41, 24.30it/s, now=None]t:  39%|███▉      | 1561/4023 [00:42<01:43, 23.88it/s, now=None]t:  39%|███▉      | 1564/4023 [00:42<01:40, 24.59it/s, now=None]t:  39%|███▉      | 1567/4023 [00:42<01:41, 24.25it/s, now=None]t:  39%|███▉      | 1570/4023 [00:42<01:41, 24.08it/s, now=None]t:  39%|███▉      | 1574/4023 [00:42<01:34, 26.01it/s, now=None]t:  39%|███▉      | 1577/4023 [00:43<01:31, 26.67it/s, now=None]t:  39%|███▉      | 1581/4023 [00:43<01:23, 29.15it/s, now=None]t:  39%|███▉      | 1584/4023 [00:43<01:25, 28.50it/s, now=None]t:  39%|███▉      | 1588/4023 [00:43<01:24, 28.76it/s, now=None]t:  40%|███▉      | 1592/4023 [00:43<01:22, 29.37it/s, now=None]t:  40%|███▉      | 1596/4023 [00:43<01:19, 30.71it/s, now=None]t:  40%|███▉      | 1600/4023 [00:43<01:21, 29.84it/s, now=None]t:  40%|███▉      | 1604/4023 [00:43<01:19, 30.42it/s, now=None]t:  40%|███▉      | 1608/4023 [00:44<01:23, 29.04it/s, now=None]t:  40%|████      | 1611/4023 [00:44<01:30, 26.59it/s, now=None]t:  40%|████      | 1614/4023 [00:44<01:35, 25.30it/s, now=None]t:  40%|████      | 1617/4023 [00:44<01:43, 23.31it/s, now=None]t:  40%|████      | 1620/4023 [00:44<01:54, 21.04it/s, now=None]t:  40%|████      | 1623/4023 [00:44<02:02, 19.67it/s, now=None]t:  40%|████      | 1627/4023 [00:44<01:49, 21.89it/s, now=None]t:  41%|████      | 1631/4023 [00:45<01:35, 24.93it/s, now=None]t:  41%|████      | 1634/4023 [00:45<01:42, 23.30it/s, now=None]t:  41%|████      | 1637/4023 [00:45<01:39, 24.01it/s, now=None]t:  41%|████      | 1640/4023 [00:45<01:34, 25.10it/s, now=None]t:  41%|████      | 1643/4023 [00:45<01:33, 25.48it/s, now=None]t:  41%|████      | 1646/4023 [00:45<01:32, 25.79it/s, now=None]t:  41%|████      | 1649/4023 [00:45<01:31, 26.09it/s, now=None]t:  41%|████      | 1653/4023 [00:45<01:27, 27.16it/s, now=None]t:  41%|████      | 1656/4023 [00:46<01:36, 24.43it/s, now=None]t:  41%|████      | 1659/4023 [00:46<01:35, 24.67it/s, now=None]t:  41%|████▏     | 1662/4023 [00:46<01:32, 25.51it/s, now=None]t:  41%|████▏     | 1666/4023 [00:46<01:25, 27.60it/s, now=None]t:  42%|████▏     | 1670/4023 [00:46<01:19, 29.70it/s, now=None]t:  42%|████▏     | 1674/4023 [00:46<01:15, 31.13it/s, now=None]t:  42%|████▏     | 1678/4023 [00:46<01:21, 28.77it/s, now=None]t:  42%|████▏     | 1682/4023 [00:46<01:16, 30.54it/s, now=None]t:  42%|████▏     | 1686/4023 [00:47<01:15, 30.98it/s, now=None]t:  42%|████▏     | 1690/4023 [00:47<01:13, 31.81it/s, now=None]t:  42%|████▏     | 1694/4023 [00:47<01:15, 30.65it/s, now=None]t:  42%|████▏     | 1698/4023 [00:47<01:15, 30.82it/s, now=None]t:  42%|████▏     | 1702/4023 [00:47<01:11, 32.53it/s, now=None]t:  42%|████▏     | 1706/4023 [00:47<01:11, 32.59it/s, now=None]t:  43%|████▎     | 1710/4023 [00:47<01:16, 30.09it/s, now=None]t:  43%|████▎     | 1714/4023 [00:47<01:13, 31.29it/s, now=None]t:  43%|████▎     | 1718/4023 [00:48<01:11, 32.28it/s, now=None]t:  43%|████▎     | 1722/4023 [00:48<01:07, 33.97it/s, now=None]t:  43%|████▎     | 1726/4023 [00:48<01:09, 33.05it/s, now=None]t:  43%|████▎     | 1730/4023 [00:48<01:12, 31.61it/s, now=None]t:  43%|████▎     | 1734/4023 [00:48<01:13, 31.04it/s, now=None]t:  43%|████▎     | 1738/4023 [00:48<01:15, 30.13it/s, now=None]t:  43%|████▎     | 1742/4023 [00:48<01:10, 32.17it/s, now=None]t:  43%|████▎     | 1746/4023 [00:48<01:08, 33.19it/s, now=None]t:  43%|████▎     | 1750/4023 [00:49<01:05, 34.77it/s, now=None]t:  44%|████▎     | 1754/4023 [00:49<01:04, 34.95it/s, now=None]t:  44%|████▎     | 1758/4023 [00:49<01:02, 36.32it/s, now=None]t:  44%|████▍     | 1763/4023 [00:49<00:59, 37.88it/s, now=None]t:  44%|████▍     | 1767/4023 [00:49<00:58, 38.46it/s, now=None]t:  44%|████▍     | 1772/4023 [00:49<00:58, 38.77it/s, now=None]t:  44%|████▍     | 1777/4023 [00:49<00:56, 39.68it/s, now=None]t:  44%|████▍     | 1781/4023 [00:49<00:56, 39.56it/s, now=None]t:  44%|████▍     | 1786/4023 [00:49<00:53, 41.57it/s, now=None]t:  45%|████▍     | 1791/4023 [00:50<00:53, 42.01it/s, now=None]t:  45%|████▍     | 1796/4023 [00:50<00:51, 43.10it/s, now=None]t:  45%|████▍     | 1801/4023 [00:50<00:52, 42.60it/s, now=None]t:  45%|████▍     | 1806/4023 [00:50<00:57, 38.88it/s, now=None]t:  45%|████▍     | 1810/4023 [00:50<00:57, 38.16it/s, now=None]t:  45%|████▌     | 1814/4023 [00:50<01:05, 33.71it/s, now=None]t:  45%|████▌     | 1818/4023 [00:50<01:16, 28.86it/s, now=None]t:  45%|████▌     | 1822/4023 [00:51<01:17, 28.41it/s, now=None]t:  45%|████▌     | 1825/4023 [00:51<01:19, 27.71it/s, now=None]t:  45%|████▌     | 1828/4023 [00:51<01:23, 26.43it/s, now=None]t:  46%|████▌     | 1831/4023 [00:51<01:27, 25.13it/s, now=None]t:  46%|████▌     | 1834/4023 [00:51<01:31, 23.89it/s, now=None]t:  46%|████▌     | 1838/4023 [00:51<01:27, 25.03it/s, now=None]t:  46%|████▌     | 1841/4023 [00:51<01:28, 24.77it/s, now=None]t:  46%|████▌     | 1844/4023 [00:51<01:25, 25.55it/s, now=None]t:  46%|████▌     | 1847/4023 [00:52<01:25, 25.38it/s, now=None]t:  46%|████▌     | 1850/4023 [00:52<01:22, 26.39it/s, now=None]t:  46%|████▌     | 1853/4023 [00:52<01:37, 22.27it/s, now=None]t:  46%|████▌     | 1856/4023 [00:52<01:41, 21.27it/s, now=None]t:  46%|████▌     | 1859/4023 [00:52<01:55, 18.75it/s, now=None]t:  46%|████▋     | 1861/4023 [00:52<02:01, 17.78it/s, now=None]t:  46%|████▋     | 1864/4023 [00:52<01:53, 19.02it/s, now=None]t:  46%|████▋     | 1867/4023 [00:53<01:47, 19.97it/s, now=None]t:  46%|████▋     | 1870/4023 [00:53<01:48, 19.82it/s, now=None]t:  47%|████▋     | 1873/4023 [00:53<01:58, 18.14it/s, now=None]t:  47%|████▋     | 1876/4023 [00:53<01:51, 19.22it/s, now=None]t:  47%|████▋     | 1879/4023 [00:53<01:41, 21.07it/s, now=None]t:  47%|████▋     | 1882/4023 [00:53<01:38, 21.70it/s, now=None]t:  47%|████▋     | 1885/4023 [00:54<01:54, 18.69it/s, now=None]t:  47%|████▋     | 1888/4023 [00:54<01:45, 20.28it/s, now=None]t:  47%|████▋     | 1891/4023 [00:54<01:47, 19.92it/s, now=None]t:  47%|████▋     | 1894/4023 [00:54<01:45, 20.21it/s, now=None]t:  47%|████▋     | 1897/4023 [00:54<01:49, 19.35it/s, now=None]t:  47%|████▋     | 1899/4023 [00:54<02:07, 16.68it/s, now=None]t:  47%|████▋     | 1901/4023 [00:54<02:13, 15.85it/s, now=None]t:  47%|████▋     | 1904/4023 [00:55<02:07, 16.61it/s, now=None]t:  47%|████▋     | 1906/4023 [00:55<02:06, 16.75it/s, now=None]t:  47%|████▋     | 1908/4023 [00:55<02:05, 16.80it/s, now=None]t:  48%|████▊     | 1911/4023 [00:55<01:49, 19.30it/s, now=None]t:  48%|████▊     | 1914/4023 [00:55<01:44, 20.18it/s, now=None]t:  48%|████▊     | 1918/4023 [00:55<01:29, 23.55it/s, now=None]t:  48%|████▊     | 1921/4023 [00:55<01:24, 24.79it/s, now=None]t:  48%|████▊     | 1924/4023 [00:55<01:30, 23.14it/s, now=None]t:  48%|████▊     | 1927/4023 [00:56<01:30, 23.19it/s, now=None]t:  48%|████▊     | 1930/4023 [00:56<01:39, 21.06it/s, now=None]t:  48%|████▊     | 1933/4023 [00:56<01:37, 21.53it/s, now=None]t:  48%|████▊     | 1936/4023 [00:56<01:33, 22.39it/s, now=None]t:  48%|████▊     | 1939/4023 [00:56<01:28, 23.45it/s, now=None]t:  48%|████▊     | 1942/4023 [00:56<01:25, 24.43it/s, now=None]t:  48%|████▊     | 1945/4023 [00:56<01:21, 25.55it/s, now=None]t:  48%|████▊     | 1950/4023 [00:56<01:08, 30.41it/s, now=None]t:  49%|████▊     | 1954/4023 [00:57<01:04, 32.22it/s, now=None]t:  49%|████▊     | 1958/4023 [00:57<01:21, 25.44it/s, now=None]t:  49%|████▊     | 1961/4023 [00:57<01:22, 25.07it/s, now=None]t:  49%|████▉     | 1964/4023 [00:57<01:50, 18.71it/s, now=None]t:  49%|████▉     | 1967/4023 [00:57<01:50, 18.55it/s, now=None]t:  49%|████▉     | 1971/4023 [00:58<01:34, 21.82it/s, now=None]t:  49%|████▉     | 1974/4023 [00:58<01:28, 23.07it/s, now=None]t:  49%|████▉     | 1977/4023 [00:58<01:31, 22.26it/s, now=None]t:  49%|████▉     | 1980/4023 [00:58<01:32, 22.04it/s, now=None]t:  49%|████▉     | 1983/4023 [00:58<01:29, 22.79it/s, now=None]t:  49%|████▉     | 1986/4023 [00:58<01:23, 24.28it/s, now=None]t:  49%|████▉     | 1989/4023 [00:58<01:21, 24.93it/s, now=None]t:  50%|████▉     | 1993/4023 [00:58<01:18, 25.70it/s, now=None]t:  50%|████▉     | 1997/4023 [00:59<01:12, 27.91it/s, now=None]t:  50%|████▉     | 2000/4023 [00:59<01:13, 27.60it/s, now=None]t:  50%|████▉     | 2005/4023 [00:59<01:03, 31.83it/s, now=None]t:  50%|████▉     | 2009/4023 [00:59<01:15, 26.65it/s, now=None]t:  50%|█████     | 2012/4023 [00:59<01:22, 24.46it/s, now=None]t:  50%|█████     | 2015/4023 [00:59<01:22, 24.27it/s, now=None]t:  50%|█████     | 2019/4023 [00:59<01:12, 27.68it/s, now=None]t:  50%|█████     | 2024/4023 [00:59<01:03, 31.54it/s, now=None]t:  50%|█████     | 2029/4023 [01:00<00:58, 34.29it/s, now=None]t:  51%|█████     | 2034/4023 [01:00<00:54, 36.71it/s, now=None]t:  51%|█████     | 2039/4023 [01:00<00:52, 38.10it/s, now=None]t:  51%|█████     | 2044/4023 [01:00<00:49, 39.67it/s, now=None]t:  51%|█████     | 2049/4023 [01:00<00:49, 39.92it/s, now=None]t:  51%|█████     | 2054/4023 [01:00<00:49, 39.89it/s, now=None]t:  51%|█████     | 2059/4023 [01:00<00:52, 37.76it/s, now=None]t:  51%|█████▏    | 2063/4023 [01:00<00:51, 38.26it/s, now=None]t:  51%|█████▏    | 2068/4023 [01:01<00:47, 41.10it/s, now=None]t:  52%|█████▏    | 2073/4023 [01:01<00:47, 41.47it/s, now=None]t:  52%|█████▏    | 2078/4023 [01:01<00:45, 42.60it/s, now=None]t:  52%|█████▏    | 2083/4023 [01:01<00:46, 42.11it/s, now=None]t:  52%|█████▏    | 2088/4023 [01:01<00:46, 41.89it/s, now=None]t:  52%|█████▏    | 2093/4023 [01:01<00:46, 41.79it/s, now=None]t:  52%|█████▏    | 2098/4023 [01:01<00:46, 41.52it/s, now=None]t:  52%|█████▏    | 2103/4023 [01:01<00:48, 39.63it/s, now=None]t:  52%|█████▏    | 2108/4023 [01:02<00:48, 39.68it/s, now=None]t:  52%|█████▏    | 2112/4023 [01:02<00:48, 39.25it/s, now=None]t:  53%|█████▎    | 2117/4023 [01:02<00:47, 40.04it/s, now=None]t:  53%|█████▎    | 2122/4023 [01:02<00:45, 41.42it/s, now=None]t:  53%|█████▎    | 2127/4023 [01:02<00:44, 42.67it/s, now=None]t:  53%|█████▎    | 2132/4023 [01:02<00:45, 41.42it/s, now=None]t:  53%|█████▎    | 2137/4023 [01:02<00:48, 38.80it/s, now=None]t:  53%|█████▎    | 2142/4023 [01:02<00:47, 39.85it/s, now=None]t:  53%|█████▎    | 2147/4023 [01:02<00:46, 40.51it/s, now=None]t:  53%|█████▎    | 2152/4023 [01:03<00:44, 42.21it/s, now=None]t:  54%|█████▎    | 2157/4023 [01:03<00:45, 40.86it/s, now=None]t:  54%|█████▎    | 2162/4023 [01:03<00:44, 41.90it/s, now=None]t:  54%|█████▍    | 2167/4023 [01:03<00:43, 43.15it/s, now=None]t:  54%|█████▍    | 2172/4023 [01:03<00:43, 42.91it/s, now=None]t:  54%|█████▍    | 2177/4023 [01:03<00:44, 41.47it/s, now=None]t:  54%|█████▍    | 2182/4023 [01:03<00:45, 40.46it/s, now=None]t:  54%|█████▍    | 2187/4023 [01:03<00:45, 40.44it/s, now=None]t:  54%|█████▍    | 2192/4023 [01:04<00:47, 38.32it/s, now=None]t:  55%|█████▍    | 2196/4023 [01:04<00:48, 37.95it/s, now=None]t:  55%|█████▍    | 2200/4023 [01:04<00:48, 37.59it/s, now=None]t:  55%|█████▍    | 2204/4023 [01:04<00:51, 35.64it/s, now=None]t:  55%|█████▍    | 2208/4023 [01:04<00:51, 35.47it/s, now=None]t:  55%|█████▌    | 2213/4023 [01:04<00:49, 36.75it/s, now=None]t:  55%|█████▌    | 2217/4023 [01:04<00:49, 36.76it/s, now=None]t:  55%|█████▌    | 2221/4023 [01:04<00:50, 35.90it/s, now=None]t:  55%|█████▌    | 2225/4023 [01:04<00:50, 35.53it/s, now=None]t:  55%|█████▌    | 2229/4023 [01:05<00:53, 33.82it/s, now=None]t:  56%|█████▌    | 2233/4023 [01:05<00:55, 32.47it/s, now=None]t:  56%|█████▌    | 2237/4023 [01:05<00:58, 30.67it/s, now=None]t:  56%|█████▌    | 2241/4023 [01:05<00:58, 30.55it/s, now=None]t:  56%|█████▌    | 2245/4023 [01:05<00:56, 31.25it/s, now=None]t:  56%|█████▌    | 2249/4023 [01:05<00:55, 32.15it/s, now=None]t:  56%|█████▌    | 2253/4023 [01:05<00:52, 33.46it/s, now=None]t:  56%|█████▌    | 2257/4023 [01:06<00:52, 33.40it/s, now=None]t:  56%|█████▌    | 2261/4023 [01:06<00:50, 34.99it/s, now=None]t:  56%|█████▋    | 2265/4023 [01:06<00:49, 35.84it/s, now=None]t:  56%|█████▋    | 2269/4023 [01:06<00:48, 36.50it/s, now=None]t:  57%|█████▋    | 2273/4023 [01:06<00:46, 37.48it/s, now=None]t:  57%|█████▋    | 2277/4023 [01:06<00:48, 35.89it/s, now=None]t:  57%|█████▋    | 2281/4023 [01:06<00:48, 36.29it/s, now=None]t:  57%|█████▋    | 2285/4023 [01:06<00:47, 36.22it/s, now=None]t:  57%|█████▋    | 2289/4023 [01:06<00:47, 36.77it/s, now=None]t:  57%|█████▋    | 2293/4023 [01:06<00:46, 37.57it/s, now=None]t:  57%|█████▋    | 2297/4023 [01:07<00:47, 36.53it/s, now=None]t:  57%|█████▋    | 2301/4023 [01:07<00:48, 35.54it/s, now=None]t:  57%|█████▋    | 2305/4023 [01:07<00:51, 33.05it/s, now=None]t:  57%|█████▋    | 2309/4023 [01:07<00:59, 28.80it/s, now=None]t:  57%|█████▋    | 2313/4023 [01:07<01:12, 23.71it/s, now=None]t:  58%|█████▊    | 2316/4023 [01:07<01:18, 21.81it/s, now=None]t:  58%|█████▊    | 2319/4023 [01:08<01:17, 21.85it/s, now=None]t:  58%|█████▊    | 2322/4023 [01:08<01:19, 21.39it/s, now=None]t:  58%|█████▊    | 2325/4023 [01:08<01:14, 22.92it/s, now=None]t:  58%|█████▊    | 2329/4023 [01:08<01:06, 25.50it/s, now=None]t:  58%|█████▊    | 2333/4023 [01:08<01:02, 27.01it/s, now=None]t:  58%|█████▊    | 2337/4023 [01:08<00:59, 28.15it/s, now=None]t:  58%|█████▊    | 2341/4023 [01:08<00:58, 28.77it/s, now=None]t:  58%|█████▊    | 2345/4023 [01:08<00:56, 29.85it/s, now=None]t:  58%|█████▊    | 2349/4023 [01:09<00:54, 30.58it/s, now=None]t:  58%|█████▊    | 2353/4023 [01:09<00:52, 31.83it/s, now=None]t:  59%|█████▊    | 2357/4023 [01:09<00:51, 32.10it/s, now=None]t:  59%|█████▊    | 2361/4023 [01:09<00:50, 32.83it/s, now=None]t:  59%|█████▉    | 2365/4023 [01:09<00:48, 34.19it/s, now=None]t:  59%|█████▉    | 2369/4023 [01:09<00:47, 34.81it/s, now=None]t:  59%|█████▉    | 2373/4023 [01:09<00:46, 35.33it/s, now=None]t:  59%|█████▉    | 2378/4023 [01:09<00:43, 37.44it/s, now=None]t:  59%|█████▉    | 2383/4023 [01:09<00:41, 39.40it/s, now=None]t:  59%|█████▉    | 2388/4023 [01:10<00:41, 39.69it/s, now=None]t:  59%|█████▉    | 2393/4023 [01:10<00:40, 40.72it/s, now=None]t:  60%|█████▉    | 2398/4023 [01:10<00:39, 41.63it/s, now=None]t:  60%|█████▉    | 2403/4023 [01:10<00:39, 40.70it/s, now=None]t:  60%|█████▉    | 2408/4023 [01:10<00:39, 40.70it/s, now=None]t:  60%|█████▉    | 2413/4023 [01:10<00:40, 40.08it/s, now=None]t:  60%|██████    | 2418/4023 [01:10<00:39, 41.05it/s, now=None]t:  60%|██████    | 2423/4023 [01:10<00:38, 41.53it/s, now=None]t:  60%|██████    | 2428/4023 [01:11<00:39, 40.18it/s, now=None]t:  60%|██████    | 2433/4023 [01:11<00:39, 40.60it/s, now=None]t:  61%|██████    | 2438/4023 [01:11<00:38, 40.65it/s, now=None]t:  61%|██████    | 2443/4023 [01:11<00:38, 40.78it/s, now=None]t:  61%|██████    | 2448/4023 [01:11<00:38, 40.44it/s, now=None]t:  61%|██████    | 2453/4023 [01:11<00:38, 40.43it/s, now=None]t:  61%|██████    | 2458/4023 [01:11<00:38, 40.79it/s, now=None]t:  61%|██████    | 2463/4023 [01:11<00:38, 40.21it/s, now=None]t:  61%|██████▏   | 2468/4023 [01:12<00:37, 41.69it/s, now=None]t:  61%|██████▏   | 2473/4023 [01:12<00:36, 42.33it/s, now=None]t:  62%|██████▏   | 2478/4023 [01:12<00:36, 41.91it/s, now=None]t:  62%|██████▏   | 2483/4023 [01:12<00:37, 41.17it/s, now=None]t:  62%|██████▏   | 2488/4023 [01:12<00:36, 41.71it/s, now=None]t:  62%|██████▏   | 2493/4023 [01:12<00:36, 41.48it/s, now=None]t:  62%|██████▏   | 2498/4023 [01:12<00:39, 38.53it/s, now=None]t:  62%|██████▏   | 2503/4023 [01:12<00:38, 39.55it/s, now=None]t:  62%|██████▏   | 2507/4023 [01:13<00:39, 38.60it/s, now=None]t:  62%|██████▏   | 2511/4023 [01:13<00:39, 38.61it/s, now=None]t:  63%|██████▎   | 2515/4023 [01:13<00:40, 37.21it/s, now=None]t:  63%|██████▎   | 2520/4023 [01:13<00:39, 38.40it/s, now=None]t:  63%|██████▎   | 2525/4023 [01:13<00:37, 39.48it/s, now=None]t:  63%|██████▎   | 2529/4023 [01:13<00:38, 39.10it/s, now=None]t:  63%|██████▎   | 2533/4023 [01:13<00:39, 37.76it/s, now=None]t:  63%|██████▎   | 2537/4023 [01:13<00:44, 33.64it/s, now=None]t:  63%|██████▎   | 2541/4023 [01:14<00:47, 31.11it/s, now=None]t:  63%|██████▎   | 2545/4023 [01:14<00:46, 31.71it/s, now=None]t:  63%|██████▎   | 2549/4023 [01:14<00:45, 32.21it/s, now=None]t:  63%|██████▎   | 2553/4023 [01:14<00:44, 32.97it/s, now=None]t:  64%|██████▎   | 2557/4023 [01:14<00:44, 32.60it/s, now=None]t:  64%|██████▎   | 2561/4023 [01:14<00:43, 33.90it/s, now=None]t:  64%|██████▍   | 2565/4023 [01:14<00:50, 28.75it/s, now=None]t:  64%|██████▍   | 2569/4023 [01:14<00:49, 29.42it/s, now=None]t:  64%|██████▍   | 2573/4023 [01:15<00:45, 31.56it/s, now=None]t:  64%|██████▍   | 2577/4023 [01:15<00:44, 32.65it/s, now=None]t:  64%|██████▍   | 2581/4023 [01:15<00:42, 33.54it/s, now=None]t:  64%|██████▍   | 2585/4023 [01:15<00:41, 34.97it/s, now=None]t:  64%|██████▍   | 2590/4023 [01:15<00:39, 36.43it/s, now=None]t:  64%|██████▍   | 2594/4023 [01:15<00:40, 35.15it/s, now=None]t:  65%|██████▍   | 2598/4023 [01:15<00:45, 31.05it/s, now=None]t:  65%|██████▍   | 2603/4023 [01:15<00:41, 34.58it/s, now=None]t:  65%|██████▍   | 2607/4023 [01:16<00:42, 33.28it/s, now=None]t:  65%|██████▍   | 2611/4023 [01:16<00:44, 32.01it/s, now=None]t:  65%|██████▌   | 2615/4023 [01:16<00:46, 30.48it/s, now=None]t:  65%|██████▌   | 2619/4023 [01:16<00:50, 27.86it/s, now=None]t:  65%|██████▌   | 2622/4023 [01:16<00:56, 24.78it/s, now=None]t:  65%|██████▌   | 2625/4023 [01:16<00:58, 24.02it/s, now=None]t:  65%|██████▌   | 2629/4023 [01:16<00:53, 25.85it/s, now=None]t:  65%|██████▌   | 2633/4023 [01:17<00:49, 28.24it/s, now=None]t:  66%|██████▌   | 2637/4023 [01:17<00:45, 30.32it/s, now=None]t:  66%|██████▌   | 2641/4023 [01:17<00:44, 31.17it/s, now=None]t:  66%|██████▌   | 2645/4023 [01:17<00:43, 31.98it/s, now=None]t:  66%|██████▌   | 2649/4023 [01:17<00:42, 32.68it/s, now=None]t:  66%|██████▌   | 2653/4023 [01:17<00:41, 32.96it/s, now=None]t:  66%|██████▌   | 2657/4023 [01:17<00:42, 32.50it/s, now=None]t:  66%|██████▌   | 2661/4023 [01:17<00:42, 32.13it/s, now=None]t:  66%|██████▌   | 2665/4023 [01:17<00:40, 33.40it/s, now=None]t:  66%|██████▋   | 2670/4023 [01:18<00:37, 36.38it/s, now=None]t:  66%|██████▋   | 2675/4023 [01:18<00:35, 38.10it/s, now=None]t:  67%|██████▋   | 2679/4023 [01:18<00:35, 38.38it/s, now=None]t:  67%|██████▋   | 2684/4023 [01:18<00:34, 38.96it/s, now=None]t:  67%|██████▋   | 2689/4023 [01:18<00:33, 40.32it/s, now=None]t:  67%|██████▋   | 2694/4023 [01:18<00:31, 42.19it/s, now=None]t:  67%|██████▋   | 2699/4023 [01:18<00:31, 42.47it/s, now=None]t:  67%|██████▋   | 2704/4023 [01:18<00:30, 43.47it/s, now=None]t:  67%|██████▋   | 2709/4023 [01:19<00:29, 43.85it/s, now=None]t:  67%|██████▋   | 2714/4023 [01:19<00:29, 44.48it/s, now=None]t:  68%|██████▊   | 2719/4023 [01:19<00:28, 45.24it/s, now=None]t:  68%|██████▊   | 2724/4023 [01:19<00:29, 44.14it/s, now=None]t:  68%|██████▊   | 2729/4023 [01:19<00:30, 41.99it/s, now=None]t:  68%|██████▊   | 2734/4023 [01:19<00:30, 41.85it/s, now=None]t:  68%|██████▊   | 2739/4023 [01:19<00:30, 41.52it/s, now=None]t:  68%|██████▊   | 2744/4023 [01:19<00:31, 40.30it/s, now=None]t:  68%|██████▊   | 2749/4023 [01:19<00:31, 40.06it/s, now=None]t:  68%|██████▊   | 2754/4023 [01:20<00:30, 41.21it/s, now=None]t:  69%|██████▊   | 2759/4023 [01:20<00:30, 41.60it/s, now=None]t:  69%|██████▊   | 2764/4023 [01:20<00:30, 40.93it/s, now=None]t:  69%|██████▉   | 2769/4023 [01:20<00:31, 40.17it/s, now=None]t:  69%|██████▉   | 2774/4023 [01:20<00:30, 40.50it/s, now=None]t:  69%|██████▉   | 2779/4023 [01:20<00:30, 40.35it/s, now=None]t:  69%|██████▉   | 2784/4023 [01:20<00:31, 38.87it/s, now=None]t:  69%|██████▉   | 2788/4023 [01:20<00:31, 38.86it/s, now=None]t:  69%|██████▉   | 2793/4023 [01:21<00:30, 40.92it/s, now=None]t:  70%|██████▉   | 2798/4023 [01:21<00:29, 41.57it/s, now=None]t:  70%|██████▉   | 2803/4023 [01:21<00:28, 42.40it/s, now=None]t:  70%|██████▉   | 2808/4023 [01:21<00:28, 42.79it/s, now=None]t:  70%|██████▉   | 2813/4023 [01:21<00:29, 41.67it/s, now=None]t:  70%|███████   | 2818/4023 [01:21<00:28, 42.19it/s, now=None]t:  70%|███████   | 2823/4023 [01:21<00:28, 42.09it/s, now=None]t:  70%|███████   | 2828/4023 [01:21<00:29, 40.96it/s, now=None]t:  70%|███████   | 2833/4023 [01:22<00:28, 41.47it/s, now=None]t:  71%|███████   | 2838/4023 [01:22<00:29, 39.84it/s, now=None]t:  71%|███████   | 2843/4023 [01:22<00:29, 39.37it/s, now=None]t:  71%|███████   | 2847/4023 [01:22<00:29, 39.41it/s, now=None]t:  71%|███████   | 2852/4023 [01:22<00:28, 40.79it/s, now=None]t:  71%|███████   | 2857/4023 [01:22<00:28, 40.48it/s, now=None]t:  71%|███████   | 2862/4023 [01:22<00:29, 39.56it/s, now=None]t:  71%|███████▏  | 2867/4023 [01:22<00:28, 40.79it/s, now=None]t:  71%|███████▏  | 2872/4023 [01:22<00:27, 42.12it/s, now=None]t:  72%|███████▏  | 2877/4023 [01:23<00:27, 42.27it/s, now=None]t:  72%|███████▏  | 2882/4023 [01:23<00:26, 43.67it/s, now=None]t:  72%|███████▏  | 2887/4023 [01:23<00:26, 43.15it/s, now=None]t:  72%|███████▏  | 2892/4023 [01:23<00:26, 42.27it/s, now=None]t:  72%|███████▏  | 2897/4023 [01:23<00:27, 41.47it/s, now=None]t:  72%|███████▏  | 2902/4023 [01:23<00:27, 41.19it/s, now=None]t:  72%|███████▏  | 2907/4023 [01:23<00:27, 39.98it/s, now=None]t:  72%|███████▏  | 2912/4023 [01:23<00:28, 38.96it/s, now=None]t:  73%|███████▎  | 2917/4023 [01:24<00:28, 39.33it/s, now=None]t:  73%|███████▎  | 2922/4023 [01:24<00:27, 40.05it/s, now=None]t:  73%|███████▎  | 2927/4023 [01:24<00:26, 40.93it/s, now=None]t:  73%|███████▎  | 2932/4023 [01:24<00:25, 42.13it/s, now=None]t:  73%|███████▎  | 2937/4023 [01:24<00:25, 42.54it/s, now=None]t:  73%|███████▎  | 2942/4023 [01:24<00:25, 42.07it/s, now=None]t:  73%|███████▎  | 2947/4023 [01:24<00:26, 40.81it/s, now=None]t:  73%|███████▎  | 2952/4023 [01:24<00:25, 41.96it/s, now=None]t:  74%|███████▎  | 2957/4023 [01:25<00:25, 41.13it/s, now=None]t:  74%|███████▎  | 2962/4023 [01:25<00:26, 39.35it/s, now=None]t:  74%|███████▍  | 2967/4023 [01:25<00:26, 40.39it/s, now=None]t:  74%|███████▍  | 2972/4023 [01:25<00:26, 39.75it/s, now=None]t:  74%|███████▍  | 2977/4023 [01:25<00:26, 40.02it/s, now=None]t:  74%|███████▍  | 2982/4023 [01:25<00:25, 40.78it/s, now=None]t:  74%|███████▍  | 2987/4023 [01:25<00:25, 41.37it/s, now=None]t:  74%|███████▍  | 2992/4023 [01:25<00:25, 41.16it/s, now=None]t:  74%|███████▍  | 2997/4023 [01:26<00:24, 41.15it/s, now=None]t:  75%|███████▍  | 3002/4023 [01:26<00:25, 40.36it/s, now=None]t:  75%|███████▍  | 3007/4023 [01:26<00:25, 39.53it/s, now=None]t:  75%|███████▍  | 3012/4023 [01:26<00:24, 40.71it/s, now=None]t:  75%|███████▍  | 3017/4023 [01:26<00:25, 39.82it/s, now=None]t:  75%|███████▌  | 3022/4023 [01:26<00:25, 39.72it/s, now=None]t:  75%|███████▌  | 3026/4023 [01:26<00:25, 39.66it/s, now=None]t:  75%|███████▌  | 3031/4023 [01:26<00:24, 40.69it/s, now=None]t:  75%|███████▌  | 3036/4023 [01:26<00:24, 40.69it/s, now=None]t:  76%|███████▌  | 3041/4023 [01:27<00:24, 39.76it/s, now=None]t:  76%|███████▌  | 3045/4023 [01:27<00:24, 39.28it/s, now=None]t:  76%|███████▌  | 3050/4023 [01:27<00:24, 40.36it/s, now=None]t:  76%|███████▌  | 3055/4023 [01:27<00:23, 41.49it/s, now=None]t:  76%|███████▌  | 3060/4023 [01:27<00:22, 42.89it/s, now=None]t:  76%|███████▌  | 3065/4023 [01:27<00:21, 44.12it/s, now=None]t:  76%|███████▋  | 3070/4023 [01:27<00:21, 45.02it/s, now=None]t:  76%|███████▋  | 3075/4023 [01:27<00:21, 44.91it/s, now=None]t:  77%|███████▋  | 3080/4023 [01:28<00:21, 43.07it/s, now=None]t:  77%|███████▋  | 3085/4023 [01:28<00:22, 42.61it/s, now=None]t:  77%|███████▋  | 3090/4023 [01:28<00:22, 42.12it/s, now=None]t:  77%|███████▋  | 3095/4023 [01:28<00:22, 41.61it/s, now=None]t:  77%|███████▋  | 3100/4023 [01:28<00:21, 42.45it/s, now=None]t:  77%|███████▋  | 3105/4023 [01:28<00:21, 42.84it/s, now=None]t:  77%|███████▋  | 3110/4023 [01:28<00:21, 43.28it/s, now=None]t:  77%|███████▋  | 3115/4023 [01:28<00:21, 42.77it/s, now=None]t:  78%|███████▊  | 3120/4023 [01:28<00:20, 43.21it/s, now=None]t:  78%|███████▊  | 3125/4023 [01:29<00:21, 42.24it/s, now=None]t:  78%|███████▊  | 3130/4023 [01:29<00:20, 42.63it/s, now=None]t:  78%|███████▊  | 3135/4023 [01:29<00:20, 42.97it/s, now=None]t:  78%|███████▊  | 3140/4023 [01:29<00:20, 42.12it/s, now=None]t:  78%|███████▊  | 3145/4023 [01:29<00:21, 41.15it/s, now=None]t:  78%|███████▊  | 3150/4023 [01:29<00:21, 40.35it/s, now=None]t:  78%|███████▊  | 3155/4023 [01:29<00:23, 37.27it/s, now=None]t:  79%|███████▊  | 3159/4023 [01:29<00:24, 35.38it/s, now=None]t:  79%|███████▊  | 3163/4023 [01:30<00:24, 35.45it/s, now=None]t:  79%|███████▊  | 3167/4023 [01:30<00:24, 35.26it/s, now=None]t:  79%|███████▉  | 3171/4023 [01:30<00:24, 35.12it/s, now=None]t:  79%|███████▉  | 3175/4023 [01:30<00:23, 35.81it/s, now=None]t:  79%|███████▉  | 3179/4023 [01:30<00:23, 36.41it/s, now=None]t:  79%|███████▉  | 3183/4023 [01:30<00:23, 35.47it/s, now=None]t:  79%|███████▉  | 3187/4023 [01:30<00:25, 32.23it/s, now=None]t:  79%|███████▉  | 3191/4023 [01:30<00:27, 29.93it/s, now=None]t:  79%|███████▉  | 3195/4023 [01:31<00:29, 27.78it/s, now=None]t:  80%|███████▉  | 3199/4023 [01:31<00:28, 29.13it/s, now=None]t:  80%|███████▉  | 3202/4023 [01:31<00:29, 28.31it/s, now=None]t:  80%|███████▉  | 3205/4023 [01:31<00:29, 27.34it/s, now=None]t:  80%|███████▉  | 3208/4023 [01:31<00:29, 27.97it/s, now=None]t:  80%|███████▉  | 3211/4023 [01:31<00:30, 26.34it/s, now=None]t:  80%|███████▉  | 3214/4023 [01:31<00:31, 25.97it/s, now=None]t:  80%|███████▉  | 3218/4023 [01:31<00:30, 26.79it/s, now=None]t:  80%|████████  | 3222/4023 [01:32<00:27, 28.67it/s, now=None]t:  80%|████████  | 3226/4023 [01:32<00:26, 30.19it/s, now=None]t:  80%|████████  | 3230/4023 [01:32<00:27, 29.21it/s, now=None]t:  80%|████████  | 3234/4023 [01:32<00:25, 30.44it/s, now=None]t:  80%|████████  | 3238/4023 [01:32<00:25, 31.02it/s, now=None]t:  81%|████████  | 3242/4023 [01:32<00:27, 28.25it/s, now=None]t:  81%|████████  | 3245/4023 [01:32<00:30, 25.11it/s, now=None]t:  81%|████████  | 3248/4023 [01:33<00:30, 25.29it/s, now=None]t:  81%|████████  | 3252/4023 [01:33<00:28, 26.81it/s, now=None]t:  81%|████████  | 3255/4023 [01:33<00:27, 27.56it/s, now=None]t:  81%|████████  | 3259/4023 [01:33<00:26, 29.11it/s, now=None]t:  81%|████████  | 3262/4023 [01:33<00:26, 28.80it/s, now=None]t:  81%|████████  | 3266/4023 [01:33<00:30, 25.19it/s, now=None]t:  81%|████████▏ | 3269/4023 [01:33<00:32, 23.21it/s, now=None]t:  81%|████████▏ | 3272/4023 [01:34<00:34, 22.09it/s, now=None]t:  81%|████████▏ | 3275/4023 [01:34<00:33, 22.26it/s, now=None]t:  82%|████████▏ | 3279/4023 [01:34<00:28, 25.91it/s, now=None]t:  82%|████████▏ | 3282/4023 [01:34<00:31, 23.61it/s, now=None]t:  82%|████████▏ | 3285/4023 [01:34<00:34, 21.45it/s, now=None]t:  82%|████████▏ | 3288/4023 [01:34<00:33, 21.97it/s, now=None]t:  82%|████████▏ | 3291/4023 [01:34<00:35, 20.78it/s, now=None]t:  82%|████████▏ | 3294/4023 [01:35<00:36, 20.10it/s, now=None]t:  82%|████████▏ | 3297/4023 [01:35<00:35, 20.62it/s, now=None]t:  82%|████████▏ | 3300/4023 [01:35<00:34, 21.00it/s, now=None]t:  82%|████████▏ | 3303/4023 [01:35<00:33, 21.55it/s, now=None]t:  82%|████████▏ | 3306/4023 [01:35<00:33, 21.23it/s, now=None]t:  82%|████████▏ | 3310/4023 [01:35<00:31, 22.77it/s, now=None]t:  82%|████████▏ | 3313/4023 [01:35<00:29, 23.94it/s, now=None]t:  82%|████████▏ | 3316/4023 [01:36<00:32, 21.91it/s, now=None]t:  83%|████████▎ | 3319/4023 [01:36<00:32, 21.71it/s, now=None]t:  83%|████████▎ | 3322/4023 [01:36<00:31, 22.18it/s, now=None]t:  83%|████████▎ | 3325/4023 [01:36<00:31, 22.05it/s, now=None]t:  83%|████████▎ | 3328/4023 [01:36<00:31, 22.33it/s, now=None]t:  83%|████████▎ | 3332/4023 [01:36<00:27, 25.46it/s, now=None]t:  83%|████████▎ | 3335/4023 [01:36<00:31, 22.05it/s, now=None]t:  83%|████████▎ | 3338/4023 [01:37<00:31, 21.45it/s, now=None]t:  83%|████████▎ | 3341/4023 [01:37<00:30, 22.55it/s, now=None]t:  83%|████████▎ | 3345/4023 [01:37<00:26, 25.92it/s, now=None]t:  83%|████████▎ | 3349/4023 [01:37<00:23, 28.30it/s, now=None]t:  83%|████████▎ | 3353/4023 [01:37<00:21, 30.84it/s, now=None]t:  83%|████████▎ | 3358/4023 [01:37<00:19, 34.58it/s, now=None]t:  84%|████████▎ | 3363/4023 [01:37<00:17, 37.80it/s, now=None]t:  84%|████████▎ | 3368/4023 [01:37<00:16, 39.11it/s, now=None]t:  84%|████████▍ | 3373/4023 [01:37<00:15, 42.03it/s, now=None]t:  84%|████████▍ | 3378/4023 [01:38<00:14, 43.56it/s, now=None]t:  84%|████████▍ | 3383/4023 [01:38<00:14, 44.44it/s, now=None]t:  84%|████████▍ | 3388/4023 [01:38<00:14, 45.27it/s, now=None]t:  84%|████████▍ | 3393/4023 [01:38<00:14, 43.66it/s, now=None]t:  84%|████████▍ | 3398/4023 [01:38<00:14, 42.22it/s, now=None]t:  85%|████████▍ | 3403/4023 [01:38<00:15, 41.17it/s, now=None]t:  85%|████████▍ | 3408/4023 [01:38<00:17, 34.24it/s, now=None]t:  85%|████████▍ | 3412/4023 [01:38<00:19, 30.84it/s, now=None]t:  85%|████████▍ | 3416/4023 [01:39<00:19, 31.10it/s, now=None]t:  85%|████████▌ | 3421/4023 [01:39<00:17, 34.20it/s, now=None]t:  85%|████████▌ | 3426/4023 [01:39<00:16, 36.64it/s, now=None]t:  85%|████████▌ | 3430/4023 [01:39<00:15, 37.15it/s, now=None]t:  85%|████████▌ | 3434/4023 [01:39<00:15, 37.51it/s, now=None]t:  85%|████████▌ | 3438/4023 [01:39<00:16, 36.36it/s, now=None]t:  86%|████████▌ | 3442/4023 [01:39<00:15, 37.03it/s, now=None]t:  86%|████████▌ | 3447/4023 [01:39<00:14, 38.54it/s, now=None]t:  86%|████████▌ | 3452/4023 [01:39<00:14, 40.07it/s, now=None]t:  86%|████████▌ | 3457/4023 [01:40<00:13, 40.51it/s, now=None]t:  86%|████████▌ | 3462/4023 [01:40<00:13, 42.35it/s, now=None]t:  86%|████████▌ | 3467/4023 [01:40<00:12, 43.38it/s, now=None]t:  86%|████████▋ | 3472/4023 [01:40<00:12, 43.72it/s, now=None]t:  86%|████████▋ | 3477/4023 [01:40<00:12, 43.59it/s, now=None]t:  87%|████████▋ | 3482/4023 [01:40<00:12, 42.52it/s, now=None]t:  87%|████████▋ | 3487/4023 [01:40<00:12, 41.75it/s, now=None]t:  87%|████████▋ | 3492/4023 [01:40<00:12, 42.66it/s, now=None]t:  87%|████████▋ | 3497/4023 [01:41<00:11, 43.88it/s, now=None]t:  87%|████████▋ | 3502/4023 [01:41<00:11, 44.70it/s, now=None]t:  87%|████████▋ | 3507/4023 [01:41<00:12, 42.96it/s, now=None]t:  87%|████████▋ | 3512/4023 [01:41<00:12, 40.53it/s, now=None]t:  87%|████████▋ | 3517/4023 [01:41<00:12, 40.09it/s, now=None]t:  88%|████████▊ | 3522/4023 [01:41<00:12, 40.53it/s, now=None]t:  88%|████████▊ | 3527/4023 [01:41<00:12, 39.65it/s, now=None]t:  88%|████████▊ | 3532/4023 [01:41<00:12, 39.68it/s, now=None]t:  88%|████████▊ | 3536/4023 [01:42<00:12, 39.25it/s, now=None]t:  88%|████████▊ | 3541/4023 [01:42<00:11, 40.41it/s, now=None]t:  88%|████████▊ | 3546/4023 [01:42<00:11, 40.57it/s, now=None]t:  88%|████████▊ | 3551/4023 [01:42<00:11, 40.22it/s, now=None]t:  88%|████████▊ | 3556/4023 [01:42<00:11, 39.86it/s, now=None]t:  89%|████████▊ | 3561/4023 [01:42<00:11, 40.26it/s, now=None]t:  89%|████████▊ | 3566/4023 [01:42<00:11, 39.35it/s, now=None]t:  89%|████████▊ | 3570/4023 [01:42<00:11, 38.98it/s, now=None]t:  89%|████████▉ | 3575/4023 [01:42<00:10, 40.85it/s, now=None]t:  89%|████████▉ | 3580/4023 [01:43<00:11, 38.82it/s, now=None]t:  89%|████████▉ | 3584/4023 [01:43<00:11, 37.24it/s, now=None]t:  89%|████████▉ | 3588/4023 [01:43<00:12, 36.22it/s, now=None]t:  89%|████████▉ | 3592/4023 [01:43<00:12, 35.19it/s, now=None]t:  89%|████████▉ | 3596/4023 [01:43<00:12, 34.99it/s, now=None]t:  89%|████████▉ | 3600/4023 [01:43<00:12, 34.49it/s, now=None]t:  90%|████████▉ | 3604/4023 [01:43<00:12, 34.26it/s, now=None]t:  90%|████████▉ | 3608/4023 [01:43<00:11, 34.89it/s, now=None]t:  90%|████████▉ | 3612/4023 [01:44<00:11, 35.09it/s, now=None]t:  90%|████████▉ | 3616/4023 [01:44<00:11, 36.40it/s, now=None]t:  90%|████████▉ | 3620/4023 [01:44<00:10, 37.22it/s, now=None]t:  90%|█████████ | 3624/4023 [01:44<00:10, 37.26it/s, now=None]t:  90%|█████████ | 3628/4023 [01:44<00:10, 36.42it/s, now=None]t:  90%|█████████ | 3632/4023 [01:44<00:10, 35.88it/s, now=None]t:  90%|█████████ | 3636/4023 [01:44<00:11, 34.48it/s, now=None]t:  90%|█████████ | 3640/4023 [01:44<00:11, 34.77it/s, now=None]t:  91%|█████████ | 3644/4023 [01:44<00:10, 34.63it/s, now=None]t:  91%|█████████ | 3648/4023 [01:45<00:10, 35.27it/s, now=None]t:  91%|█████████ | 3652/4023 [01:45<00:10, 36.01it/s, now=None]t:  91%|█████████ | 3657/4023 [01:45<00:09, 37.37it/s, now=None]t:  91%|█████████ | 3661/4023 [01:45<00:09, 37.60it/s, now=None]t:  91%|█████████ | 3665/4023 [01:45<00:09, 38.10it/s, now=None]t:  91%|█████████ | 3669/4023 [01:45<00:09, 38.50it/s, now=None]t:  91%|█████████▏| 3674/4023 [01:45<00:08, 39.42it/s, now=None]t:  91%|█████████▏| 3678/4023 [01:45<00:09, 38.24it/s, now=None]t:  92%|█████████▏| 3682/4023 [01:45<00:09, 37.34it/s, now=None]t:  92%|█████████▏| 3686/4023 [01:46<00:08, 37.96it/s, now=None]t:  92%|█████████▏| 3690/4023 [01:46<00:08, 38.43it/s, now=None]t:  92%|█████████▏| 3694/4023 [01:46<00:08, 38.30it/s, now=None]t:  92%|█████████▏| 3699/4023 [01:46<00:07, 40.60it/s, now=None]t:  92%|█████████▏| 3705/4023 [01:46<00:07, 43.97it/s, now=None]t:  92%|█████████▏| 3710/4023 [01:46<00:07, 42.72it/s, now=None]t:  92%|█████████▏| 3715/4023 [01:46<00:07, 41.22it/s, now=None]t:  92%|█████████▏| 3720/4023 [01:46<00:07, 41.11it/s, now=None]t:  93%|█████████▎| 3725/4023 [01:46<00:07, 39.58it/s, now=None]t:  93%|█████████▎| 3729/4023 [01:47<00:07, 39.57it/s, now=None]t:  93%|█████████▎| 3734/4023 [01:47<00:07, 40.09it/s, now=None]t:  93%|█████████▎| 3739/4023 [01:47<00:07, 40.22it/s, now=None]t:  93%|█████████▎| 3744/4023 [01:47<00:06, 41.00it/s, now=None]t:  93%|█████████▎| 3749/4023 [01:47<00:06, 40.71it/s, now=None]t:  93%|█████████▎| 3754/4023 [01:47<00:06, 40.74it/s, now=None]t:  93%|█████████▎| 3759/4023 [01:47<00:06, 39.53it/s, now=None]t:  94%|█████████▎| 3764/4023 [01:47<00:06, 40.37it/s, now=None]t:  94%|█████████▎| 3769/4023 [01:48<00:06, 40.35it/s, now=None]t:  94%|█████████▍| 3774/4023 [01:48<00:06, 40.13it/s, now=None]t:  94%|█████████▍| 3779/4023 [01:48<00:05, 40.69it/s, now=None]t:  94%|█████████▍| 3784/4023 [01:48<00:05, 40.56it/s, now=None]t:  94%|█████████▍| 3789/4023 [01:48<00:05, 41.08it/s, now=None]t:  94%|█████████▍| 3794/4023 [01:48<00:05, 40.27it/s, now=None]t:  94%|█████████▍| 3799/4023 [01:48<00:05, 39.00it/s, now=None]t:  95%|█████████▍| 3804/4023 [01:48<00:05, 40.16it/s, now=None]t:  95%|█████████▍| 3809/4023 [01:49<00:05, 41.00it/s, now=None]t:  95%|█████████▍| 3814/4023 [01:49<00:04, 42.21it/s, now=None]t:  95%|█████████▍| 3819/4023 [01:49<00:04, 43.13it/s, now=None]t:  95%|█████████▌| 3824/4023 [01:49<00:04, 44.22it/s, now=None]t:  95%|█████████▌| 3829/4023 [01:49<00:04, 44.89it/s, now=None]t:  95%|█████████▌| 3834/4023 [01:49<00:04, 44.56it/s, now=None]t:  95%|█████████▌| 3839/4023 [01:49<00:04, 42.31it/s, now=None]t:  96%|█████████▌| 3844/4023 [01:49<00:04, 40.71it/s, now=None]t:  96%|█████████▌| 3849/4023 [01:49<00:04, 41.53it/s, now=None]t:  96%|█████████▌| 3854/4023 [01:50<00:03, 42.37it/s, now=None]t:  96%|█████████▌| 3859/4023 [01:50<00:03, 42.52it/s, now=None]t:  96%|█████████▌| 3864/4023 [01:50<00:03, 43.03it/s, now=None]t:  96%|█████████▌| 3869/4023 [01:50<00:03, 43.02it/s, now=None]t:  96%|█████████▋| 3874/4023 [01:50<00:03, 42.00it/s, now=None]t:  96%|█████████▋| 3879/4023 [01:50<00:03, 41.44it/s, now=None]t:  97%|█████████▋| 3884/4023 [01:50<00:03, 41.27it/s, now=None]t:  97%|█████████▋| 3889/4023 [01:50<00:03, 42.24it/s, now=None]t:  97%|█████████▋| 3894/4023 [01:51<00:03, 42.06it/s, now=None]t:  97%|█████████▋| 3899/4023 [01:51<00:02, 43.00it/s, now=None]t:  97%|█████████▋| 3904/4023 [01:51<00:02, 43.94it/s, now=None]t:  97%|█████████▋| 3909/4023 [01:51<00:02, 44.18it/s, now=None]t:  97%|█████████▋| 3914/4023 [01:51<00:02, 43.88it/s, now=None]t:  97%|█████████▋| 3919/4023 [01:51<00:02, 42.47it/s, now=None]t:  98%|█████████▊| 3924/4023 [01:51<00:02, 41.82it/s, now=None]t:  98%|█████████▊| 3929/4023 [01:51<00:02, 40.71it/s, now=None]t:  98%|█████████▊| 3934/4023 [01:52<00:02, 41.29it/s, now=None]t:  98%|█████████▊| 3939/4023 [01:52<00:02, 41.04it/s, now=None]t:  98%|█████████▊| 3944/4023 [01:52<00:01, 41.46it/s, now=None]t:  98%|█████████▊| 3949/4023 [01:52<00:01, 41.50it/s, now=None]t:  98%|█████████▊| 3954/4023 [01:52<00:01, 42.88it/s, now=None]t:  98%|█████████▊| 3959/4023 [01:52<00:01, 44.09it/s, now=None]t:  99%|█████████▊| 3964/4023 [01:52<00:01, 44.57it/s, now=None]t:  99%|█████████▊| 3969/4023 [01:52<00:01, 41.74it/s, now=None]t:  99%|█████████▉| 3974/4023 [01:52<00:01, 40.30it/s, now=None]t:  99%|█████████▉| 3979/4023 [01:53<00:01, 39.41it/s, now=None]t:  99%|█████████▉| 3983/4023 [01:53<00:01, 38.49it/s, now=None]t:  99%|█████████▉| 3987/4023 [01:53<00:00, 37.51it/s, now=None]t:  99%|█████████▉| 3991/4023 [01:53<00:00, 37.50it/s, now=None]t:  99%|█████████▉| 3995/4023 [01:53<00:00, 35.97it/s, now=None]t:  99%|█████████▉| 3999/4023 [01:53<00:00, 35.52it/s, now=None]t: 100%|█████████▉| 4003/4023 [01:53<00:00, 34.66it/s, now=None]t: 100%|█████████▉| 4007/4023 [01:53<00:00, 33.80it/s, now=None]t: 100%|█████████▉| 4011/4023 [01:54<00:00, 33.87it/s, now=None]t: 100%|█████████▉| 4015/4023 [01:54<00:00, 33.71it/s, now=None]t: 100%|█████████▉| 4019/4023 [01:54<00:00, 34.43it/s, now=None]t: 100%|██████████| 4023/4023 [01:54<00:00, 33.95it/s, now=None]                                                                Moviepy - Done !
Moviepy - video ready results/the_52_hertz_whale__the_loneliest_voice_in_t/the_52_hertz_whale__the_loneliest_voice_in_t_v1.mp4
  Rendered 134.1s, 12.7 MB (128.0s)
  [grade] organic texture pass (grain=8, strength=1.0)
Traceback (most recent call last):
  File "/home/ubuntu/video_engine/mission_run.py", line 2496, in <module>
    main()
  File "/home/ubuntu/video_engine/mission_run.py", line 2283, in main
    grade_stats = stage_cinematic_grade(output_path, graded_path)
                  ^^^^^^^^^^^^^^^^^^^^^^^^^^^^^^^^^^^^^^^^^^^^^^^
  File "/home/ubuntu/video_engine/mission_run.py", line 988, in stage_cinematic_grade
    r = subprocess.run(cmd, capture_output=True, text=True, timeout=600)
        ^^^^^^^^^^^^^^^^^^^^^^^^^^^^^^^^^^^^^^^^^^^^^^^^^^^^^^^^^^^^^^^^
  File "/usr/lib/python3.12/subprocess.py", line 550, in run
    stdout, stderr = process.communicate(input, timeout=timeout)
                     ^^^^^^^^^^^^^^^^^^^^^^^^^^^^^^^^^^^^^^^^^^^
  File "/usr/lib/python3.12/subprocess.py", line 1209, in communicate
    stdout, stderr = self._communicate(input, endtime, timeout)
                     ^^^^^^^^^^^^^^^^^^^^^^^^^^^^^^^^^^^^^^^^^^
  File "/usr/lib/python3.12/subprocess.py", line 2116, in _communicate
    self._check_timeout(endtime, orig_timeout, stdout, stderr)
  File "/usr/lib/python3.12/subprocess.py", line 1253, in _check_timeout
    raise TimeoutExpired(
subprocess.TimeoutExpired: Command '['ffmpeg', '-y', '-i', 'results/the_52_hertz_whale__the_loneliest_voice_in_t/the_52_hertz_whale__the_loneliest_voice_in_t_v1.mp4', '-filter_complex', "noise=alls=8:allf=t+u,split=2[base][ca];[ca]rgbashift=rh=3:bh=-3[ca2];[base][ca2]blend=all_expr='if(lte(hypot(X-W/2,Y-H/2),H*0.45),A,B)'[sharp];[sharp]eq=contrast=1.04:saturation=1.06:brightness=0.01,vignette=PI/5[out]", '-map', '[out]', '-map', '0:a?', '-c:v', 'libx264', '-preset', 'fast', '-crf', '20', '-c:a', 'copy', '-movflags', '+faststart', 'results/the_52_hertz_whale__the_loneliest_voice_in_t/the_52_hertz_whale__the_loneliest_voice_in_t_v1_graded.mp4']' timed out after 600 seconds
