[duration] target=120s scenes=10 words 282-330
[asset_router] Loaded env vars from /home/ubuntu/video_engine/.env

[1/16] RESEARCH
  15 facts, 5 sources (7.2s)

[2/16] FACT VERIFICATION
  Verified 14/15 facts

[3/16] SCRIPT DEVELOPMENT
  10 scenes drafted, 199 words (~80s at 150wpm)
  !! Under word budget (199 < 282) — expanding once
  !! Expansion JSON failed — retrying once
  !! Expansion JSON failed again — keeping draft
  !! Still under word budget (199 < 282) — deterministic expansion
  Deterministically expanded to 287 words (~115s)

[4/16] SCRIPT REVIEW (2 reviewers, ≤2 passes)

── Script Review pass 1/2 ──
  [             Fact Reviewer] score=7.5/10 conf=0.98 issues=11 (major:4 minor:4 nit:3)
  [     Storytelling Reviewer] score=4.5/10 conf=0.98 issues=9 (critical:1 major:5 minor:3)
  Gate: FAIL (scores={'fact_reviewer': 7.5, 'storytelling_reviewer': 4.5})
  Revised 10 scenes from consolidated feedback.

── Script Review pass 2/2 ──
  [             Fact Reviewer] score=7.5/10 conf=0.98 issues=10 (major:4 minor:3 nit:3)
  [     Storytelling Reviewer] score=7.2/10 conf=0.98 issues=8 (critical:2 major:2 minor:2 nit:2)
  Gate: FAIL (scores={'fact_reviewer': 7.5, 'storytelling_reviewer': 7.2})
  Max passes reached — using best available script.
  Gate passed: False after 2 pass(es) (scores: {'fact_reviewer': 7.5, 'storytelling_reviewer': 7.2})
  !! CLAIM GATE BLOCKED: ['claim_contradictions']

[5-9/16] STORYBOARD → VISUAL PLANNING → ASSET ROUTING → GENERATION → ANIMATION
-> AssetRouter: topic='The 52-Hertz Whale: the loneliest voice in the ocean' → category='Nature'

============================================================
  Visual Director (BEAT MODE): Aesthetic: photorealistic | Mood: bright | Pace: medium | Sub-aesthetic: nature
  Topic: The 52-Hertz Whale: the loneliest voice in the ocean
============================================================


──────────────────────────────────────────────────
  Scene 0: The Mystery Call
──────────────────────────────────────────────────

──────────────────────────────────────────────────
  Scene 1: The Lone Frequency
──────────────────────────────────────────────────

──────────────────────────────────────────────────
  Scene 2: The SOSUS Secret
──────────────────────────────────────────────────

──────────────────────────────────────────────────
  Scene 3: The Unanswered Call
──────────────────────────────────────────────────

──────────────────────────────────────────────────
  Scene 4: The Irregular Rhythm
──────────────────────────────────────────────────

──────────────────────────────────────────────────
  Scene 5: The Decibel Mystery
──────────────────────────────────────────────────

──────────────────────────────────────────────────
  Scene 6: The Nickname
──────────────────────────────────────────────────

──────────────────────────────────────────────────
  Scene 7: The Educational Echo
──────────────────────────────────────────────────

──────────────────────────────────────────────────
  Scene 8: The Unanswered Question
──────────────────────────────────────────────────

──────────────────────────────────────────────────
  Scene 9: The Last Pulse
──────────────────────────────────────────────────

  [BeatDirector] Planning beats for scene 0...

  [BeatDirector] Planning beats for scene 1...

  [BeatDirector] Planning beats for scene 2...
  [BeatDirector] Concept terms (10): ['whale swimming deep', 'ocean waves time-lapse', 'underwater sound waves', 'whale tail breach']...
  [BeatDirector] 6 beats, 6 shots
  [BeatDirector] Concept terms (10): ['whale sonar equipment', 'deep ocean hydrophone', 'whale call spectrogram', 'navy SOSUS array']...
  [BeatDirector] 4 beats, 4 shots
  [BeatDirector] Concept terms (10): ['whale swimming deep', 'ocean sonar equipment', 'underwater sound waves', 'solitary whale call']...
  [BeatDirector] 5 beats, 5 shots
-> AssetLibrary REUSE: 'whale swimming deep primary shot' similar to 'whale swimming deep primary shot' -> cache/video/scene_0_b0_s0.mp4
-> Router selected: 'pexels' for query 'whale swimming deep primary shot'
-> AssetLibrary EVICT (below 1920x1080 floor): 'sonar equipment screen primary shot' -> cache/video/scene_0_b2_s0.mp4
-> Cache MISS: 'whale sonar equipment primary shot' — calling Pexels API
-> AssetLibrary diversity: penalty=0.30 for 'whale swimming deep primary shot' — skipping reuse
-> Cache MISS: 'whale swimming deep primary shot' — calling Pexels API
  Candidate 1: id=5608046 1920x1080 dur=8s score=0.800 ← SELECTED
  Candidate 2: id=10377082 1920x1080 dur=37s score=0.600
  Candidate 3: id=15546563 3840x2160 dur=50s score=0.600
  Candidate 4: id=5607993 1920x1080 dur=21s score=0.600
  Candidate 5: id=10377084 1920x1080 dur=29s score=0.600
  Candidate 6: id=8906187 1920x1080 dur=25s score=0.600
  Candidate 7: id=10377449 1920x1080 dur=29s score=0.600
  Candidate 8: id=20601591 3840x2160 dur=16s score=0.600
  Candidate 9: id=26245637 3840x2160 dur=16s score=0.400
  Candidate 10: id=28097887 3840x2160 dur=57s score=0.400
-> Router: provider 'pexels' error: name '_pick_best_variant_link' is not defined
-> AssetLibrary REUSE: 'whale swimming deep primary shot' similar to 'whale swimming deep primary shot' -> cache/video/scene_0_b0_s0.mp4
-> Router selected: 'pixabay' for query 'whale swimming deep primary shot'
-> AssetLibrary REUSE: 'whale swimming deep' similar to 'whale swimming deep' -> cache/video/scene_5_b4_s0.mp4
-> Router selected: 'pexels' for query 'whale swimming deep'
  Candidate 1: id=4326984 4096x2160 dur=7s score=0.850 ← SELECTED
  Candidate 2: id=6299732 1920x1080 dur=15s score=0.600
  Candidate 3: id=7102652 1920x1080 dur=28s score=0.600
  Candidate 4: id=15546563 3840x2160 dur=50s score=0.600
  Candidate 5: id=14146687 3840x2160 dur=129s score=0.600
  Candidate 6: id=8906187 1920x1080 dur=25s score=0.600
  Candidate 7: id=27941813 3840x2160 dur=31s score=0.400
  Candidate 8: id=27941815 3840x2160 dur=82s score=0.400
  Candidate 9: id=26245637 3840x2160 dur=16s score=0.400
  Candidate 10: id=28097887 3840x2160 dur=57s score=0.400
-> Router: provider 'pexels' error: name '_pick_best_variant_link' is not defined
-> AssetLibrary EVICT (below 1920x1080 floor): 'the 52-hertz whale: the loneliest voice in the ocean documentary stock footage' -> cache/video/scene_3_b0_s0.mp4
-> AssetLibrary EVICT (below 1920x1080 floor): 'sonar equipment screen primary shot' -> cache/video/scene_0_b2_s0.mp4
-> Pixabay Cache MISS: 'whale sonar equipment primary shot' — calling Pixabay API
-> Cache HIT: 'The 52-Hertz Whale: the loneliest voice in the ocean documentary stock footage' → cache/video/scene_5_b0_s0.mp4
-> Router selected: 'pexels' for query 'The 52-Hertz Whale: the loneliest voice in the ocean documentary stock footage'
-> AssetLibrary diversity: penalty=0.30 for 'whale swimming deep' — skipping reuse
-> Cache HIT: 'whale swimming deep' → cache/video/scene_5_b3_s0.mp4
-> Router selected: 'pexels' for query 'whale swimming deep'
-> Already on disk: cache/video/scene_1_b0_s0.mp4
    [BeatDirector] Shot accepted: primary shot for beat 0 (provider=pexels)
-> AssetLibrary EVICT (below 1920x1080 floor): 'ocean waves time-lapse primary shot' -> cache/video/scene_1_b1_s0.mp4
-> Cache MISS: 'ocean waves time-lapse primary shot' — calling Pexels API
  Candidate 1: id=36592043 3840x2160 dur=6s score=0.700 ← SELECTED
  Candidate 2: id=11888087 1920x1080 dur=13s score=0.600
  Candidate 3: id=5348631 3840x2160 dur=63s score=0.600
  Candidate 4: id=17875165 3840x2160 dur=23s score=0.600
  Candidate 5: id=38808914 3840x2160 dur=9s score=0.550
  Candidate 6: id=28738510 5760x3240 dur=11s score=0.450
  Candidate 7: id=38808913 3840x2160 dur=13s score=0.400
  Candidate 8: id=36389606 3840x2160 dur=59s score=0.400
  Candidate 9: id=38663430 3840x2160 dur=19s score=0.400
  Candidate 10: id=28870121 5760x3240 dur=17s score=0.400
-> Router: provider 'pexels' error: name '_pick_best_variant_link' is not defined
-> AssetLibrary EVICT (below 1920x1080 floor): 'ocean waves time-lapse primary shot' -> cache/video/scene_1_b1_s0.mp4
-> Pixabay Cache MISS: 'ocean waves time-lapse primary shot' — calling Pixabay API
  Pixabay Candidate 1: id=244188 3840x2160 dur=8s score=0.800 ← SELECTED
  Pixabay Candidate 2: id=2420 1920x1080 dur=10s score=0.700
  Pixabay Candidate 3: id=5180 1920x1080 dur=10s score=0.700
  Pixabay Candidate 4: id=18390 3840x2160 dur=11s score=0.650
  Pixabay Candidate 5: id=117702 1920x1080 dur=20s score=0.600
  Pixabay Candidate 6: id=3741 1920x1080 dur=20s score=0.600
  Pixabay Candidate 7: id=38388 3840x2160 dur=19s score=0.600
  Pixabay Candidate 8: id=65390 3840x2160 dur=18s score=0.600
  Pixabay Candidate 9: id=8437 1920x1080 dur=18s score=0.600
  Pixabay Candidate 10: id=232561 2560x1440 dur=19s score=0.600
-> Router: provider 'pixabay' error: name '_pick_best_variant_link' is not defined
-> AssetLibrary EVICT (below 1920x1080 floor): 'sonar equipment screen primary shot' -> cache/video/scene_0_b2_s0.mp4
-> Wikimedia Cache MISS: 'whale sonar equipment primary shot' — calling Wikimedia API
-> AssetLibrary EVICT (below 1920x1080 floor): 'the 52-hertz whale: the loneliest voice in the ocean documentary stock footage' -> cache/video/scene_3_b0_s0.mp4
-> Cache HIT: 'The 52-Hertz Whale: the loneliest voice in the ocean documentary stock footage' → cache/video/scene_5_b0_s0.mp4
-> Router selected: 'pexels' for query 'The 52-Hertz Whale: the loneliest voice in the ocean documentary stock footage'
-> AssetLibrary EVICT (below 1920x1080 floor): 'sonar equipment screen primary shot' -> cache/video/scene_0_b2_s0.mp4
-> Cache MISS: 'ocean sonar equipment primary shot' — calling Pexels API
  Pixabay Candidate 1: id=16111 3840x2160 dur=10s score=0.700 ← SELECTED
  Pixabay Candidate 2: id=190332 3840x2160 dur=14s score=0.600
  Pixabay Candidate 3: id=22555 2560x1440 dur=17s score=0.600
  Pixabay Candidate 4: id=24105 3840x2160 dur=29s score=0.600
  Pixabay Candidate 5: id=71457 3840x2160 dur=31s score=0.600
  Pixabay Candidate 6: id=17869 3840x2160 dur=20s score=0.600
  Pixabay Candidate 7: id=23263 3840x2160 dur=33s score=0.600
  Pixabay Candidate 8: id=72763 3840x2160 dur=21s score=0.600
  Pixabay Candidate 9: id=44702 3840x2160 dur=45s score=0.600
  Pixabay Candidate 10: id=2213 1280x720 dur=13s score=0.000
-> Router: provider 'pixabay' error: name '_pick_best_variant_link' is not defined
-> AssetLibrary EVICT (below 1920x1080 floor): 'ocean waves time-lapse primary shot' -> cache/video/scene_1_b1_s0.mp4
-> Wikimedia Cache MISS: 'ocean waves time-lapse primary shot' — calling Wikimedia API
  Candidate 1: id=8822536 3840x2160 dur=10s score=0.700 ← SELECTED
  Candidate 2: id=8824132 3840x2160 dur=10s score=0.700
  Candidate 3: id=12208290 1920x1080 dur=27s score=0.600
  Candidate 4: id=7543407 1920x1080 dur=19s score=0.600
  Candidate 5: id=6651688 1920x1080 dur=121s score=0.600
  Candidate 6: id=15660444 3840x2160 dur=12s score=0.600
  Candidate 7: id=2850617 1920x1080 dur=16s score=0.600
  Candidate 8: id=8916728 4096x2160 dur=12s score=0.600
  Candidate 9: id=31708327 3840x2160 dur=16s score=0.400
  Candidate 10: id=30911575 3840x2160 dur=20s score=0.400
-> Router: provider 'pexels' error: name '_pick_best_variant_link' is not defined
-> AssetLibrary EVICT (below 1920x1080 floor): 'sonar equipment screen primary shot' -> cache/video/scene_0_b2_s0.mp4
-> Pixabay Cache MISS: 'ocean sonar equipment primary shot' — calling Pixabay API
  Wikimedia Candidate 1: id=91404711 1275x1650
  Wikimedia Candidate 2: id=91573379 1258x1633
  Wikimedia Candidate 3: id=99833249 1200x1500
  Wikimedia Candidate 4: id=103271556 879x1333
-> Router selected: 'wikimedia' for query 'whale sonar equipment primary shot'
  Pixabay Candidate 1: id=2420 1920x1080 dur=10s score=0.700 ← SELECTED
  Pixabay Candidate 2: id=5180 1920x1080 dur=10s score=0.700
  Pixabay Candidate 3: id=18390 3840x2160 dur=11s score=0.650
  Pixabay Candidate 4: id=345377 3840x2160 dur=49s score=0.600
  Pixabay Candidate 5: id=293788 3840x2160 dur=13s score=0.600
  Pixabay Candidate 6: id=158230 3840x2160 dur=24s score=0.600
  Pixabay Candidate 7: id=3741 1920x1080 dur=20s score=0.600
  Pixabay Candidate 8: id=38388 3840x2160 dur=19s score=0.600
  Pixabay Candidate 9: id=8437 1920x1080 dur=18s score=0.600
  Pixabay Candidate 10: id=65390 3840x2160 dur=18s score=0.600
-> Router: provider 'pixabay' error: name '_pick_best_variant_link' is not defined
-> AssetLibrary EVICT (below 1920x1080 floor): 'sonar equipment screen primary shot' -> cache/video/scene_0_b2_s0.mp4
-> Wikimedia Cache MISS: 'ocean sonar equipment primary shot' — calling Wikimedia API
  Wikimedia Candidate 1: id=91372153 1239x1752
  Wikimedia Candidate 2: id=91450698 787x1395
  Wikimedia Candidate 3: id=91510245 2468x3218
  Wikimedia Candidate 4: id=91537817 620x1022
  Wikimedia Candidate 5: id=91691894 787x1343
-> Router selected: 'wikimedia' for query 'ocean waves time-lapse primary shot'
-> AssetLibrary EVICT (below 1920x1080 floor): 'whale sonar signal' -> cache/video/scene_2_b0_s0.mp4
-> Cache MISS: 'whale sonar equipment' — calling Pexels API
-> AssetLibrary EVICT (below 1920x1080 floor): 'whale swimming deep' -> cache/video/scene_1_b0_s0.mp4
-> Cache MISS: 'whale swimming deep' — calling Pexels API
  Candidate 1: id=11279748 1920x1080 dur=7s score=0.850 ← SELECTED
  Candidate 2: id=6299732 1920x1080 dur=15s score=0.600
  Candidate 3: id=14146687 3840x2160 dur=129s score=0.600
  Candidate 4: id=15546563 3840x2160 dur=50s score=0.600
  Candidate 5: id=7102652 1920x1080 dur=28s score=0.600
  Candidate 6: id=28097887 3840x2160 dur=57s score=0.400
  Candidate 7: id=27941813 3840x2160 dur=31s score=0.400
  Candidate 8: id=28097890 3840x2160 dur=90s score=0.400
  Candidate 9: id=27941815 3840x2160 dur=82s score=0.400
  Candidate 10: id=26245637 3840x2160 dur=16s score=0.400
-> Router: provider 'pexels' error: name '_pick_best_variant_link' is not defined
  Candidate 1: id=15546563 3840x2160 dur=50s score=0.600 ← SELECTED
  Candidate 2: id=10377082 1920x1080 dur=37s score=0.600
  Candidate 3: id=5607993 1920x1080 dur=21s score=0.600
  Candidate 4: id=10377084 1920x1080 dur=29s score=0.600
  Candidate 5: id=6510690 1920x1080 dur=15s score=0.600
  Candidate 6: id=10377449 1920x1080 dur=29s score=0.600
  Candidate 7: id=8906187 1920x1080 dur=25s score=0.600
  Candidate 8: id=20601591 3840x2160 dur=16s score=0.600
  Candidate 9: id=26245637 3840x2160 dur=16s score=0.400
  Candidate 10: id=28097887 3840x2160 dur=57s score=0.400
-> Router: provider 'pexels' error: name '_pick_best_variant_link' is not defined
  Wikimedia Candidate 1: id=91404711 1275x1650
  Wikimedia Candidate 2: id=91573379 1258x1633
  Wikimedia Candidate 3: id=91601083 635x831
  Wikimedia Candidate 4: id=91602778 1118x1587
  Wikimedia Candidate 5: id=91612646 1266x1700
-> Router selected: 'wikimedia' for query 'ocean sonar equipment primary shot'
-> AssetLibrary EVICT (below 1920x1080 floor): 'whale sonar signal' -> cache/video/scene_2_b0_s0.mp4
-> Pixabay Cache MISS: 'whale sonar equipment' — calling Pixabay API
-> AssetLibrary EVICT (below 1920x1080 floor): 'whale swimming deep' -> cache/video/scene_1_b0_s0.mp4
-> Pixabay Cache MISS: 'whale swimming deep' — calling Pixabay API
-> AssetLibrary EVICT (below 1920x1080 floor): 'whale swimming deep' -> cache/video/scene_1_b0_s0.mp4
-> Cache MISS: 'whale swimming deep' — calling Pexels API
  Candidate 1: id=15546563 3840x2160 dur=50s score=0.600 ← SELECTED
  Candidate 2: id=10377082 1920x1080 dur=37s score=0.600
  Candidate 3: id=5607993 1920x1080 dur=21s score=0.600
  Candidate 4: id=10377084 1920x1080 dur=29s score=0.600
  Candidate 5: id=6510690 1920x1080 dur=15s score=0.600
  Candidate 6: id=10377449 1920x1080 dur=29s score=0.600
  Candidate 7: id=8906187 1920x1080 dur=25s score=0.600
  Candidate 8: id=20601591 3840x2160 dur=16s score=0.600
  Candidate 9: id=26245637 3840x2160 dur=16s score=0.400
  Candidate 10: id=28097887 3840x2160 dur=57s score=0.400
-> Router: provider 'pexels' error: name '_pick_best_variant_link' is not defined
  Pixabay Candidate 1: id=275007 3840x2160 dur=6s score=0.900 ← SELECTED
  Pixabay Candidate 2: id=35427 1920x1080 dur=6s score=0.900
  Pixabay Candidate 3: id=13823 1920x1080 dur=8s score=0.800
  Pixabay Candidate 4: id=244188 3840x2160 dur=8s score=0.800
  Pixabay Candidate 5: id=117702 1920x1080 dur=20s score=0.600
  Pixabay Candidate 6: id=37712 1920x1080 dur=27s score=0.600
  Pixabay Candidate 7: id=26572 1920x1080 dur=20s score=0.600
  Pixabay Candidate 8: id=312 1920x1080 dur=35s score=0.600
  Pixabay Candidate 9: id=345377 3840x2160 dur=49s score=0.600
  Pixabay Candidate 10: id=39393 3840x2160 dur=56s score=0.600
-> Router: provider 'pixabay' error: name '_pick_best_variant_link' is not defined
  Pixabay Candidate 1: id=244188 3840x2160 dur=8s score=0.800 ← SELECTED
  Pixabay Candidate 2: id=2420 1920x1080 dur=10s score=0.700
  Pixabay Candidate 3: id=5180 1920x1080 dur=10s score=0.700
  Pixabay Candidate 4: id=117702 1920x1080 dur=20s score=0.600
  Pixabay Candidate 5: id=3741 1920x1080 dur=20s score=0.600
  Pixabay Candidate 6: id=38388 3840x2160 dur=19s score=0.600
  Pixabay Candidate 7: id=8437 1920x1080 dur=18s score=0.600
  Pixabay Candidate 8: id=65390 3840x2160 dur=18s score=0.600
  Pixabay Candidate 9: id=232561 2560x1440 dur=19s score=0.600
  Pixabay Candidate 10: id=345377 3840x2160 dur=49s score=0.600
-> Router: provider 'pixabay' error: name '_pick_best_variant_link' is not defined
-> AssetLibrary EVICT (below 1920x1080 floor): 'whale swimming deep' -> cache/video/scene_1_b0_s0.mp4
-> Pixabay Cache MISS: 'whale swimming deep' — calling Pixabay API
-> AssetLibrary EVICT (below 1920x1080 floor): 'whale swimming deep' -> cache/video/scene_1_b0_s0.mp4
-> Wikimedia Cache MISS: 'whale swimming deep' — calling Wikimedia API
-> AssetLibrary EVICT (below 1920x1080 floor): 'whale sonar signal' -> cache/video/scene_2_b0_s0.mp4
-> Wikimedia Cache MISS: 'whale sonar equipment' — calling Wikimedia API
  Pixabay Candidate 1: id=275007 3840x2160 dur=6s score=0.900 ← SELECTED
  Pixabay Candidate 2: id=35427 1920x1080 dur=6s score=0.900
  Pixabay Candidate 3: id=13823 1920x1080 dur=8s score=0.800
  Pixabay Candidate 4: id=244188 3840x2160 dur=8s score=0.800
  Pixabay Candidate 5: id=117702 1920x1080 dur=20s score=0.600
  Pixabay Candidate 6: id=37712 1920x1080 dur=27s score=0.600
  Pixabay Candidate 7: id=26572 1920x1080 dur=20s score=0.600
  Pixabay Candidate 8: id=312 1920x1080 dur=35s score=0.600
  Pixabay Candidate 9: id=345377 3840x2160 dur=49s score=0.600
  Pixabay Candidate 10: id=39393 3840x2160 dur=56s score=0.600
-> Router: provider 'pixabay' error: name '_pick_best_variant_link' is not defined
-> AssetLibrary EVICT (below 1920x1080 floor): 'whale swimming deep' -> cache/video/scene_1_b0_s0.mp4
-> Wikimedia Cache MISS: 'whale swimming deep' — calling Wikimedia API
-> Wikimedia image info rate limited, retry 1 in 3s...
  Wikimedia Candidate 1: id=14141199 640x480
  Wikimedia Candidate 2: id=91738068 1200x1606
  Wikimedia Candidate 3: id=91883244 5000x3000
  Wikimedia Candidate 4: id=92219027 1279x1614
  Wikimedia Candidate 5: id=92246787 1275x1650
-> Router selected: 'wikimedia' for query 'whale sonar equipment'
-> Wikimedia image info rate limited, retry 1 in 3s...
-> AssetLibrary EVICT (below 1920x1080 floor): 'the 52-hertz whale: the loneliest voice in the ocean documentary stock footage' -> cache/video/scene_3_b0_s0.mp4
-> Cache HIT: 'The 52-Hertz Whale: the loneliest voice in the ocean documentary stock footage' → cache/video/scene_5_b0_s0.mp4
-> Router selected: 'pexels' for query 'The 52-Hertz Whale: the loneliest voice in the ocean documentary stock footage'
-> AssetLibrary EVICT (below 1920x1080 floor): 'deep ocean hydrophone primary shot' -> cache/video/scene_0_b1_s0.mp4
-> Cache MISS: 'deep ocean hydrophone primary shot' — calling Pexels API
  Candidate 1: id=11682768 1920x1080 dur=8s score=0.800 ← SELECTED
  Candidate 2: id=17186320 1920x1080 dur=10s score=0.700
  Candidate 3: id=9700927 1920x1080 dur=11s score=0.650
  Candidate 4: id=12955134 1920x1080 dur=11s score=0.650
  Candidate 5: id=36006201 3840x2160 dur=8s score=0.600
  Candidate 6: id=8822799 3840x2160 dur=12s score=0.600
  Candidate 7: id=8822982 3840x2160 dur=14s score=0.600
  Candidate 8: id=36664946 3840x2160 dur=15s score=0.400
  Candidate 9: id=38242924 3840x2160 dur=23s score=0.400
  Candidate 10: id=36710774 3840x2160 dur=15s score=0.400
-> Router: provider 'pexels' error: name '_pick_best_variant_link' is not defined
-> AssetLibrary EVICT (below 1920x1080 floor): 'deep ocean hydrophone primary shot' -> cache/video/scene_0_b1_s0.mp4
-> Pixabay Cache MISS: 'deep ocean hydrophone primary shot' — calling Pixabay API
  Pixabay Candidate 1: id=201415 3840x2160 dur=9s score=0.750 ← SELECTED
  Pixabay Candidate 2: id=18390 3840x2160 dur=11s score=0.650
  Pixabay Candidate 3: id=258191 1920x1080 dur=11s score=0.650
  Pixabay Candidate 4: id=37712 1920x1080 dur=27s score=0.600
  Pixabay Candidate 5: id=304019 1920x1080 dur=16s score=0.600
  Pixabay Candidate 6: id=293788 3840x2160 dur=13s score=0.600
  Pixabay Candidate 7: id=85674 1920x1080 dur=48s score=0.600
  Pixabay Candidate 8: id=158230 3840x2160 dur=24s score=0.600
  Pixabay Candidate 9: id=31611 1920x1080 dur=55s score=0.600
  Pixabay Candidate 10: id=26572 1920x1080 dur=20s score=0.600
-> Router: provider 'pixabay' error: name '_pick_best_variant_link' is not defined
-> AssetLibrary EVICT (below 1920x1080 floor): 'deep ocean hydrophone primary shot' -> cache/video/scene_0_b1_s0.mp4
-> Wikimedia Cache MISS: 'deep ocean hydrophone primary shot' — calling Wikimedia API
-> Wikimedia API rate limited, retry 1 in 3s...
-> Wikimedia image info rate limited, retry 2 in 6s...
-> Wikimedia image info rate limited, retry 2 in 6s...
  Wikimedia Candidate 1: id=91573379 1258x1633
  Wikimedia Candidate 2: id=91577583 1202x1618
  Wikimedia Candidate 3: id=91612646 1266x1700
  Wikimedia Candidate 4: id=91616159 1185x1652
  Wikimedia Candidate 5: id=92060338 1172x1562
-> Router selected: 'wikimedia' for query 'deep ocean hydrophone primary shot'
-> AssetLibrary EVICT (below 1920x1080 floor): 'whale sonar signal' -> cache/video/scene_2_b0_s0.mp4
-> Cache MISS: 'whale sonar equipment' — calling Pexels API
  Candidate 1: id=11279748 1920x1080 dur=7s score=0.850 ← SELECTED
  Candidate 2: id=6299732 1920x1080 dur=15s score=0.600
  Candidate 3: id=14146687 3840x2160 dur=129s score=0.600
  Candidate 4: id=15546563 3840x2160 dur=50s score=0.600
  Candidate 5: id=7102652 1920x1080 dur=28s score=0.600
  Candidate 6: id=28097887 3840x2160 dur=57s score=0.400
  Candidate 7: id=27941813 3840x2160 dur=31s score=0.400
  Candidate 8: id=28097890 3840x2160 dur=90s score=0.400
  Candidate 9: id=27941815 3840x2160 dur=82s score=0.400
  Candidate 10: id=26245637 3840x2160 dur=16s score=0.400
-> Router: provider 'pexels' error: name '_pick_best_variant_link' is not defined
-> AssetLibrary EVICT (below 1920x1080 floor): 'whale sonar signal' -> cache/video/scene_2_b0_s0.mp4
-> Pixabay Cache MISS: 'whale sonar equipment' — calling Pixabay API
  Wikimedia Candidate 1: id=59326000 716x1089
  Wikimedia Candidate 2: id=91793954 1027x1687
  Wikimedia Candidate 3: id=92515049 779x1237
  Wikimedia Candidate 4: id=95900299 662x1064
  Wikimedia Candidate 5: id=98214895 770x1170
-> Router selected: 'wikimedia' for query 'whale swimming deep'
-> Already on disk: cache/video/scene_1_b1_s0.mp4
    [BeatDirector] Shot accepted: primary shot for beat 1 (provider=pexels)
-> Cache MISS: 'underwater sound waves primary shot' — calling Pexels API
  Pixabay Candidate 1: id=244188 3840x2160 dur=8s score=0.800 ← SELECTED
  Pixabay Candidate 2: id=2420 1920x1080 dur=10s score=0.700
  Pixabay Candidate 3: id=5180 1920x1080 dur=10s score=0.700
  Pixabay Candidate 4: id=117702 1920x1080 dur=20s score=0.600
  Pixabay Candidate 5: id=3741 1920x1080 dur=20s score=0.600
  Pixabay Candidate 6: id=38388 3840x2160 dur=19s score=0.600
  Pixabay Candidate 7: id=8437 1920x1080 dur=18s score=0.600
  Pixabay Candidate 8: id=65390 3840x2160 dur=18s score=0.600
  Pixabay Candidate 9: id=232561 2560x1440 dur=19s score=0.600
  Pixabay Candidate 10: id=345377 3840x2160 dur=49s score=0.600
-> Router: provider 'pixabay' error: name '_pick_best_variant_link' is not defined
-> AssetLibrary EVICT (below 1920x1080 floor): 'whale sonar signal' -> cache/video/scene_2_b0_s0.mp4
-> Wikimedia Cache MISS: 'whale sonar equipment' — calling Wikimedia API
  Wikimedia Candidate 1: id=59326000 716x1089
  Wikimedia Candidate 2: id=91793954 1027x1687
  Wikimedia Candidate 3: id=92515049 779x1237
  Wikimedia Candidate 4: id=95900299 662x1064
  Wikimedia Candidate 5: id=98214895 770x1170
-> Router selected: 'wikimedia' for query 'whale swimming deep'
  Candidate 1: id=854344 1920x1080 dur=7s score=0.850 ← SELECTED
  Candidate 2: id=7293893 1920x1080 dur=11s score=0.650
  Candidate 3: id=5251673 1920x1080 dur=35s score=0.600
  Candidate 4: id=2915051 3840x2160 dur=60s score=0.600
  Candidate 5: id=7318087 1920x1080 dur=17s score=0.600
  Candidate 6: id=4863640 3840x2160 dur=14s score=0.600
  Candidate 7: id=4317415 3840x2160 dur=19s score=0.600
  Candidate 8: id=5968015 1920x1080 dur=13s score=0.600
  Candidate 9: id=6824938 3840x2160 dur=13s score=0.600
  Candidate 10: id=32213508 1920x1080 dur=9s score=0.550
-> Router: provider 'pexels' error: name '_pick_best_variant_link' is not defined
-> Pixabay Cache MISS: 'underwater sound waves primary shot' — calling Pixabay API
-> AssetLibrary EVICT (below 1920x1080 floor): 'the 52-hertz whale: the loneliest voice in the ocean documentary stock footage' -> cache/video/scene_3_b0_s0.mp4
-> Cache HIT: 'The 52-Hertz Whale: the loneliest voice in the ocean documentary stock footage' → cache/video/scene_5_b0_s0.mp4
-> Router selected: 'pexels' for query 'The 52-Hertz Whale: the loneliest voice in the ocean documentary stock footage'
  Pixabay Candidate 1: id=24265 1920x1080 dur=6s score=0.900 ← SELECTED
  Pixabay Candidate 2: id=213511 1920x1080 dur=9s score=0.750
  Pixabay Candidate 3: id=67358 3840x2160 dur=59s score=0.600
  Pixabay Candidate 4: id=58193 3840x2160 dur=43s score=0.600
  Pixabay Candidate 5: id=37712 1920x1080 dur=27s score=0.600
  Pixabay Candidate 6: id=110734 3840x2160 dur=14s score=0.600
  Pixabay Candidate 7: id=30902 1920x1080 dur=24s score=0.600
  Pixabay Candidate 8: id=161880 1920x1080 dur=27s score=0.600
  Pixabay Candidate 9: id=26818 3840x2160 dur=16s score=0.600
  Pixabay Candidate 10: id=110879 1920x1080 dur=20s score=0.600
-> Router: provider 'pixabay' error: name '_pick_best_variant_link' is not defined
-> Wikimedia Cache MISS: 'underwater sound waves primary shot' — calling Wikimedia API
-> Cache MISS: 'underwater sound waves primary shot' — calling Pexels API
  Candidate 1: id=854344 1920x1080 dur=7s score=0.850 ← SELECTED
  Candidate 2: id=7293893 1920x1080 dur=11s score=0.650
  Candidate 3: id=5251673 1920x1080 dur=35s score=0.600
  Candidate 4: id=2915051 3840x2160 dur=60s score=0.600
  Candidate 5: id=7318087 1920x1080 dur=17s score=0.600
  Candidate 6: id=4863640 3840x2160 dur=14s score=0.600
  Candidate 7: id=4317415 3840x2160 dur=19s score=0.600
  Candidate 8: id=5968015 1920x1080 dur=13s score=0.600
  Candidate 9: id=6824938 3840x2160 dur=13s score=0.600
  Candidate 10: id=32213508 1920x1080 dur=9s score=0.550
-> Router: provider 'pexels' error: name '_pick_best_variant_link' is not defined
-> Pixabay Cache MISS: 'underwater sound waves primary shot' — calling Pixabay API
  Wikimedia Candidate 1: id=14141199 640x480
  Wikimedia Candidate 2: id=91738068 1200x1606
  Wikimedia Candidate 3: id=91883244 5000x3000
  Wikimedia Candidate 4: id=92219027 1279x1614
  Wikimedia Candidate 5: id=92246787 1275x1650
-> Router selected: 'wikimedia' for query 'whale sonar equipment'
-> AssetLibrary EVICT (below 1920x1080 floor): 'the 52-hertz whale: the loneliest voice in the ocean documentary stock footage' -> cache/video/scene_3_b0_s0.mp4
-> Cache HIT: 'The 52-Hertz Whale: the loneliest voice in the ocean documentary stock footage' → cache/video/scene_5_b0_s0.mp4
-> Router selected: 'pexels' for query 'The 52-Hertz Whale: the loneliest voice in the ocean documentary stock footage'
  Pixabay Candidate 1: id=24265 1920x1080 dur=6s score=0.900 ← SELECTED
  Pixabay Candidate 2: id=213511 1920x1080 dur=9s score=0.750
  Pixabay Candidate 3: id=67358 3840x2160 dur=59s score=0.600
  Pixabay Candidate 4: id=58193 3840x2160 dur=43s score=0.600
  Pixabay Candidate 5: id=37712 1920x1080 dur=27s score=0.600
  Pixabay Candidate 6: id=30902 1920x1080 dur=24s score=0.600
  Pixabay Candidate 7: id=161880 1920x1080 dur=27s score=0.600
  Pixabay Candidate 8: id=110734 3840x2160 dur=14s score=0.600
  Pixabay Candidate 9: id=26818 3840x2160 dur=16s score=0.600
  Pixabay Candidate 10: id=110879 1920x1080 dur=20s score=0.600
-> Router: provider 'pixabay' error: name '_pick_best_variant_link' is not defined
-> Wikimedia Cache MISS: 'underwater sound waves primary shot' — calling Wikimedia API
  Wikimedia Candidate 1: id=91797434 1433x1868
  Wikimedia Candidate 2: id=92035149 1193x1589
  Wikimedia Candidate 3: id=92060338 1172x1562
  Wikimedia Candidate 4: id=92508877 1275x1650
  Wikimedia Candidate 5: id=92541751 1275x1650
-> Router selected: 'wikimedia' for query 'underwater sound waves primary shot'
-> AssetLibrary EVICT (below 1920x1080 floor): 'whale call spectrogram primary shot' -> cache/video/scene_4_b3_s0.mp4
-> Cache MISS: 'whale call spectrogram primary shot' — calling Pexels API
-> AssetLibrary EVICT (below 1920x1080 floor): 'whale swimming deep' -> cache/video/scene_1_b0_s0.mp4
-> Cache MISS: 'whale swimming deep' — calling Pexels API
  Candidate 1: id=15546563 3840x2160 dur=50s score=0.600 ← SELECTED
  Candidate 2: id=10377082 1920x1080 dur=37s score=0.600
  Candidate 3: id=5607993 1920x1080 dur=21s score=0.600
  Candidate 4: id=10377084 1920x1080 dur=29s score=0.600
  Candidate 5: id=6510690 1920x1080 dur=15s score=0.600
  Candidate 6: id=10377449 1920x1080 dur=29s score=0.600
  Candidate 7: id=8906187 1920x1080 dur=25s score=0.600
  Candidate 8: id=20601591 3840x2160 dur=16s score=0.600
  Candidate 9: id=26245637 3840x2160 dur=16s score=0.400
  Candidate 10: id=28097887 3840x2160 dur=57s score=0.400
-> Router: provider 'pexels' error: name '_pick_best_variant_link' is not defined
-> AssetLibrary EVICT (below 1920x1080 floor): 'whale swimming deep' -> cache/video/scene_1_b0_s0.mp4
-> Pixabay Cache MISS: 'whale swimming deep' — calling Pixabay API
  Candidate 1: id=11279748 1920x1080 dur=7s score=0.850 ← SELECTED
  Candidate 2: id=4326984 4096x2160 dur=7s score=0.850
  Candidate 3: id=19460372 3840x2160 dur=9s score=0.750
  Candidate 4: id=8906187 1920x1080 dur=25s score=0.600
  Candidate 5: id=12306692 3840x2160 dur=18s score=0.600
  Candidate 6: id=27941813 3840x2160 dur=31s score=0.400
  Candidate 7: id=27941815 3840x2160 dur=82s score=0.400
  Candidate 8: id=29054057 1920x1080 dur=12s score=0.400
  Candidate 9: id=4520420 1920x1012 dur=3s score=0.000
  Candidate 10: id=4520422 1920x1012 dur=3s score=0.000
-> Router: provider 'pexels' error: name '_pick_best_variant_link' is not defined
-> AssetLibrary EVICT (below 1920x1080 floor): 'whale call spectrogram primary shot' -> cache/video/scene_4_b3_s0.mp4
-> Pixabay Cache MISS: 'whale call spectrogram primary shot' — calling Pixabay API
  Wikimedia Candidate 1: id=91797434 1433x1868
  Wikimedia Candidate 2: id=92035149 1193x1589
  Wikimedia Candidate 3: id=92060338 1172x1562
  Wikimedia Candidate 4: id=92508877 1275x1650
  Wikimedia Candidate 5: id=92541751 1275x1650
-> Router selected: 'wikimedia' for query 'underwater sound waves primary shot'
  Pixabay Candidate 1: id=275007 3840x2160 dur=6s score=0.900 ← SELECTED
  Pixabay Candidate 2: id=35427 1920x1080 dur=6s score=0.900
  Pixabay Candidate 3: id=13823 1920x1080 dur=8s score=0.800
  Pixabay Candidate 4: id=244188 3840x2160 dur=8s score=0.800
  Pixabay Candidate 5: id=117702 1920x1080 dur=20s score=0.600
  Pixabay Candidate 6: id=37712 1920x1080 dur=27s score=0.600
  Pixabay Candidate 7: id=26572 1920x1080 dur=20s score=0.600
  Pixabay Candidate 8: id=312 1920x1080 dur=35s score=0.600
  Pixabay Candidate 9: id=345377 3840x2160 dur=49s score=0.600
  Pixabay Candidate 10: id=39393 3840x2160 dur=56s score=0.600
-> Router: provider 'pixabay' error: name '_pick_best_variant_link' is not defined
-> AssetLibrary EVICT (below 1920x1080 floor): 'whale swimming deep' -> cache/video/scene_1_b0_s0.mp4
-> Wikimedia Cache MISS: 'whale swimming deep' — calling Wikimedia API
-> AssetLibrary EVICT (below 1920x1080 floor): 'whale swimming deep' -> cache/video/scene_1_b0_s0.mp4
-> Cache MISS: 'whale swimming deep' — calling Pexels API
  Pixabay Candidate 1: id=244188 3840x2160 dur=8s score=0.800 ← SELECTED
  Pixabay Candidate 2: id=86866 1920x1080 dur=10s score=0.700
  Pixabay Candidate 3: id=18390 3840x2160 dur=11s score=0.650
  Pixabay Candidate 4: id=133686 1920x1080 dur=16s score=0.600
  Pixabay Candidate 5: id=117702 1920x1080 dur=20s score=0.600
  Pixabay Candidate 6: id=204420 3840x2160 dur=15s score=0.600
  Pixabay Candidate 7: id=7093 1920x1080 dur=30s score=0.600
  Pixabay Candidate 8: id=33592 1920x1080 dur=20s score=0.600
  Pixabay Candidate 9: id=204421 3840x2160 dur=22s score=0.600
  Pixabay Candidate 10: id=88244 3840x2160 dur=13s score=0.600
-> Router: provider 'pixabay' error: name '_pick_best_variant_link' is not defined
  Candidate 1: id=15546563 3840x2160 dur=50s score=0.600 ← SELECTED
  Candidate 2: id=10377082 1920x1080 dur=37s score=0.600
  Candidate 3: id=5607993 1920x1080 dur=21s score=0.600
  Candidate 4: id=10377084 1920x1080 dur=29s score=0.600
  Candidate 5: id=6510690 1920x1080 dur=15s score=0.600
  Candidate 6: id=10377449 1920x1080 dur=29s score=0.600
  Candidate 7: id=8906187 1920x1080 dur=25s score=0.600
  Candidate 8: id=20601591 3840x2160 dur=16s score=0.600
  Candidate 9: id=26245637 3840x2160 dur=16s score=0.400
  Candidate 10: id=28097887 3840x2160 dur=57s score=0.400
-> Router: provider 'pexels' error: name '_pick_best_variant_link' is not defined
-> AssetLibrary EVICT (below 1920x1080 floor): 'whale call spectrogram primary shot' -> cache/video/scene_4_b3_s0.mp4
-> Wikimedia Cache MISS: 'whale call spectrogram primary shot' — calling Wikimedia API
-> AssetLibrary EVICT (below 1920x1080 floor): 'whale swimming deep' -> cache/video/scene_1_b0_s0.mp4
-> Pixabay Cache MISS: 'whale swimming deep' — calling Pixabay API
-> Wikimedia API rate limited, retry 1 in 3s...
-> Wikimedia API rate limited, retry 1 in 3s...
  Pixabay Candidate 1: id=275007 3840x2160 dur=6s score=0.900 ← SELECTED
  Pixabay Candidate 2: id=35427 1920x1080 dur=6s score=0.900
  Pixabay Candidate 3: id=13823 1920x1080 dur=8s score=0.800
  Pixabay Candidate 4: id=244188 3840x2160 dur=8s score=0.800
  Pixabay Candidate 5: id=117702 1920x1080 dur=20s score=0.600
  Pixabay Candidate 6: id=37712 1920x1080 dur=27s score=0.600
  Pixabay Candidate 7: id=26572 1920x1080 dur=20s score=0.600
  Pixabay Candidate 8: id=312 1920x1080 dur=35s score=0.600
  Pixabay Candidate 9: id=345377 3840x2160 dur=49s score=0.600
  Pixabay Candidate 10: id=39393 3840x2160 dur=56s score=0.600
-> Router: provider 'pixabay' error: name '_pick_best_variant_link' is not defined
-> AssetLibrary EVICT (below 1920x1080 floor): 'whale swimming deep' -> cache/video/scene_1_b0_s0.mp4
-> Wikimedia Cache MISS: 'whale swimming deep' — calling Wikimedia API
-> Wikimedia API rate limited, retry 1 in 3s...
-> Wikimedia API rate limited, retry 2 in 6s...
-> Wikimedia API rate limited, retry 2 in 6s...
-> Wikimedia API rate limited, retry 2 in 6s...
-> Wikimedia API rate limited, retry 3 in 9s...
-> Wikimedia API rate limited, retry 3 in 9s...
-> Wikimedia API rate limited, retry 3 in 9s...
-> Wikimedia API request failed: Expecting value: line 1 column 1 (char 0)
-> Router: all providers exhausted for 'whale swimming deep' — returning empty
-> AssetLibrary EVICT (below 1920x1080 floor): 'the 52-hertz whale: the loneliest voice in the ocean documentary stock footage' -> cache/video/scene_3_b0_s0.mp4
-> Wikimedia API request failed: Expecting value: line 1 column 1 (char 0)
-> Router: all providers exhausted for 'whale call spectrogram primary shot' — returning empty
-> Cache HIT: 'The 52-Hertz Whale: the loneliest voice in the ocean documentary stock footage' → cache/video/scene_5_b0_s0.mp4
-> Router selected: 'pexels' for query 'The 52-Hertz Whale: the loneliest voice in the ocean documentary stock footage'
-> AssetLibrary EVICT (below 1920x1080 floor): 'whale sonar signal' -> cache/video/scene_2_b0_s0.mp4
-> Cache MISS: 'whale sonar equipment' — calling Pexels API
  Candidate 1: id=11279748 1920x1080 dur=7s score=0.850 ← SELECTED
  Candidate 2: id=6299732 1920x1080 dur=15s score=0.600
  Candidate 3: id=14146687 3840x2160 dur=129s score=0.600
  Candidate 4: id=15546563 3840x2160 dur=50s score=0.600
  Candidate 5: id=7102652 1920x1080 dur=28s score=0.600
  Candidate 6: id=28097887 3840x2160 dur=57s score=0.400
  Candidate 7: id=27941813 3840x2160 dur=31s score=0.400
  Candidate 8: id=28097890 3840x2160 dur=90s score=0.400
  Candidate 9: id=27941815 3840x2160 dur=82s score=0.400
  Candidate 10: id=26245637 3840x2160 dur=16s score=0.400
-> Router: provider 'pexels' error: name '_pick_best_variant_link' is not defined
-> AssetLibrary EVICT (below 1920x1080 floor): 'whale sonar signal' -> cache/video/scene_2_b0_s0.mp4
-> Pixabay Cache MISS: 'whale sonar equipment' — calling Pixabay API
-> AssetLibrary REUSE: 'whale tail breach primary shot' similar to 'whale tail breach primary shot' -> cache/video/scene_4_b1_s0.mp4
-> Router selected: 'pexels' for query 'whale tail breach primary shot'
-> Wikimedia API request failed: Expecting value: line 1 column 1 (char 0)
-> Router: all providers exhausted for 'whale swimming deep' — returning empty
-> AssetLibrary EVICT (below 1920x1080 floor): 'the 52-hertz whale: the loneliest voice in the ocean documentary stock footage' -> cache/video/scene_3_b0_s0.mp4
-> Cache HIT: 'The 52-Hertz Whale: the loneliest voice in the ocean documentary stock footage' → cache/video/scene_5_b0_s0.mp4
-> Router selected: 'pexels' for query 'The 52-Hertz Whale: the loneliest voice in the ocean documentary stock footage'
-> AssetLibrary EVICT (below 1920x1080 floor): 'whale swimming deep' -> cache/video/scene_1_b0_s0.mp4
-> Cache MISS: 'whale swimming deep' — calling Pexels API
  Candidate 1: id=15546563 3840x2160 dur=50s score=0.600 ← SELECTED
  Candidate 2: id=10377082 1920x1080 dur=37s score=0.600
  Candidate 3: id=5607993 1920x1080 dur=21s score=0.600
  Candidate 4: id=10377084 1920x1080 dur=29s score=0.600
  Candidate 5: id=6510690 1920x1080 dur=15s score=0.600
  Candidate 6: id=10377449 1920x1080 dur=29s score=0.600
  Candidate 7: id=8906187 1920x1080 dur=25s score=0.600
  Candidate 8: id=20601591 3840x2160 dur=16s score=0.600
  Candidate 9: id=26245637 3840x2160 dur=16s score=0.400
  Candidate 10: id=28097887 3840x2160 dur=57s score=0.400
-> Router: provider 'pexels' error: name '_pick_best_variant_link' is not defined
  Pixabay Candidate 1: id=244188 3840x2160 dur=8s score=0.800 ← SELECTED
  Pixabay Candidate 2: id=2420 1920x1080 dur=10s score=0.700
  Pixabay Candidate 3: id=5180 1920x1080 dur=10s score=0.700
  Pixabay Candidate 4: id=117702 1920x1080 dur=20s score=0.600
  Pixabay Candidate 5: id=3741 1920x1080 dur=20s score=0.600
  Pixabay Candidate 6: id=38388 3840x2160 dur=19s score=0.600
  Pixabay Candidate 7: id=65390 3840x2160 dur=18s score=0.600
  Pixabay Candidate 8: id=8437 1920x1080 dur=18s score=0.600
  Pixabay Candidate 9: id=232561 2560x1440 dur=19s score=0.600
  Pixabay Candidate 10: id=345377 3840x2160 dur=49s score=0.600
-> Router: provider 'pixabay' error: name '_pick_best_variant_link' is not defined
-> AssetLibrary EVICT (below 1920x1080 floor): 'whale swimming deep' -> cache/video/scene_1_b0_s0.mp4
-> Pixabay Cache MISS: 'whale swimming deep' — calling Pixabay API
-> AssetLibrary EVICT (below 1920x1080 floor): 'whale sonar signal' -> cache/video/scene_2_b0_s0.mp4
-> Wikimedia Cache MISS: 'whale sonar equipment' — calling Wikimedia API
-> AssetLibrary EVICT (below 1920x1080 floor): 'underwater whale call primary shot' -> cache/video/scene_7_b0_s0.mp4
-> Cache MISS: 'solitary whale call primary shot' — calling Pexels API
-> Wikimedia API rate limited, retry 1 in 3s...
  Pixabay Candidate 1: id=275007 3840x2160 dur=6s score=0.900 ← SELECTED
  Pixabay Candidate 2: id=35427 1920x1080 dur=6s score=0.900
  Pixabay Candidate 3: id=13823 1920x1080 dur=8s score=0.800
  Pixabay Candidate 4: id=244188 3840x2160 dur=8s score=0.800
  Pixabay Candidate 5: id=117702 1920x1080 dur=20s score=0.600
  Pixabay Candidate 6: id=37712 1920x1080 dur=27s score=0.600
  Pixabay Candidate 7: id=26572 1920x1080 dur=20s score=0.600
  Pixabay Candidate 8: id=312 1920x1080 dur=35s score=0.600
  Pixabay Candidate 9: id=345377 3840x2160 dur=49s score=0.600
  Pixabay Candidate 10: id=39393 3840x2160 dur=56s score=0.600
-> Router: provider 'pixabay' error: name '_pick_best_variant_link' is not defined
-> AssetLibrary EVICT (below 1920x1080 floor): 'whale swimming deep' -> cache/video/scene_1_b0_s0.mp4
-> Wikimedia Cache MISS: 'whale swimming deep' — calling Wikimedia API
  Candidate 1: id=4571364 4096x2160 dur=7s score=0.850 ← SELECTED
  Candidate 2: id=11279748 1920x1080 dur=7s score=0.850
  Candidate 3: id=7102652 1920x1080 dur=28s score=0.600
  Candidate 4: id=5607993 1920x1080 dur=21s score=0.600
  Candidate 5: id=8906187 1920x1080 dur=25s score=0.600
  Candidate 6: id=27941813 3840x2160 dur=31s score=0.400
  Candidate 7: id=36628330 3840x2160 dur=13s score=0.400
  Candidate 8: id=27941815 3840x2160 dur=82s score=0.400
  Candidate 9: id=36628340 3840x2160 dur=18s score=0.400
  Candidate 10: id=36628334 3840x2160 dur=15s score=0.400
-> Router: provider 'pexels' error: name '_pick_best_variant_link' is not defined
-> AssetLibrary EVICT (below 1920x1080 floor): 'underwater whale call primary shot' -> cache/video/scene_7_b0_s0.mp4
-> Pixabay Cache MISS: 'solitary whale call primary shot' — calling Pixabay API
-> Wikimedia API rate limited, retry 1 in 3s...
  Pixabay Candidate 1: id=244188 3840x2160 dur=8s score=0.800 ← SELECTED
  Pixabay Candidate 2: id=86866 1920x1080 dur=10s score=0.700
  Pixabay Candidate 3: id=18390 3840x2160 dur=11s score=0.650
  Pixabay Candidate 4: id=117702 1920x1080 dur=20s score=0.600
  Pixabay Candidate 5: id=242824 3840x2160 dur=19s score=0.600
  Pixabay Candidate 6: id=204420 3840x2160 dur=15s score=0.600
  Pixabay Candidate 7: id=7093 1920x1080 dur=30s score=0.600
  Pixabay Candidate 8: id=33592 1920x1080 dur=20s score=0.600
  Pixabay Candidate 9: id=204421 3840x2160 dur=22s score=0.600
  Pixabay Candidate 10: id=88244 3840x2160 dur=13s score=0.600
-> Router: provider 'pixabay' error: name '_pick_best_variant_link' is not defined
-> AssetLibrary EVICT (below 1920x1080 floor): 'underwater whale call primary shot' -> cache/video/scene_7_b0_s0.mp4
-> Wikimedia Cache MISS: 'solitary whale call primary shot' — calling Wikimedia API
-> Wikimedia API rate limited, retry 1 in 3s...
-> Wikimedia API rate limited, retry 2 in 6s...
-> Wikimedia API rate limited, retry 2 in 6s...
-> Wikimedia API rate limited, retry 2 in 6s...
-> Wikimedia API rate limited, retry 3 in 9s...
-> Wikimedia API rate limited, retry 3 in 9s...
-> Wikimedia API rate limited, retry 3 in 9s...
-> Wikimedia API request failed: Expecting value: line 1 column 1 (char 0)
-> Router: all providers exhausted for 'whale sonar equipment' — returning empty
-> AssetLibrary EVICT (below 1920x1080 floor): 'the 52-hertz whale: the loneliest voice in the ocean documentary stock footage' -> cache/video/scene_3_b0_s0.mp4
-> Cache HIT: 'The 52-Hertz Whale: the loneliest voice in the ocean documentary stock footage' → cache/video/scene_5_b0_s0.mp4
-> Router selected: 'pexels' for query 'The 52-Hertz Whale: the loneliest voice in the ocean documentary stock footage'
-> Wikimedia API request failed: Expecting value: line 1 column 1 (char 0)
-> Router: all providers exhausted for 'whale swimming deep' — returning empty
-> AssetLibrary EVICT (below 1920x1080 floor): 'the 52-hertz whale: the loneliest voice in the ocean documentary stock footage' -> cache/video/scene_3_b0_s0.mp4
-> Cache MISS: 'navy SOSUS array primary shot' — calling Pexels API
-> Cache HIT: 'The 52-Hertz Whale: the loneliest voice in the ocean documentary stock footage' → cache/video/scene_5_b0_s0.mp4
-> Router selected: 'pexels' for query 'The 52-Hertz Whale: the loneliest voice in the ocean documentary stock footage'
-> AssetLibrary EVICT (below 1920x1080 floor): 'sonar equipment screen primary shot' -> cache/video/scene_0_b2_s0.mp4
-> Cache MISS: 'sonar equipment screen primary shot' — calling Pexels API
  Candidate 1: id=6442793 1920x1080 dur=8s score=0.800 ← SELECTED
  Candidate 2: id=6442797 1920x1080 dur=8s score=0.800
  Candidate 3: id=19233938 3840x2160 dur=9s score=0.750
  Candidate 4: id=7705202 1920x1080 dur=9s score=0.750
  Candidate 5: id=8822536 3840x2160 dur=10s score=0.700
  Candidate 6: id=7858272 4096x2160 dur=10s score=0.700
  Candidate 7: id=19197449 3840x2160 dur=11s score=0.650
  Candidate 8: id=8091892 1920x1080 dur=13s score=0.600
  Candidate 9: id=31801786 1920x1080 dur=11s score=0.450
  Candidate 10: id=33897540 3840x2160 dur=20s score=0.400
-> Router: provider 'pexels' error: name '_pick_best_variant_link' is not defined
  Candidate 1: id=15164036 3840x2024 dur=10s score=0.600 ← SELECTED
  Candidate 2: id=6967457 1920x1080 dur=16s score=0.600
  Candidate 3: id=8851160 2720x1530 dur=12s score=0.600
  Candidate 4: id=9790191 3840x2160 dur=15s score=0.600
  Candidate 5: id=7624666 3840x2160 dur=26s score=0.600
  Candidate 6: id=6910670 1920x1080 dur=10s score=0.600
  Candidate 7: id=9789952 3840x2160 dur=11s score=0.600
  Candidate 8: id=12277500 2720x1530 dur=35s score=0.600
  Candidate 9: id=36005246 1920x1080 dur=22s score=0.400
  Candidate 10: id=32386520 3840x2160 dur=10s score=0.400
-> Router: provider 'pexels' error: name '_pick_best_variant_link' is not defined
-> Pixabay Cache MISS: 'navy SOSUS array primary shot' — calling Pixabay API
-> AssetLibrary EVICT (below 1920x1080 floor): 'sonar equipment screen primary shot' -> cache/video/scene_0_b2_s0.mp4
-> Pixabay Cache MISS: 'sonar equipment screen primary shot' — calling Pixabay API
-> Wikimedia API request failed: Expecting value: line 1 column 1 (char 0)
-> Router: all providers exhausted for 'solitary whale call primary shot' — returning empty
-> AssetLibrary EVICT (below 1920x1080 floor): 'whale swimming deep' -> cache/video/scene_1_b0_s0.mp4
-> Cache MISS: 'whale swimming deep' — calling Pexels API
  Candidate 1: id=15546563 3840x2160 dur=50s score=0.600 ← SELECTED
  Candidate 2: id=10377082 1920x1080 dur=37s score=0.600
  Candidate 3: id=5607993 1920x1080 dur=21s score=0.600
  Candidate 4: id=10377084 1920x1080 dur=29s score=0.600
  Candidate 5: id=6510690 1920x1080 dur=15s score=0.600
  Candidate 6: id=10377449 1920x1080 dur=29s score=0.600
  Candidate 7: id=8906187 1920x1080 dur=25s score=0.600
  Candidate 8: id=20601591 3840x2160 dur=16s score=0.600
  Candidate 9: id=26245637 3840x2160 dur=16s score=0.400
  Candidate 10: id=28097887 3840x2160 dur=57s score=0.400
-> Router: provider 'pexels' error: name '_pick_best_variant_link' is not defined
-> AssetLibrary EVICT (below 1920x1080 floor): 'whale swimming deep' -> cache/video/scene_1_b0_s0.mp4
-> Pixabay Cache MISS: 'whale swimming deep' — calling Pixabay API
  Pixabay Candidate 1: id=18390 3840x2160 dur=11s score=0.600 ← SELECTED
  Pixabay Candidate 2: id=7093 1920x1080 dur=30s score=0.600
  Pixabay Candidate 3: id=33592 1920x1080 dur=20s score=0.600
  Pixabay Candidate 4: id=32945 1920x1080 dur=36s score=0.600
  Pixabay Candidate 5: id=44415 3840x2160 dur=30s score=0.600
  Pixabay Candidate 6: id=33594 1920x1080 dur=20s score=0.600
  Pixabay Candidate 7: id=245388 3840x2160 dur=59s score=0.600
  Pixabay Candidate 8: id=32948 1920x1080 dur=45s score=0.600
  Pixabay Candidate 9: id=242060 3840x2160 dur=25s score=0.600
  Pixabay Candidate 10: id=158230 3840x2160 dur=24s score=0.600
-> Router: provider 'pixabay' error: name '_pick_best_variant_link' is not defined
-> Wikimedia Cache MISS: 'navy SOSUS array primary shot' — calling Wikimedia API
-> Wikimedia API rate limited, retry 1 in 3s...
  Pixabay Candidate 1: id=88883 1920x1080 dur=6s score=0.900 ← SELECTED
  Pixabay Candidate 2: id=2420 1920x1080 dur=10s score=0.700
  Pixabay Candidate 3: id=5180 1920x1080 dur=10s score=0.700
  Pixabay Candidate 4: id=18390 3840x2160 dur=11s score=0.650
  Pixabay Candidate 5: id=14096 1920x1080 dur=20s score=0.600
  Pixabay Candidate 6: id=3741 1920x1080 dur=20s score=0.600
  Pixabay Candidate 7: id=202987 3840x2160 dur=15s score=0.600
  Pixabay Candidate 8: id=38388 3840x2160 dur=19s score=0.600
  Pixabay Candidate 9: id=8437 1920x1080 dur=18s score=0.600
  Pixabay Candidate 10: id=65390 3840x2160 dur=18s score=0.600
-> Router: provider 'pixabay' error: name '_pick_best_variant_link' is not defined
-> AssetLibrary EVICT (below 1920x1080 floor): 'sonar equipment screen primary shot' -> cache/video/scene_0_b2_s0.mp4
-> Wikimedia Cache MISS: 'sonar equipment screen primary shot' — calling Wikimedia API
-> Wikimedia API rate limited, retry 1 in 3s...
  Pixabay Candidate 1: id=275007 3840x2160 dur=6s score=0.900 ← SELECTED
  Pixabay Candidate 2: id=35427 1920x1080 dur=6s score=0.900
  Pixabay Candidate 3: id=13823 1920x1080 dur=8s score=0.800
  Pixabay Candidate 4: id=244188 3840x2160 dur=8s score=0.800
  Pixabay Candidate 5: id=117702 1920x1080 dur=20s score=0.600
  Pixabay Candidate 6: id=37712 1920x1080 dur=27s score=0.600
  Pixabay Candidate 7: id=26572 1920x1080 dur=20s score=0.600
  Pixabay Candidate 8: id=312 1920x1080 dur=35s score=0.600
  Pixabay Candidate 9: id=345377 3840x2160 dur=49s score=0.600
  Pixabay Candidate 10: id=39393 3840x2160 dur=56s score=0.600
-> Router: provider 'pixabay' error: name '_pick_best_variant_link' is not defined
-> AssetLibrary EVICT (below 1920x1080 floor): 'whale swimming deep' -> cache/video/scene_1_b0_s0.mp4
-> Wikimedia Cache MISS: 'whale swimming deep' — calling Wikimedia API
-> Wikimedia API rate limited, retry 1 in 3s...
-> Wikimedia API rate limited, retry 2 in 6s...
-> Wikimedia API rate limited, retry 2 in 6s...
-> Wikimedia API rate limited, retry 2 in 6s...
  Wikimedia Candidate 1: id=91602157 1177x1558
  Wikimedia Candidate 2: id=92036734 1200x1581
-> Router selected: 'wikimedia' for query 'navy SOSUS array primary shot'
-> Already on disk: cache/video/scene_2_b3_s0.mp4
    [BeatDirector] Shot accepted: primary shot for beat 3 (provider=pexels)
  Wikimedia Candidate 1: id=91561062 1197x1637
  Wikimedia Candidate 2: id=91602157 1177x1558
  Wikimedia Candidate 3: id=91657280 1650x1872
  Wikimedia Candidate 4: id=92508877 1275x1650
  Wikimedia Candidate 5: id=92512014 1275x1650
-> Router selected: 'wikimedia' for query 'sonar equipment screen primary shot'
  Wikimedia Candidate 1: id=59326000 716x1089
  Wikimedia Candidate 2: id=91793954 1027x1687
  Wikimedia Candidate 3: id=92515049 779x1237
  Wikimedia Candidate 4: id=95900299 662x1064
  Wikimedia Candidate 5: id=98214895 770x1170
-> Router selected: 'wikimedia' for query 'whale swimming deep'
-> AssetLibrary EVICT (below 1920x1080 floor): 'whale swimming deep' -> cache/video/scene_2_b3_s0.mp4
-> Cache MISS: 'whale swimming deep' — calling Pexels API
  Candidate 1: id=15546563 3840x2160 dur=50s score=0.600 ← SELECTED
  Candidate 2: id=10377082 1920x1080 dur=37s score=0.600
  Candidate 3: id=5607993 1920x1080 dur=21s score=0.600
  Candidate 4: id=10377084 1920x1080 dur=29s score=0.600
  Candidate 5: id=6510690 1920x1080 dur=15s score=0.600
  Candidate 6: id=10377449 1920x1080 dur=29s score=0.600
  Candidate 7: id=8906187 1920x1080 dur=25s score=0.600
  Candidate 8: id=20601591 3840x2160 dur=16s score=0.600
  Candidate 9: id=26245637 3840x2160 dur=16s score=0.400
  Candidate 10: id=28097887 3840x2160 dur=57s score=0.400
-> Router: provider 'pexels' error: name '_pick_best_variant_link' is not defined
-> AssetLibrary EVICT (below 1920x1080 floor): 'whale swimming deep' -> cache/video/scene_2_b3_s0.mp4
-> Pixabay Cache MISS: 'whale swimming deep' — calling Pixabay API
-> AssetLibrary EVICT (below 1920x1080 floor): 'the 52-hertz whale: the loneliest voice in the ocean documentary stock footage' -> cache/video/scene_3_b0_s0.mp4
-> Cache HIT: 'The 52-Hertz Whale: the loneliest voice in the ocean documentary stock footage' → cache/video/scene_5_b0_s0.mp4
-> Router selected: 'pexels' for query 'The 52-Hertz Whale: the loneliest voice in the ocean documentary stock footage'
  Pixabay Candidate 1: id=275007 3840x2160 dur=6s score=0.900 ← SELECTED
  Pixabay Candidate 2: id=35427 1920x1080 dur=6s score=0.900
  Pixabay Candidate 3: id=13823 1920x1080 dur=8s score=0.800
  Pixabay Candidate 4: id=244188 3840x2160 dur=8s score=0.800
  Pixabay Candidate 5: id=117702 1920x1080 dur=20s score=0.600
  Pixabay Candidate 6: id=37712 1920x1080 dur=27s score=0.600
  Pixabay Candidate 7: id=26572 1920x1080 dur=20s score=0.600
  Pixabay Candidate 8: id=312 1920x1080 dur=35s score=0.600
  Pixabay Candidate 9: id=345377 3840x2160 dur=49s score=0.600
  Pixabay Candidate 10: id=39393 3840x2160 dur=56s score=0.600
-> Router: provider 'pixabay' error: name '_pick_best_variant_link' is not defined
-> AssetLibrary EVICT (below 1920x1080 floor): 'whale swimming deep' -> cache/video/scene_2_b3_s0.mp4
-> Wikimedia Cache MISS: 'whale swimming deep' — calling Wikimedia API
-> AssetLibrary EVICT (below 1920x1080 floor): 'blue whale swimming primary shot' -> cache/video/scene_4_b0_s0.mp4
-> Cache MISS: 'blue whale dorsal fin primary shot' — calling Pexels API
  Candidate 1: id=4332086 4096x2160 dur=4s score=1.000 ← SELECTED
  Candidate 2: id=4332083 4096x2160 dur=6s score=0.900
  Candidate 3: id=4326984 4096x2160 dur=7s score=0.850
  Candidate 4: id=4571364 4096x2160 dur=7s score=0.850
  Candidate 5: id=35763061 3840x2160 dur=5s score=0.750
  Candidate 6: id=4332084 4096x2160 dur=20s score=0.600
  Candidate 7: id=4332085 4096x2160 dur=17s score=0.600
  Candidate 8: id=8906187 1920x1080 dur=25s score=0.600
  Candidate 9: id=31873891 3840x2160 dur=14s score=0.400
  Candidate 10: id=27941815 3840x2160 dur=82s score=0.400
-> Router: provider 'pexels' error: name '_pick_best_variant_link' is not defined
-> AssetLibrary EVICT (below 1920x1080 floor): 'blue whale swimming primary shot' -> cache/video/scene_4_b0_s0.mp4
-> Pixabay Cache MISS: 'blue whale dorsal fin primary shot' — calling Pixabay API
  Pixabay Candidate 1: id=244188 3840x2160 dur=8s score=0.800 ← SELECTED
  Pixabay Candidate 2: id=18390 3840x2160 dur=11s score=0.650
  Pixabay Candidate 3: id=117702 1920x1080 dur=20s score=0.600
  Pixabay Candidate 4: id=293788 3840x2160 dur=13s score=0.600
  Pixabay Candidate 5: id=27547 1920x1080 dur=23s score=0.600
  Pixabay Candidate 6: id=206783 3840x2160 dur=48s score=0.600
  Pixabay Candidate 7: id=13441 3840x2160 dur=27s score=0.600
  Pixabay Candidate 8: id=6681 1920x1080 dur=24s score=0.600
  Pixabay Candidate 9: id=7093 1920x1080 dur=30s score=0.600
  Pixabay Candidate 10: id=33592 1920x1080 dur=20s score=0.600
-> Router: provider 'pixabay' error: name '_pick_best_variant_link' is not defined
  Wikimedia Candidate 1: id=59326000 716x1089
  Wikimedia Candidate 2: id=91793954 1027x1687
  Wikimedia Candidate 3: id=92515049 779x1237
  Wikimedia Candidate 4: id=95900299 662x1064
  Wikimedia Candidate 5: id=98214895 770x1170
-> Router selected: 'wikimedia' for query 'whale swimming deep'
-> AssetLibrary EVICT (below 1920x1080 floor): 'blue whale swimming primary shot' -> cache/video/scene_4_b0_s0.mp4
-> Wikimedia Cache MISS: 'blue whale dorsal fin primary shot' — calling Wikimedia API
-> AssetLibrary EVICT (below 1920x1080 floor): 'the 52-hertz whale: the loneliest voice in the ocean documentary stock footage' -> cache/video/scene_3_b0_s0.mp4
-> Cache HIT: 'The 52-Hertz Whale: the loneliest voice in the ocean documentary stock footage' → cache/video/scene_5_b0_s0.mp4
-> Router selected: 'pexels' for query 'The 52-Hertz Whale: the loneliest voice in the ocean documentary stock footage'
-> Wikimedia image info rate limited, retry 1 in 3s...
-> AssetLibrary EVICT (below 1920x1080 floor): 'blue whale swimming primary shot' -> cache/video/scene_4_b0_s0.mp4
-> Cache MISS: 'blue whale close-up primary shot' — calling Pexels API
  Candidate 1: id=11279748 1920x1080 dur=7s score=0.850 ← SELECTED
  Candidate 2: id=4571364 4096x2160 dur=7s score=0.850
  Candidate 3: id=15546563 3840x2160 dur=50s score=0.600
  Candidate 4: id=7102652 1920x1080 dur=28s score=0.600
  Candidate 5: id=8906187 1920x1080 dur=25s score=0.600
  Candidate 6: id=27941813 3840x2160 dur=31s score=0.400
  Candidate 7: id=27941815 3840x2160 dur=82s score=0.400
  Candidate 8: id=26245637 3840x2160 dur=16s score=0.400
  Candidate 9: id=28097890 3840x2160 dur=90s score=0.400
  Candidate 10: id=28097887 3840x2160 dur=57s score=0.400
-> Router: provider 'pexels' error: name '_pick_best_variant_link' is not defined
-> AssetLibrary EVICT (below 1920x1080 floor): 'blue whale swimming primary shot' -> cache/video/scene_4_b0_s0.mp4
-> Pixabay Cache MISS: 'blue whale close-up primary shot' — calling Pixabay API
  Pixabay Candidate 1: id=30470 4096x2160 dur=6s score=0.900 ← SELECTED
  Pixabay Candidate 2: id=240531 3840x2160 dur=7s score=0.850
  Pixabay Candidate 3: id=199545 3840x2160 dur=7s score=0.850
  Pixabay Candidate 4: id=117702 1920x1080 dur=20s score=0.600
  Pixabay Candidate 5: id=189018 1920x1080 dur=14s score=0.600
  Pixabay Candidate 6: id=26493 1920x1080 dur=74s score=0.600
  Pixabay Candidate 7: id=367126 3840x2160 dur=23s score=0.600
  Pixabay Candidate 8: id=26593 1920x1080 dur=28s score=0.600
  Pixabay Candidate 9: id=4948 1920x1080 dur=12s score=0.600
  Pixabay Candidate 10: id=13100 1920x1080 dur=53s score=0.600
-> Router: provider 'pixabay' error: name '_pick_best_variant_link' is not defined
-> AssetLibrary EVICT (below 1920x1080 floor): 'blue whale swimming primary shot' -> cache/video/scene_4_b0_s0.mp4
-> Wikimedia Cache MISS: 'blue whale close-up primary shot' — calling Wikimedia API
-> Wikimedia API rate limited, retry 1 in 3s...
-> Wikimedia image info rate limited, retry 2 in 6s...
-> Wikimedia API rate limited, retry 2 in 6s...
-> Wikimedia image info rate limited, retry 3 in 9s...

  [BeatDirector] Planning beats for scene 3...
  [BeatDirector] Concept terms (10): ['whale swimming deep', 'ocean sonar waves', 'hydrophone underwater recording', 'blue whale dorsal fin']...
  [BeatDirector] 6 beats, 6 shots
-> AssetLibrary REUSE: 'whale swimming deep primary shot' similar to 'whale swimming deep primary shot' -> cache/video/scene_0_b0_s0.mp4
-> Router selected: 'pexels' for query 'whale swimming deep primary shot'
-> Already on disk: cache/video/scene_3_b0_s0.mp4
    [BeatDirector] Shot accepted: primary shot for beat 0 (provider=pexels)
-> Wikimedia API rate limited, retry 3 in 9s...
-> AssetLibrary REUSE: 'ocean sonar waves primary shot' similar to 'ocean waves dark primary shot' -> cache/video/scene_9_b1_s0.mp4
-> Router selected: 'pexels' for query 'ocean sonar waves primary shot'
-> AssetLibrary EVICT (below 1920x1080 floor): 'whale swimming deep' -> cache/video/scene_2_b3_s0.mp4
-> Cache MISS: 'whale swimming deep' — calling Pexels API
  Candidate 1: id=15546563 3840x2160 dur=50s score=0.600 ← SELECTED
  Candidate 2: id=10377082 1920x1080 dur=37s score=0.600
  Candidate 3: id=5607993 1920x1080 dur=21s score=0.600
  Candidate 4: id=10377084 1920x1080 dur=29s score=0.600
  Candidate 5: id=6510690 1920x1080 dur=15s score=0.600
  Candidate 6: id=10377449 1920x1080 dur=29s score=0.600
  Candidate 7: id=8906187 1920x1080 dur=25s score=0.600
  Candidate 8: id=20601591 3840x2160 dur=16s score=0.600
  Candidate 9: id=26245637 3840x2160 dur=16s score=0.400
  Candidate 10: id=28097887 3840x2160 dur=57s score=0.400
-> Router: provider 'pexels' error: name '_pick_best_variant_link' is not defined
-> AssetLibrary EVICT (below 1920x1080 floor): 'whale swimming deep' -> cache/video/scene_2_b3_s0.mp4
-> Pixabay Cache MISS: 'whale swimming deep' — calling Pixabay API
  Pixabay Candidate 1: id=275007 3840x2160 dur=6s score=0.900 ← SELECTED
  Pixabay Candidate 2: id=35427 1920x1080 dur=6s score=0.900
  Pixabay Candidate 3: id=13823 1920x1080 dur=8s score=0.800
  Pixabay Candidate 4: id=244188 3840x2160 dur=8s score=0.800
  Pixabay Candidate 5: id=117702 1920x1080 dur=20s score=0.600
  Pixabay Candidate 6: id=37712 1920x1080 dur=27s score=0.600
  Pixabay Candidate 7: id=26572 1920x1080 dur=20s score=0.600
  Pixabay Candidate 8: id=312 1920x1080 dur=35s score=0.600
  Pixabay Candidate 9: id=345377 3840x2160 dur=49s score=0.600
  Pixabay Candidate 10: id=39393 3840x2160 dur=56s score=0.600
-> Router: provider 'pixabay' error: name '_pick_best_variant_link' is not defined
-> AssetLibrary EVICT (below 1920x1080 floor): 'whale swimming deep' -> cache/video/scene_2_b3_s0.mp4
-> Wikimedia Cache MISS: 'whale swimming deep' — calling Wikimedia API
-> Wikimedia API rate limited, retry 1 in 3s...
-> Wikimedia API rate limited, retry 2 in 6s...
-> Wikimedia image info request failed: Expecting value: line 1 column 1 (char 0)
-> Router: all providers exhausted for 'blue whale dorsal fin primary shot' — returning empty
-> AssetLibrary EVICT (below 1920x1080 floor): 'whale swimming deep' -> cache/video/scene_2_b3_s0.mp4
-> Cache MISS: 'whale swimming deep' — calling Pexels API
  Candidate 1: id=15546563 3840x2160 dur=50s score=0.600 ← SELECTED
  Candidate 2: id=10377082 1920x1080 dur=37s score=0.600
  Candidate 3: id=5607993 1920x1080 dur=21s score=0.600
  Candidate 4: id=10377084 1920x1080 dur=29s score=0.600
  Candidate 5: id=6510690 1920x1080 dur=15s score=0.600
  Candidate 6: id=10377449 1920x1080 dur=29s score=0.600
  Candidate 7: id=8906187 1920x1080 dur=25s score=0.600
  Candidate 8: id=20601591 3840x2160 dur=16s score=0.600
  Candidate 9: id=26245637 3840x2160 dur=16s score=0.400
  Candidate 10: id=28097887 3840x2160 dur=57s score=0.400
-> Router: provider 'pexels' error: name '_pick_best_variant_link' is not defined
-> AssetLibrary EVICT (below 1920x1080 floor): 'whale swimming deep' -> cache/video/scene_2_b3_s0.mp4
-> Pixabay Cache MISS: 'whale swimming deep' — calling Pixabay API
  Pixabay Candidate 1: id=275007 3840x2160 dur=6s score=0.900 ← SELECTED
  Pixabay Candidate 2: id=35427 1920x1080 dur=6s score=0.900
  Pixabay Candidate 3: id=13823 1920x1080 dur=8s score=0.800
  Pixabay Candidate 4: id=244188 3840x2160 dur=8s score=0.800
  Pixabay Candidate 5: id=117702 1920x1080 dur=20s score=0.600
  Pixabay Candidate 6: id=37712 1920x1080 dur=27s score=0.600
  Pixabay Candidate 7: id=26572 1920x1080 dur=20s score=0.600
  Pixabay Candidate 8: id=312 1920x1080 dur=35s score=0.600
  Pixabay Candidate 9: id=345377 3840x2160 dur=49s score=0.600
  Pixabay Candidate 10: id=39393 3840x2160 dur=56s score=0.600
-> Router: provider 'pixabay' error: name '_pick_best_variant_link' is not defined
-> AssetLibrary EVICT (below 1920x1080 floor): 'whale swimming deep' -> cache/video/scene_2_b3_s0.mp4
-> Wikimedia Cache MISS: 'whale swimming deep' — calling Wikimedia API
-> Wikimedia API rate limited, retry 1 in 3s...
-> Wikimedia API request failed: Expecting value: line 1 column 1 (char 0)
-> Router: all providers exhausted for 'blue whale close-up primary shot' — returning empty
-> AssetLibrary EVICT (below 1920x1080 floor): 'whale swimming deep' -> cache/video/scene_2_b3_s0.mp4
-> Cache MISS: 'whale swimming deep' — calling Pexels API
  Candidate 1: id=15546563 3840x2160 dur=50s score=0.600 ← SELECTED
  Candidate 2: id=10377082 1920x1080 dur=37s score=0.600
  Candidate 3: id=5607993 1920x1080 dur=21s score=0.600
  Candidate 4: id=10377084 1920x1080 dur=29s score=0.600
  Candidate 5: id=6510690 1920x1080 dur=15s score=0.600
  Candidate 6: id=10377449 1920x1080 dur=29s score=0.600
  Candidate 7: id=8906187 1920x1080 dur=25s score=0.600
  Candidate 8: id=20601591 3840x2160 dur=16s score=0.600
  Candidate 9: id=26245637 3840x2160 dur=16s score=0.400
  Candidate 10: id=28097887 3840x2160 dur=57s score=0.400
-> Router: provider 'pexels' error: name '_pick_best_variant_link' is not defined
-> AssetLibrary EVICT (below 1920x1080 floor): 'whale swimming deep' -> cache/video/scene_2_b3_s0.mp4
-> Pixabay Cache MISS: 'whale swimming deep' — calling Pixabay API
  Pixabay Candidate 1: id=275007 3840x2160 dur=6s score=0.900 ← SELECTED
  Pixabay Candidate 2: id=35427 1920x1080 dur=6s score=0.900
  Pixabay Candidate 3: id=13823 1920x1080 dur=8s score=0.800
  Pixabay Candidate 4: id=244188 3840x2160 dur=8s score=0.800
  Pixabay Candidate 5: id=117702 1920x1080 dur=20s score=0.600
  Pixabay Candidate 6: id=37712 1920x1080 dur=27s score=0.600
  Pixabay Candidate 7: id=26572 1920x1080 dur=20s score=0.600
  Pixabay Candidate 8: id=312 1920x1080 dur=35s score=0.600
  Pixabay Candidate 9: id=345377 3840x2160 dur=49s score=0.600
  Pixabay Candidate 10: id=39393 3840x2160 dur=56s score=0.600
-> Router: provider 'pixabay' error: name '_pick_best_variant_link' is not defined
-> AssetLibrary EVICT (below 1920x1080 floor): 'whale swimming deep' -> cache/video/scene_2_b3_s0.mp4
-> Wikimedia Cache MISS: 'whale swimming deep' — calling Wikimedia API
-> Wikimedia API rate limited, retry 1 in 3s...
-> Wikimedia API rate limited, retry 3 in 9s...
-> Wikimedia API rate limited, retry 2 in 6s...
-> Wikimedia API rate limited, retry 2 in 6s...
-> Wikimedia API rate limited, retry 3 in 9s...
-> Wikimedia API rate limited, retry 3 in 9s...
-> Wikimedia API request failed: Expecting value: line 1 column 1 (char 0)
-> Router: all providers exhausted for 'whale swimming deep' — returning empty
-> AssetLibrary EVICT (below 1920x1080 floor): 'the 52-hertz whale: the loneliest voice in the ocean documentary stock footage' -> cache/video/scene_3_b0_s0.mp4
-> Cache HIT: 'The 52-Hertz Whale: the loneliest voice in the ocean documentary stock footage' → cache/video/scene_5_b0_s0.mp4
-> Router selected: 'pexels' for query 'The 52-Hertz Whale: the loneliest voice in the ocean documentary stock footage'
-> AssetLibrary REUSE: 'hydrophone underwater recording primary shot' similar to 'hydrophone underwater recording primary shot' -> cache/video/scene_3_b1_s0.mp4
-> Router selected: 'pexels' for query 'hydrophone underwater recording primary shot'
-> AssetLibrary EVICT (below 1920x1080 floor): 'whale swimming deep' -> cache/video/scene_2_b3_s0.mp4
-> Cache MISS: 'whale swimming deep' — calling Pexels API
  Candidate 1: id=15546563 3840x2160 dur=50s score=0.600 ← SELECTED
  Candidate 2: id=10377082 1920x1080 dur=37s score=0.600
  Candidate 3: id=5607993 1920x1080 dur=21s score=0.600
  Candidate 4: id=10377084 1920x1080 dur=29s score=0.600
  Candidate 5: id=6510690 1920x1080 dur=15s score=0.600
  Candidate 6: id=10377449 1920x1080 dur=29s score=0.600
  Candidate 7: id=8906187 1920x1080 dur=25s score=0.600
  Candidate 8: id=20601591 3840x2160 dur=16s score=0.600
  Candidate 9: id=26245637 3840x2160 dur=16s score=0.400
  Candidate 10: id=28097887 3840x2160 dur=57s score=0.400
-> Router: provider 'pexels' error: name '_pick_best_variant_link' is not defined
-> AssetLibrary EVICT (below 1920x1080 floor): 'whale swimming deep' -> cache/video/scene_2_b3_s0.mp4
-> Pixabay Cache MISS: 'whale swimming deep' — calling Pixabay API
  Pixabay Candidate 1: id=275007 3840x2160 dur=6s score=0.900 ← SELECTED
  Pixabay Candidate 2: id=35427 1920x1080 dur=6s score=0.900
  Pixabay Candidate 3: id=13823 1920x1080 dur=8s score=0.800
  Pixabay Candidate 4: id=244188 3840x2160 dur=8s score=0.800
  Pixabay Candidate 5: id=117702 1920x1080 dur=20s score=0.600
  Pixabay Candidate 6: id=37712 1920x1080 dur=27s score=0.600
  Pixabay Candidate 7: id=26572 1920x1080 dur=20s score=0.600
  Pixabay Candidate 8: id=312 1920x1080 dur=35s score=0.600
  Pixabay Candidate 9: id=345377 3840x2160 dur=49s score=0.600
  Pixabay Candidate 10: id=39393 3840x2160 dur=56s score=0.600
-> Router: provider 'pixabay' error: name '_pick_best_variant_link' is not defined
-> AssetLibrary EVICT (below 1920x1080 floor): 'whale swimming deep' -> cache/video/scene_2_b3_s0.mp4
-> Wikimedia Cache MISS: 'whale swimming deep' — calling Wikimedia API
-> Wikimedia API rate limited, retry 1 in 3s...
-> Wikimedia API rate limited, retry 2 in 6s...
-> Wikimedia API request failed: Expecting value: line 1 column 1 (char 0)
-> Router: all providers exhausted for 'whale swimming deep' — returning empty
-> AssetLibrary EVICT (below 1920x1080 floor): 'the 52-hertz whale: the loneliest voice in the ocean documentary stock footage' -> cache/video/scene_3_b0_s0.mp4
-> Cache HIT: 'The 52-Hertz Whale: the loneliest voice in the ocean documentary stock footage' → cache/video/scene_5_b0_s0.mp4
-> Router selected: 'pexels' for query 'The 52-Hertz Whale: the loneliest voice in the ocean documentary stock footage'
-> Wikimedia API request failed: Expecting value: line 1 column 1 (char 0)
-> Router: all providers exhausted for 'whale swimming deep' — returning empty
-> AssetLibrary EVICT (below 1920x1080 floor): 'the 52-hertz whale: the loneliest voice in the ocean documentary stock footage' -> cache/video/scene_3_b0_s0.mp4
-> Cache HIT: 'The 52-Hertz Whale: the loneliest voice in the ocean documentary stock footage' → cache/video/scene_5_b0_s0.mp4
-> Router selected: 'pexels' for query 'The 52-Hertz Whale: the loneliest voice in the ocean documentary stock footage'
-> Wikimedia API rate limited, retry 3 in 9s...
  Wikimedia Candidate 1: id=59326000 716x1089
  Wikimedia Candidate 2: id=91793954 1027x1687
  Wikimedia Candidate 3: id=92515049 779x1237
  Wikimedia Candidate 4: id=95900299 662x1064
  Wikimedia Candidate 5: id=98214895 770x1170
-> Router selected: 'wikimedia' for query 'whale swimming deep'
-> AssetLibrary EVICT (below 1920x1080 floor): 'the 52-hertz whale: the loneliest voice in the ocean documentary stock footage' -> cache/video/scene_3_b0_s0.mp4
-> Cache HIT: 'The 52-Hertz Whale: the loneliest voice in the ocean documentary stock footage' → cache/video/scene_5_b0_s0.mp4
-> Router selected: 'pexels' for query 'The 52-Hertz Whale: the loneliest voice in the ocean documentary stock footage'
-> AssetLibrary EVICT (below 1920x1080 floor): 'blue whale swimming primary shot' -> cache/video/scene_4_b0_s0.mp4
-> Cache MISS: 'blue whale dorsal fin primary shot' — calling Pexels API
  Candidate 1: id=4332086 4096x2160 dur=4s score=1.000 ← SELECTED
  Candidate 2: id=4332083 4096x2160 dur=6s score=0.900
  Candidate 3: id=4326984 4096x2160 dur=7s score=0.850
  Candidate 4: id=4571364 4096x2160 dur=7s score=0.850
  Candidate 5: id=35763061 3840x2160 dur=5s score=0.750
  Candidate 6: id=4332084 4096x2160 dur=20s score=0.600
  Candidate 7: id=4332085 4096x2160 dur=17s score=0.600
  Candidate 8: id=8906187 1920x1080 dur=25s score=0.600
  Candidate 9: id=31873891 3840x2160 dur=14s score=0.400
  Candidate 10: id=27941815 3840x2160 dur=82s score=0.400
-> Router: provider 'pexels' error: name '_pick_best_variant_link' is not defined
-> AssetLibrary EVICT (below 1920x1080 floor): 'blue whale swimming primary shot' -> cache/video/scene_4_b0_s0.mp4
-> Pixabay Cache MISS: 'blue whale dorsal fin primary shot' — calling Pixabay API
  Pixabay Candidate 1: id=244188 3840x2160 dur=8s score=0.800 ← SELECTED
  Pixabay Candidate 2: id=18390 3840x2160 dur=11s score=0.650
  Pixabay Candidate 3: id=117702 1920x1080 dur=20s score=0.600
  Pixabay Candidate 4: id=293788 3840x2160 dur=13s score=0.600
  Pixabay Candidate 5: id=27547 1920x1080 dur=23s score=0.600
  Pixabay Candidate 6: id=206783 3840x2160 dur=48s score=0.600
  Pixabay Candidate 7: id=13441 3840x2160 dur=27s score=0.600
  Pixabay Candidate 8: id=6681 1920x1080 dur=24s score=0.600
  Pixabay Candidate 9: id=7093 1920x1080 dur=30s score=0.600
  Pixabay Candidate 10: id=206772 3840x2160 dur=28s score=0.600
-> Router: provider 'pixabay' error: name '_pick_best_variant_link' is not defined
-> AssetLibrary EVICT (below 1920x1080 floor): 'blue whale swimming primary shot' -> cache/video/scene_4_b0_s0.mp4
-> Wikimedia Cache MISS: 'blue whale dorsal fin primary shot' — calling Wikimedia API
  Wikimedia Candidate 1: id=91670509 1010x1562
  Wikimedia Candidate 2: id=92107933 1008x1647
  Wikimedia Candidate 3: id=92233082 760x1245
  Wikimedia Candidate 4: id=92435032 800x1272
  Wikimedia Candidate 5: id=92435043 804x1250
-> Router selected: 'wikimedia' for query 'blue whale dorsal fin primary shot'
-> AssetLibrary EVICT (below 1920x1080 floor): 'whale swimming deep' -> cache/video/scene_2_b3_s0.mp4
-> Cache MISS: 'whale swimming deep' — calling Pexels API
  Candidate 1: id=15546563 3840x2160 dur=50s score=0.600 ← SELECTED
  Candidate 2: id=10377082 1920x1080 dur=37s score=0.600
  Candidate 3: id=5607993 1920x1080 dur=21s score=0.600
  Candidate 4: id=10377084 1920x1080 dur=29s score=0.600
  Candidate 5: id=6510690 1920x1080 dur=15s score=0.600
  Candidate 6: id=10377449 1920x1080 dur=29s score=0.600
  Candidate 7: id=8906187 1920x1080 dur=25s score=0.600
  Candidate 8: id=20601591 3840x2160 dur=16s score=0.600
  Candidate 9: id=26245637 3840x2160 dur=16s score=0.400
  Candidate 10: id=28097887 3840x2160 dur=57s score=0.400
-> Router: provider 'pexels' error: name '_pick_best_variant_link' is not defined
-> AssetLibrary EVICT (below 1920x1080 floor): 'whale swimming deep' -> cache/video/scene_2_b3_s0.mp4
-> Pixabay Cache MISS: 'whale swimming deep' — calling Pixabay API
  Pixabay Candidate 1: id=275007 3840x2160 dur=6s score=0.900 ← SELECTED
  Pixabay Candidate 2: id=35427 1920x1080 dur=6s score=0.900
  Pixabay Candidate 3: id=13823 1920x1080 dur=8s score=0.800
  Pixabay Candidate 4: id=244188 3840x2160 dur=8s score=0.800
  Pixabay Candidate 5: id=117702 1920x1080 dur=20s score=0.600
  Pixabay Candidate 6: id=37712 1920x1080 dur=27s score=0.600
  Pixabay Candidate 7: id=26572 1920x1080 dur=20s score=0.600
  Pixabay Candidate 8: id=312 1920x1080 dur=35s score=0.600
  Pixabay Candidate 9: id=345377 3840x2160 dur=49s score=0.600
  Pixabay Candidate 10: id=39393 3840x2160 dur=56s score=0.600
-> Router: provider 'pixabay' error: name '_pick_best_variant_link' is not defined
-> AssetLibrary EVICT (below 1920x1080 floor): 'whale swimming deep' -> cache/video/scene_2_b3_s0.mp4
-> Wikimedia Cache MISS: 'whale swimming deep' — calling Wikimedia API
  Wikimedia Candidate 1: id=59326000 716x1089
  Wikimedia Candidate 2: id=91793954 1027x1687
  Wikimedia Candidate 3: id=92515049 779x1237
  Wikimedia Candidate 4: id=95900299 662x1064
  Wikimedia Candidate 5: id=98214895 770x1170
-> Router selected: 'wikimedia' for query 'whale swimming deep'
-> AssetLibrary EVICT (below 1920x1080 floor): 'the 52-hertz whale: the loneliest voice in the ocean documentary stock footage' -> cache/video/scene_3_b0_s0.mp4
-> Cache HIT: 'The 52-Hertz Whale: the loneliest voice in the ocean documentary stock footage' → cache/video/scene_5_b0_s0.mp4
-> Router selected: 'pexels' for query 'The 52-Hertz Whale: the loneliest voice in the ocean documentary stock footage'
-> Cache MISS: 'ship deck research primary shot' — calling Pexels API
  Candidate 1: id=20438712 3840x2160 dur=7s score=0.850 ← SELECTED
  Candidate 2: id=26728856 1920x1080 dur=8s score=0.600
  Candidate 3: id=6651688 1920x1080 dur=121s score=0.600
  Candidate 4: id=13752447 1920x1080 dur=30s score=0.600
  Candidate 5: id=20438709 3840x2160 dur=42s score=0.600
  Candidate 6: id=32313386 1920x1080 dur=10s score=0.500
  Candidate 7: id=31433244 1920x1080 dur=14s score=0.400
  Candidate 8: id=34758780 3840x2160 dur=68s score=0.400
  Candidate 9: id=36835692 3840x2160 dur=33s score=0.400
  Candidate 10: id=31433271 1920x1080 dur=14s score=0.400
-> Router: provider 'pexels' error: name '_pick_best_variant_link' is not defined
-> Pixabay Cache MISS: 'ship deck research primary shot' — calling Pixabay API
  Pixabay Candidate 1: id=6973 1920x1080 dur=7s score=0.850 ← SELECTED
  Pixabay Candidate 2: id=18390 3840x2160 dur=11s score=0.650
  Pixabay Candidate 3: id=3713 1920x1080 dur=20s score=0.600
  Pixabay Candidate 4: id=32231 1920x1080 dur=31s score=0.600
  Pixabay Candidate 5: id=10715 1920x1080 dur=58s score=0.600
  Pixabay Candidate 6: id=140730 1920x1080 dur=15s score=0.600
  Pixabay Candidate 7: id=2849 1920x1080 dur=76s score=0.600
  Pixabay Candidate 8: id=110735 3840x2160 dur=20s score=0.600
  Pixabay Candidate 9: id=23544 3840x2160 dur=32s score=0.600
  Pixabay Candidate 10: id=2172 1280x720 dur=30s score=0.000
-> Router: provider 'pixabay' error: name '_pick_best_variant_link' is not defined
-> Wikimedia Cache MISS: 'ship deck research primary shot' — calling Wikimedia API
-> Wikimedia API rate limited, retry 1 in 3s...
-> Wikimedia API rate limited, retry 2 in 6s...

  [BeatDirector] Planning beats for scene 4...
  [BeatDirector] Concept terms (10): ['whale underwater swimming', 'ocean deep dark', 'whale call bubbles', 'sonar screen pulses']...
  [BeatDirector] 3 beats, 3 shots
-> AssetLibrary EVICT (below 1920x1080 floor): 'whale underwater swimming primary shot' -> cache/video/scene_2_b0_s0.mp4
-> Cache MISS: 'whale underwater swimming primary shot' — calling Pexels API
  Candidate 1: id=4571364 4096x2160 dur=7s score=0.877 ← SELECTED
  Candidate 2: id=5607993 1920x1080 dur=21s score=0.600
  Candidate 3: id=15546563 3840x2160 dur=50s score=0.600
  Candidate 4: id=10377082 1920x1080 dur=37s score=0.600
  Candidate 5: id=10377084 1920x1080 dur=29s score=0.600
  Candidate 6: id=6625561 3840x2160 dur=30s score=0.600
  Candidate 7: id=14146687 3840x2160 dur=129s score=0.600
  Candidate 8: id=10377449 1920x1080 dur=29s score=0.600
  Candidate 9: id=28097890 3840x2160 dur=90s score=0.400
  Candidate 10: id=28097887 3840x2160 dur=57s score=0.400
-> Router: provider 'pexels' error: name '_pick_best_variant_link' is not defined
-> AssetLibrary EVICT (below 1920x1080 floor): 'whale underwater swimming primary shot' -> cache/video/scene_2_b0_s0.mp4
-> Pixabay Cache MISS: 'whale underwater swimming primary shot' — calling Pixabay API
  Pixabay Candidate 1: id=24265 1920x1080 dur=6s score=0.923 ← SELECTED
  Pixabay Candidate 2: id=13833 1920x1080 dur=8s score=0.831
  Pixabay Candidate 3: id=110877 1920x1080 dur=9s score=0.784
  Pixabay Candidate 4: id=117702 1920x1080 dur=20s score=0.600
  Pixabay Candidate 5: id=10480 1920x1080 dur=112s score=0.600
  Pixabay Candidate 6: id=110879 1920x1080 dur=20s score=0.600
  Pixabay Candidate 7: id=37712 1920x1080 dur=27s score=0.600
  Pixabay Candidate 8: id=340813 3840x2160 dur=29s score=0.600
  Pixabay Candidate 9: id=15063 1920x1080 dur=14s score=0.600
  Pixabay Candidate 10: id=26572 1920x1080 dur=20s score=0.600
-> Router: provider 'pixabay' error: name '_pick_best_variant_link' is not defined
-> AssetLibrary EVICT (below 1920x1080 floor): 'whale underwater swimming primary shot' -> cache/video/scene_2_b0_s0.mp4
-> Wikimedia Cache MISS: 'whale underwater swimming primary shot' — calling Wikimedia API

  [BeatDirector] Planning beats for scene 5...
-> Wikimedia API rate limited, retry 1 in 3s...
  [BeatDirector] Concept terms (10): ['whale underwater close-up', 'ocean surface waves', 'sonar equipment in water', 'deep ocean abyss']...
  [BeatDirector] 3 beats, 3 shots
-> AssetLibrary EVICT (below 1920x1080 floor): 'blue whale underwater primary shot' -> cache/video/scene_1_b0_s0.mp4
-> Cache MISS: 'whale underwater close-up primary shot' — calling Pexels API
  Candidate 1: id=5471909 3840x2160 dur=5s score=0.969 ← SELECTED
  Candidate 2: id=11279748 1920x1080 dur=7s score=0.877
  Candidate 3: id=5607993 1920x1080 dur=21s score=0.600
  Candidate 4: id=15546563 3840x2160 dur=50s score=0.600
  Candidate 5: id=7102652 1920x1080 dur=28s score=0.600
  Candidate 6: id=10377082 1920x1080 dur=37s score=0.600
  Candidate 7: id=26245637 3840x2160 dur=16s score=0.400
  Candidate 8: id=27941815 3840x2160 dur=82s score=0.400
  Candidate 9: id=28097890 3840x2160 dur=90s score=0.400
  Candidate 10: id=28097887 3840x2160 dur=57s score=0.400
-> Router: provider 'pexels' error: name '_pick_best_variant_link' is not defined
-> AssetLibrary EVICT (below 1920x1080 floor): 'blue whale underwater primary shot' -> cache/video/scene_1_b0_s0.mp4
-> Pixabay Cache MISS: 'whale underwater close-up primary shot' — calling Pixabay API
  Pixabay Candidate 1: id=24265 1920x1080 dur=6s score=0.923 ← SELECTED
  Pixabay Candidate 2: id=30470 4096x2160 dur=6s score=0.923
  Pixabay Candidate 3: id=240531 3840x2160 dur=7s score=0.877
  Pixabay Candidate 4: id=4948 1920x1080 dur=12s score=0.646
  Pixabay Candidate 5: id=117702 1920x1080 dur=20s score=0.600
  Pixabay Candidate 6: id=189018 1920x1080 dur=14s score=0.600
  Pixabay Candidate 7: id=26493 1920x1080 dur=74s score=0.600
  Pixabay Candidate 8: id=26593 1920x1080 dur=28s score=0.600
  Pixabay Candidate 9: id=37712 1920x1080 dur=27s score=0.600
  Pixabay Candidate 10: id=13100 1920x1080 dur=53s score=0.600
-> Router: provider 'pixabay' error: name '_pick_best_variant_link' is not defined
-> AssetLibrary EVICT (below 1920x1080 floor): 'blue whale underwater primary shot' -> cache/video/scene_1_b0_s0.mp4
-> Wikimedia Cache MISS: 'whale underwater close-up primary shot' — calling Wikimedia API
-> Wikimedia API rate limited, retry 1 in 3s...
-> Wikimedia API rate limited, retry 2 in 6s...
-> Wikimedia API rate limited, retry 3 in 9s...
-> Wikimedia API rate limited, retry 2 in 6s...
-> Wikimedia API rate limited, retry 3 in 9s...
-> Wikimedia API rate limited, retry 3 in 9s...
-> Wikimedia API request failed: Expecting value: line 1 column 1 (char 0)
-> Router: all providers exhausted for 'ship deck research primary shot' — returning empty
-> AssetLibrary EVICT (below 1920x1080 floor): 'whale swimming deep' -> cache/video/scene_2_b3_s0.mp4
-> Cache MISS: 'whale swimming deep' — calling Pexels API
  Candidate 1: id=15546563 3840x2160 dur=50s score=0.600 ← SELECTED
  Candidate 2: id=10377082 1920x1080 dur=37s score=0.600
  Candidate 3: id=5607993 1920x1080 dur=21s score=0.600
  Candidate 4: id=10377084 1920x1080 dur=29s score=0.600
  Candidate 5: id=6510690 1920x1080 dur=15s score=0.600
  Candidate 6: id=10377449 1920x1080 dur=29s score=0.600
  Candidate 7: id=8906187 1920x1080 dur=25s score=0.600
  Candidate 8: id=20601591 3840x2160 dur=16s score=0.600
  Candidate 9: id=26245637 3840x2160 dur=16s score=0.400
  Candidate 10: id=28097887 3840x2160 dur=57s score=0.400
-> Router: provider 'pexels' error: name '_pick_best_variant_link' is not defined
-> AssetLibrary EVICT (below 1920x1080 floor): 'whale swimming deep' -> cache/video/scene_2_b3_s0.mp4
-> Pixabay Cache MISS: 'whale swimming deep' — calling Pixabay API
  Pixabay Candidate 1: id=275007 3840x2160 dur=6s score=0.900 ← SELECTED
  Pixabay Candidate 2: id=35427 1920x1080 dur=6s score=0.900
  Pixabay Candidate 3: id=13823 1920x1080 dur=8s score=0.800
  Pixabay Candidate 4: id=244188 3840x2160 dur=8s score=0.800
  Pixabay Candidate 5: id=117702 1920x1080 dur=20s score=0.600
  Pixabay Candidate 6: id=37712 1920x1080 dur=27s score=0.600
  Pixabay Candidate 7: id=26572 1920x1080 dur=20s score=0.600
  Pixabay Candidate 8: id=312 1920x1080 dur=35s score=0.600
  Pixabay Candidate 9: id=345377 3840x2160 dur=49s score=0.600
  Pixabay Candidate 10: id=39393 3840x2160 dur=56s score=0.600
-> Router: provider 'pixabay' error: name '_pick_best_variant_link' is not defined
-> AssetLibrary EVICT (below 1920x1080 floor): 'whale swimming deep' -> cache/video/scene_2_b3_s0.mp4
-> Wikimedia Cache MISS: 'whale swimming deep' — calling Wikimedia API
-> Wikimedia API rate limited, retry 1 in 3s...
-> Wikimedia API rate limited, retry 2 in 6s...
-> Wikimedia API request failed: Expecting value: line 1 column 1 (char 0)
-> Router: all providers exhausted for 'whale underwater swimming primary shot' — returning empty
-> AssetLibrary REUSE: 'whale underwater swimming' similar to 'whale underwater swimming' -> cache/video/scene_8_b0_s0.mp4
-> Router selected: 'pexels' for query 'whale underwater swimming'
-> AssetLibrary EVICT (below 1920x1080 floor): 'the 52-hertz whale: the loneliest voice in the ocean documentary stock footage' -> cache/video/scene_3_b0_s0.mp4
-> Cache HIT: 'The 52-Hertz Whale: the loneliest voice in the ocean documentary stock footage' → cache/video/scene_5_b0_s0.mp4
-> Router selected: 'pexels' for query 'The 52-Hertz Whale: the loneliest voice in the ocean documentary stock footage'
-> AssetLibrary EVICT (below 1920x1080 floor): 'deep ocean abyss primary shot' -> cache/video/scene_7_b1_s0.mp4
-> Cache MISS: 'ocean deep dark primary shot' — calling Pexels API
  Candidate 1: id=5668613 4096x2160 dur=8s score=0.831 ← SELECTED
  Candidate 2: id=8950647 1920x1080 dur=9s score=0.784
  Candidate 3: id=4922714 1920x1080 dur=9s score=0.784
  Candidate 4: id=11287848 3840x2160 dur=30s score=0.600
  Candidate 5: id=5853030 4096x2160 dur=13s score=0.600
  Candidate 6: id=5678004 4096x2160 dur=18s score=0.600
  Candidate 7: id=16764714 3840x2160 dur=24s score=0.600
  Candidate 8: id=32844046 1920x1080 dur=10s score=0.538
  Candidate 9: id=32506501 2048x1080 dur=59s score=0.400
  Candidate 10: id=30248500 3840x2160 dur=18s score=0.400
-> Router: provider 'pexels' error: name '_pick_best_variant_link' is not defined
-> AssetLibrary EVICT (below 1920x1080 floor): 'deep ocean abyss primary shot' -> cache/video/scene_7_b1_s0.mp4
-> Pixabay Cache MISS: 'ocean deep dark primary shot' — calling Pixabay API
  Pixabay Candidate 1: id=18390 3840x2160 dur=11s score=0.692 ← SELECTED
  Pixabay Candidate 2: id=304019 1920x1080 dur=16s score=0.600
  Pixabay Candidate 3: id=37712 1920x1080 dur=27s score=0.600
  Pixabay Candidate 4: id=7093 1920x1080 dur=30s score=0.600
  Pixabay Candidate 5: id=293788 3840x2160 dur=13s score=0.600
  Pixabay Candidate 6: id=16160 1920x1080 dur=40s score=0.600
  Pixabay Candidate 7: id=31611 1920x1080 dur=55s score=0.600
  Pixabay Candidate 8: id=85674 1920x1080 dur=48s score=0.600
  Pixabay Candidate 9: id=158230 3840x2160 dur=24s score=0.600
  Pixabay Candidate 10: id=47712 1920x1080 dur=30s score=0.600
-> Router: provider 'pixabay' error: name '_pick_best_variant_link' is not defined
-> Wikimedia API request failed: Expecting value: line 1 column 1 (char 0)
-> Router: all providers exhausted for 'whale underwater close-up primary shot' — returning empty
-> AssetLibrary EVICT (below 1920x1080 floor): 'deep ocean abyss primary shot' -> cache/video/scene_7_b1_s0.mp4
-> Wikimedia Cache MISS: 'ocean deep dark primary shot' — calling Wikimedia API
-> AssetLibrary EVICT (below 1920x1080 floor): 'blue whale underwater' -> cache/video/scene_1_b3_s0.mp4
-> Cache MISS: 'whale underwater close-up' — calling Pexels API
-> Wikimedia API rate limited, retry 1 in 3s...
  Candidate 1: id=5471909 3840x2160 dur=5s score=0.969 ← SELECTED
  Candidate 2: id=11279748 1920x1080 dur=7s score=0.877
  Candidate 3: id=15546563 3840x2160 dur=50s score=0.600
  Candidate 4: id=5607993 1920x1080 dur=21s score=0.600
  Candidate 5: id=10377082 1920x1080 dur=37s score=0.600
  Candidate 6: id=1669815 1920x1080 dur=24s score=0.600
  Candidate 7: id=26245637 3840x2160 dur=16s score=0.400
  Candidate 8: id=28097890 3840x2160 dur=90s score=0.400
  Candidate 9: id=28097887 3840x2160 dur=57s score=0.400
  Candidate 10: id=27941815 3840x2160 dur=82s score=0.400
-> Router: provider 'pexels' error: name '_pick_best_variant_link' is not defined
-> AssetLibrary EVICT (below 1920x1080 floor): 'blue whale underwater' -> cache/video/scene_1_b3_s0.mp4
-> Pixabay Cache MISS: 'whale underwater close-up' — calling Pixabay API
  Pixabay Candidate 1: id=30470 4096x2160 dur=6s score=0.923 ← SELECTED
  Pixabay Candidate 2: id=240531 3840x2160 dur=7s score=0.877
  Pixabay Candidate 3: id=199545 3840x2160 dur=7s score=0.877
  Pixabay Candidate 4: id=4948 1920x1080 dur=12s score=0.646
  Pixabay Candidate 5: id=117702 1920x1080 dur=20s score=0.600
  Pixabay Candidate 6: id=189018 1920x1080 dur=14s score=0.600
  Pixabay Candidate 7: id=26493 1920x1080 dur=74s score=0.600
  Pixabay Candidate 8: id=37712 1920x1080 dur=27s score=0.600
  Pixabay Candidate 9: id=13100 1920x1080 dur=53s score=0.600
  Pixabay Candidate 10: id=26818 3840x2160 dur=16s score=0.600
-> Router: provider 'pixabay' error: name '_pick_best_variant_link' is not defined
-> AssetLibrary EVICT (below 1920x1080 floor): 'blue whale underwater' -> cache/video/scene_1_b3_s0.mp4
-> Wikimedia Cache MISS: 'whale underwater close-up' — calling Wikimedia API
-> Wikimedia API rate limited, retry 1 in 3s...
-> Wikimedia API rate limited, retry 3 in 9s...
-> Wikimedia API rate limited, retry 2 in 6s...
-> Wikimedia API rate limited, retry 2 in 6s...
-> Wikimedia API rate limited, retry 3 in 9s...
-> Wikimedia API rate limited, retry 3 in 9s...
-> Wikimedia API request failed: Expecting value: line 1 column 1 (char 0)
-> Router: all providers exhausted for 'whale swimming deep' — returning empty
-> AssetLibrary EVICT (below 1920x1080 floor): 'the 52-hertz whale: the loneliest voice in the ocean documentary stock footage' -> cache/video/scene_3_b0_s0.mp4
-> Cache HIT: 'The 52-Hertz Whale: the loneliest voice in the ocean documentary stock footage' → cache/video/scene_5_b0_s0.mp4
-> Router selected: 'pexels' for query 'The 52-Hertz Whale: the loneliest voice in the ocean documentary stock footage'
-> AssetLibrary REUSE: 'ocean surface waves primary shot' similar to 'ocean waves dark primary shot' -> cache/video/scene_9_b1_s0.mp4
-> Router selected: 'pexels' for query 'ocean surface waves primary shot'
-> AssetLibrary EVICT (below 1920x1080 floor): 'whale swimming deep' -> cache/video/scene_2_b3_s0.mp4
-> Cache MISS: 'whale swimming deep' — calling Pexels API
  Candidate 1: id=15546563 3840x2160 dur=50s score=0.600 ← SELECTED
  Candidate 2: id=10377082 1920x1080 dur=37s score=0.600
  Candidate 3: id=5607993 1920x1080 dur=21s score=0.600
  Candidate 4: id=10377084 1920x1080 dur=29s score=0.600
  Candidate 5: id=6510690 1920x1080 dur=15s score=0.600
  Candidate 6: id=10377449 1920x1080 dur=29s score=0.600
  Candidate 7: id=8906187 1920x1080 dur=25s score=0.600
  Candidate 8: id=20601591 3840x2160 dur=16s score=0.600
  Candidate 9: id=26245637 3840x2160 dur=16s score=0.400
  Candidate 10: id=28097887 3840x2160 dur=57s score=0.400
-> Router: provider 'pexels' error: name '_pick_best_variant_link' is not defined
-> AssetLibrary EVICT (below 1920x1080 floor): 'whale swimming deep' -> cache/video/scene_2_b3_s0.mp4
-> Pixabay Cache MISS: 'whale swimming deep' — calling Pixabay API
  Pixabay Candidate 1: id=275007 3840x2160 dur=6s score=0.900 ← SELECTED
  Pixabay Candidate 2: id=35427 1920x1080 dur=6s score=0.900
  Pixabay Candidate 3: id=13823 1920x1080 dur=8s score=0.800
  Pixabay Candidate 4: id=244188 3840x2160 dur=8s score=0.800
  Pixabay Candidate 5: id=117702 1920x1080 dur=20s score=0.600
  Pixabay Candidate 6: id=37712 1920x1080 dur=27s score=0.600
  Pixabay Candidate 7: id=26572 1920x1080 dur=20s score=0.600
  Pixabay Candidate 8: id=312 1920x1080 dur=35s score=0.600
  Pixabay Candidate 9: id=345377 3840x2160 dur=49s score=0.600
  Pixabay Candidate 10: id=39393 3840x2160 dur=56s score=0.600
-> Router: provider 'pixabay' error: name '_pick_best_variant_link' is not defined
-> AssetLibrary EVICT (below 1920x1080 floor): 'whale swimming deep' -> cache/video/scene_2_b3_s0.mp4
-> Wikimedia Cache MISS: 'whale swimming deep' — calling Wikimedia API
-> Wikimedia API rate limited, retry 1 in 3s...
-> Wikimedia API rate limited, retry 2 in 6s...
  Wikimedia Candidate 1: id=91954325 764x1147
  Wikimedia Candidate 2: id=92162214 797x1179
  Wikimedia Candidate 3: id=93180039 889x1341
  Wikimedia Candidate 4: id=93244100 895x1152
  Wikimedia Candidate 5: id=93482020 787x1077
-> Router selected: 'wikimedia' for query 'ocean deep dark primary shot'
-> AssetLibrary diversity: penalty=0.30 for 'whale underwater swimming' — skipping reuse
-> Cache MISS: 'whale underwater swimming' — calling Pexels API
  Candidate 1: id=5607993 1920x1080 dur=21s score=0.600 ← SELECTED
  Candidate 2: id=15546563 3840x2160 dur=50s score=0.600
  Candidate 3: id=10377082 1920x1080 dur=37s score=0.600
  Candidate 4: id=10377084 1920x1080 dur=29s score=0.600
  Candidate 5: id=6625561 3840x2160 dur=30s score=0.600
  Candidate 6: id=6510690 1920x1080 dur=15s score=0.600
  Candidate 7: id=14146687 3840x2160 dur=129s score=0.600
  Candidate 8: id=20601591 3840x2160 dur=16s score=0.600
  Candidate 9: id=28097890 3840x2160 dur=90s score=0.400
  Candidate 10: id=28097887 3840x2160 dur=57s score=0.400
-> Router: provider 'pexels' error: name '_pick_best_variant_link' is not defined
-> AssetLibrary REUSE: 'whale underwater swimming' similar to 'whale underwater swimming' -> cache/video/scene_8_b0_s0.mp4
-> Router selected: 'pixabay' for query 'whale underwater swimming'
  Wikimedia Candidate 1: id=10528793 3648x2736
  Wikimedia Candidate 2: id=15314282 685x445
  Wikimedia Candidate 3: id=92469796 1150x1562
  Wikimedia Candidate 4: id=124248166 1275x1650
  Wikimedia Candidate 5: id=131493010 1085x1575
-> Router selected: 'wikimedia' for query 'whale underwater close-up'
-> AssetLibrary EVICT (below 1920x1080 floor): 'the 52-hertz whale: the loneliest voice in the ocean documentary stock footage' -> cache/video/scene_3_b0_s0.mp4
-> Cache HIT: 'The 52-Hertz Whale: the loneliest voice in the ocean documentary stock footage' → cache/video/scene_5_b0_s0.mp4
-> Router selected: 'pexels' for query 'The 52-Hertz Whale: the loneliest voice in the ocean documentary stock footage'
-> AssetLibrary EVICT (below 1920x1080 floor): 'the 52-hertz whale: the loneliest voice in the ocean documentary stock footage' -> cache/video/scene_3_b0_s0.mp4
-> Cache HIT: 'The 52-Hertz Whale: the loneliest voice in the ocean documentary stock footage' → cache/video/scene_5_b0_s0.mp4
-> Router selected: 'pexels' for query 'The 52-Hertz Whale: the loneliest voice in the ocean documentary stock footage'
-> AssetLibrary EVICT (below 1920x1080 floor): 'underwater whale call primary shot' -> cache/video/scene_7_b0_s0.mp4
-> Cache MISS: 'whale call bubbles primary shot' — calling Pexels API
-> AssetLibrary diversity: penalty=0.30 for 'ocean waves dark primary shot' — skipping reuse
-> Cache MISS: 'ocean surface waves primary shot' — calling Pexels API
  Candidate 1: id=11279748 1920x1080 dur=7s score=0.877 ← SELECTED
  Candidate 2: id=7102652 1920x1080 dur=28s score=0.600
  Candidate 3: id=5607993 1920x1080 dur=21s score=0.600
  Candidate 4: id=15546563 3840x2160 dur=50s score=0.600
  Candidate 5: id=14146687 3840x2160 dur=129s score=0.600
  Candidate 6: id=8906187 1920x1080 dur=25s score=0.600
  Candidate 7: id=27941813 3840x2160 dur=31s score=0.400
  Candidate 8: id=27941815 3840x2160 dur=82s score=0.400
  Candidate 9: id=28097887 3840x2160 dur=57s score=0.400
  Candidate 10: id=26245637 3840x2160 dur=16s score=0.400
-> Router: provider 'pexels' error: name '_pick_best_variant_link' is not defined
-> AssetLibrary EVICT (below 1920x1080 floor): 'underwater whale call primary shot' -> cache/video/scene_7_b0_s0.mp4
-> Pixabay Cache MISS: 'whale call bubbles primary shot' — calling Pixabay API
  Candidate 1: id=5476219 1920x1080 dur=48s score=0.600 ← SELECTED
  Candidate 2: id=6815625 4481x2160 dur=26s score=0.600
  Candidate 3: id=3859443 3840x2160 dur=30s score=0.600
  Candidate 4: id=5668619 4096x2160 dur=15s score=0.600
  Candidate 5: id=6748729 3840x1600 dur=46s score=0.600
  Candidate 6: id=17412756 3840x2160 dur=47s score=0.600
  Candidate 7: id=5668615 4096x2160 dur=14s score=0.600
  Candidate 8: id=5668622 4096x2160 dur=31s score=0.600
  Candidate 9: id=5476220 3840x2160 dur=19s score=0.600
  Candidate 10: id=14210815 3840x2160 dur=20s score=0.600
-> Router: provider 'pexels' error: name '_pick_best_variant_link' is not defined
  Pixabay Candidate 1: id=244188 3840x2160 dur=8s score=0.831 ← SELECTED
  Pixabay Candidate 2: id=1219 1920x1080 dur=10s score=0.738
  Pixabay Candidate 3: id=18390 3840x2160 dur=11s score=0.692
  Pixabay Candidate 4: id=117702 1920x1080 dur=20s score=0.600
  Pixabay Candidate 5: id=7141 1920x1080 dur=40s score=0.600
  Pixabay Candidate 6: id=7105 1920x1080 dur=16s score=0.600
  Pixabay Candidate 7: id=37712 1920x1080 dur=27s score=0.600
  Pixabay Candidate 8: id=7558 1920x1080 dur=32s score=0.600
  Pixabay Candidate 9: id=150344 3840x2160 dur=25s score=0.600
  Pixabay Candidate 10: id=125805 1920x1080 dur=17s score=0.600
-> Router: provider 'pixabay' error: name '_pick_best_variant_link' is not defined
-> AssetLibrary REUSE: 'ocean surface waves primary shot' similar to 'ocean waves dark primary shot' -> cache/video/scene_9_b1_s0.mp4
-> Router selected: 'pixabay' for query 'ocean surface waves primary shot'
-> AssetLibrary EVICT (below 1920x1080 floor): 'underwater whale call primary shot' -> cache/video/scene_7_b0_s0.mp4
-> Wikimedia Cache MISS: 'whale call bubbles primary shot' — calling Wikimedia API
-> AssetLibrary EVICT (below 1920x1080 floor): 'blue whale underwater' -> cache/video/scene_1_b3_s0.mp4
-> Cache MISS: 'whale underwater close-up' — calling Pexels API
  Candidate 1: id=5471909 3840x2160 dur=5s score=0.969 ← SELECTED
  Candidate 2: id=11279748 1920x1080 dur=7s score=0.877
  Candidate 3: id=15546563 3840x2160 dur=50s score=0.600
  Candidate 4: id=5607993 1920x1080 dur=21s score=0.600
  Candidate 5: id=10377082 1920x1080 dur=37s score=0.600
  Candidate 6: id=1669815 1920x1080 dur=24s score=0.600
  Candidate 7: id=26245637 3840x2160 dur=16s score=0.400
  Candidate 8: id=28097890 3840x2160 dur=90s score=0.400
  Candidate 9: id=28097887 3840x2160 dur=57s score=0.400
  Candidate 10: id=27941815 3840x2160 dur=82s score=0.400
-> Router: provider 'pexels' error: name '_pick_best_variant_link' is not defined
  Wikimedia Candidate 1: id=59326000 716x1089
  Wikimedia Candidate 2: id=91793954 1027x1687
  Wikimedia Candidate 3: id=92515049 779x1237
  Wikimedia Candidate 4: id=95900299 662x1064
  Wikimedia Candidate 5: id=98214895 770x1170
-> Router selected: 'wikimedia' for query 'whale swimming deep'
-> AssetLibrary EVICT (below 1920x1080 floor): 'blue whale underwater' -> cache/video/scene_1_b3_s0.mp4
-> Pixabay Cache MISS: 'whale underwater close-up' — calling Pixabay API
-> AssetLibrary EVICT (below 1920x1080 floor): 'the 52-hertz whale: the loneliest voice in the ocean documentary stock footage' -> cache/video/scene_3_b0_s0.mp4
-> Cache HIT: 'The 52-Hertz Whale: the loneliest voice in the ocean documentary stock footage' → cache/video/scene_5_b0_s0.mp4
-> Router selected: 'pexels' for query 'The 52-Hertz Whale: the loneliest voice in the ocean documentary stock footage'
  Pixabay Candidate 1: id=30470 4096x2160 dur=6s score=0.923 ← SELECTED
  Pixabay Candidate 2: id=240531 3840x2160 dur=7s score=0.877
  Pixabay Candidate 3: id=199545 3840x2160 dur=7s score=0.877
  Pixabay Candidate 4: id=4948 1920x1080 dur=12s score=0.646
  Pixabay Candidate 5: id=117702 1920x1080 dur=20s score=0.600
  Pixabay Candidate 6: id=189018 1920x1080 dur=14s score=0.600
  Pixabay Candidate 7: id=26493 1920x1080 dur=74s score=0.600
  Pixabay Candidate 8: id=37712 1920x1080 dur=27s score=0.600
  Pixabay Candidate 9: id=13100 1920x1080 dur=53s score=0.600
  Pixabay Candidate 10: id=26818 3840x2160 dur=16s score=0.600
-> Router: provider 'pixabay' error: name '_pick_best_variant_link' is not defined
-> AssetLibrary EVICT (below 1920x1080 floor): 'blue whale underwater' -> cache/video/scene_1_b3_s0.mp4
-> Wikimedia Cache MISS: 'whale underwater close-up' — calling Wikimedia API
  Wikimedia Candidate 1: id=91829735 754x1239
  Wikimedia Candidate 2: id=92013927 4225x7185
  Wikimedia Candidate 3: id=92174707 741x1147
  Wikimedia Candidate 4: id=92472823 1275x1650
  Wikimedia Candidate 5: id=93453838 1347x2147
-> Router selected: 'wikimedia' for query 'whale call bubbles primary shot'
-> AssetLibrary REUSE: 'whale underwater swimming' similar to 'whale underwater swimming' -> cache/video/scene_8_b0_s0.mp4
-> Router selected: 'pexels' for query 'whale underwater swimming'
  Wikimedia Candidate 1: id=10528793 3648x2736
  Wikimedia Candidate 2: id=15314282 685x445
  Wikimedia Candidate 3: id=92469796 1150x1562
  Wikimedia Candidate 4: id=124248166 1275x1650
  Wikimedia Candidate 5: id=131493010 1085x1575
-> Router selected: 'wikimedia' for query 'whale underwater close-up'
-> AssetLibrary EVICT (below 1920x1080 floor): 'the 52-hertz whale: the loneliest voice in the ocean documentary stock footage' -> cache/video/scene_3_b0_s0.mp4
-> Cache HIT: 'The 52-Hertz Whale: the loneliest voice in the ocean documentary stock footage' → cache/video/scene_5_b0_s0.mp4
-> Router selected: 'pexels' for query 'The 52-Hertz Whale: the loneliest voice in the ocean documentary stock footage'
-> AssetLibrary EVICT (below 1920x1080 floor): 'the 52-hertz whale: the loneliest voice in the ocean documentary stock footage' -> cache/video/scene_3_b0_s0.mp4
-> Cache HIT: 'The 52-Hertz Whale: the loneliest voice in the ocean documentary stock footage' → cache/video/scene_5_b0_s0.mp4
-> Router selected: 'pexels' for query 'The 52-Hertz Whale: the loneliest voice in the ocean documentary stock footage'
-> AssetLibrary EVICT (below 1920x1080 floor): 'sonar equipment screen primary shot' -> cache/video/scene_0_b2_s0.mp4
-> Cache MISS: 'sonar equipment in water primary shot' — calling Pexels API
  Candidate 1: id=8916728 4096x2160 dur=12s score=0.646 ← SELECTED
  Candidate 2: id=12208290 1920x1080 dur=27s score=0.600
  Candidate 3: id=4085424 3840x2160 dur=111s score=0.600
  Candidate 4: id=2850617 1920x1080 dur=16s score=0.600
  Candidate 5: id=18078999 3840x2160 dur=45s score=0.600
  Candidate 6: id=19883929 1920x1080 dur=38s score=0.600
  Candidate 7: id=38062563 3840x2160 dur=9s score=0.584
  Candidate 8: id=36198011 1920x1080 dur=26s score=0.400
  Candidate 9: id=34584797 3840x2160 dur=16s score=0.400
  Candidate 10: id=30911575 3840x2160 dur=20s score=0.400
-> Router: provider 'pexels' error: name '_pick_best_variant_link' is not defined
-> AssetLibrary EVICT (below 1920x1080 floor): 'sonar equipment screen primary shot' -> cache/video/scene_0_b2_s0.mp4
-> Pixabay Cache MISS: 'sonar equipment in water primary shot' — calling Pixabay API
  Pixabay Candidate 1: id=27539 3840x2160 dur=8s score=0.831 ← SELECTED
  Pixabay Candidate 2: id=2420 1920x1080 dur=10s score=0.738
  Pixabay Candidate 3: id=5180 1920x1080 dur=10s score=0.738
  Pixabay Candidate 4: id=18390 3840x2160 dur=11s score=0.692
  Pixabay Candidate 5: id=345377 3840x2160 dur=49s score=0.600
  Pixabay Candidate 6: id=293788 3840x2160 dur=13s score=0.600
  Pixabay Candidate 7: id=15241 3840x2160 dur=31s score=0.600
  Pixabay Candidate 8: id=3741 1920x1080 dur=20s score=0.600
  Pixabay Candidate 9: id=27803 1920x1080 dur=24s score=0.600
  Pixabay Candidate 10: id=38388 3840x2160 dur=19s score=0.600
-> Router: provider 'pixabay' error: name '_pick_best_variant_link' is not defined
-> AssetLibrary EVICT (below 1920x1080 floor): 'sonar equipment screen primary shot' -> cache/video/scene_0_b2_s0.mp4
-> Wikimedia Cache MISS: 'sonar equipment in water primary shot' — calling Wikimedia API
-> Wikimedia API rate limited, retry 1 in 3s...
-> Wikimedia API rate limited, retry 2 in 6s...
-> Wikimedia API rate limited, retry 3 in 9s...

  [BeatDirector] Planning beats for scene 6...
  [BeatDirector] Concept terms (10): ['whale swimming deep', 'ocean waves time-lapse', 'underwater sonar screen', 'whale call close-up']...
  [BeatDirector] 2 beats, 3 shots
-> AssetLibrary EVICT (below 1920x1080 floor): 'whale swimming deep primary shot' -> cache/video/scene_3_b0_s0.mp4
-> Cache MISS: 'whale swimming deep primary shot' — calling Pexels API
  Candidate 1: id=5608046 1920x1080 dur=8s score=0.882 ← SELECTED
  Candidate 2: id=10377082 1920x1080 dur=37s score=0.600
  Candidate 3: id=15546563 3840x2160 dur=50s score=0.600
  Candidate 4: id=5607993 1920x1080 dur=21s score=0.600
  Candidate 5: id=10377084 1920x1080 dur=29s score=0.600
  Candidate 6: id=8906187 1920x1080 dur=25s score=0.600
  Candidate 7: id=10377449 1920x1080 dur=29s score=0.600
  Candidate 8: id=20601591 3840x2160 dur=16s score=0.600
  Candidate 9: id=26245637 3840x2160 dur=16s score=0.400
  Candidate 10: id=28097887 3840x2160 dur=57s score=0.400
-> Router: provider 'pexels' error: name '_pick_best_variant_link' is not defined
-> AssetLibrary EVICT (below 1920x1080 floor): 'whale swimming deep primary shot' -> cache/video/scene_3_b0_s0.mp4
-> Pixabay Cache MISS: 'whale swimming deep primary shot' — calling Pixabay API
-> Wikimedia API request failed: Expecting value: line 1 column 1 (char 0)
-> Router: all providers exhausted for 'sonar equipment in water primary shot' — returning empty
-> AssetLibrary EVICT (below 1920x1080 floor): 'blue whale underwater' -> cache/video/scene_1_b3_s0.mp4
-> Cache MISS: 'whale underwater close-up' — calling Pexels API
  Pixabay Candidate 1: id=35427 1920x1080 dur=6s score=0.961 ← SELECTED
  Pixabay Candidate 2: id=13823 1920x1080 dur=8s score=0.882
  Pixabay Candidate 3: id=244188 3840x2160 dur=8s score=0.882
  Pixabay Candidate 4: id=18390 3840x2160 dur=11s score=0.763
  Pixabay Candidate 5: id=117702 1920x1080 dur=20s score=0.600
  Pixabay Candidate 6: id=37712 1920x1080 dur=27s score=0.600
  Pixabay Candidate 7: id=26572 1920x1080 dur=20s score=0.600
  Pixabay Candidate 8: id=312 1920x1080 dur=35s score=0.600
  Pixabay Candidate 9: id=345377 3840x2160 dur=49s score=0.600
  Pixabay Candidate 10: id=39393 3840x2160 dur=56s score=0.600
-> Router: provider 'pixabay' error: name '_pick_best_variant_link' is not defined
-> AssetLibrary EVICT (below 1920x1080 floor): 'whale swimming deep primary shot' -> cache/video/scene_3_b0_s0.mp4
-> Wikimedia Cache MISS: 'whale swimming deep primary shot' — calling Wikimedia API
  Candidate 1: id=5471909 3840x2160 dur=5s score=0.969 ← SELECTED
  Candidate 2: id=11279748 1920x1080 dur=7s score=0.877
  Candidate 3: id=15546563 3840x2160 dur=50s score=0.600
  Candidate 4: id=5607993 1920x1080 dur=21s score=0.600
  Candidate 5: id=10377082 1920x1080 dur=37s score=0.600
  Candidate 6: id=1669815 1920x1080 dur=24s score=0.600
  Candidate 7: id=26245637 3840x2160 dur=16s score=0.400
  Candidate 8: id=28097890 3840x2160 dur=90s score=0.400
  Candidate 9: id=28097887 3840x2160 dur=57s score=0.400
  Candidate 10: id=27941815 3840x2160 dur=82s score=0.400
-> Router: provider 'pexels' error: name '_pick_best_variant_link' is not defined
-> AssetLibrary EVICT (below 1920x1080 floor): 'blue whale underwater' -> cache/video/scene_1_b3_s0.mp4
-> Pixabay Cache MISS: 'whale underwater close-up' — calling Pixabay API
-> Wikimedia API rate limited, retry 1 in 3s...
  Pixabay Candidate 1: id=30470 4096x2160 dur=6s score=0.923 ← SELECTED
  Pixabay Candidate 2: id=240531 3840x2160 dur=7s score=0.877
  Pixabay Candidate 3: id=199545 3840x2160 dur=7s score=0.877
  Pixabay Candidate 4: id=4948 1920x1080 dur=12s score=0.646
  Pixabay Candidate 5: id=117702 1920x1080 dur=20s score=0.600
  Pixabay Candidate 6: id=189018 1920x1080 dur=14s score=0.600
  Pixabay Candidate 7: id=26493 1920x1080 dur=74s score=0.600
  Pixabay Candidate 8: id=37712 1920x1080 dur=27s score=0.600
  Pixabay Candidate 9: id=13100 1920x1080 dur=53s score=0.600
  Pixabay Candidate 10: id=26818 3840x2160 dur=16s score=0.600
-> Router: provider 'pixabay' error: name '_pick_best_variant_link' is not defined
-> AssetLibrary EVICT (below 1920x1080 floor): 'blue whale underwater' -> cache/video/scene_1_b3_s0.mp4
-> Wikimedia Cache MISS: 'whale underwater close-up' — calling Wikimedia API
-> Wikimedia API rate limited, retry 1 in 3s...
-> Wikimedia API rate limited, retry 2 in 6s...
-> Wikimedia API rate limited, retry 2 in 6s...

  [BeatDirector] Planning beats for scene 7...
  [BeatDirector] Concept terms (10): ['whale swimming deep', 'ocean wave time-lapse', 'hydrophone underwater recording', 'whale call spectrogram']...
  [BeatDirector] 5 beats, 5 shots
-> AssetLibrary EVICT (below 1920x1080 floor): 'whale swimming deep primary shot' -> cache/video/scene_3_b0_s0.mp4
-> Cache MISS: 'whale swimming deep primary shot' — calling Pexels API
  Candidate 1: id=5608046 1920x1080 dur=8s score=0.800 ← SELECTED
  Candidate 2: id=10377082 1920x1080 dur=37s score=0.600
  Candidate 3: id=15546563 3840x2160 dur=50s score=0.600
  Candidate 4: id=5607993 1920x1080 dur=21s score=0.600
  Candidate 5: id=10377084 1920x1080 dur=29s score=0.600
  Candidate 6: id=8906187 1920x1080 dur=25s score=0.600
  Candidate 7: id=10377449 1920x1080 dur=29s score=0.600
  Candidate 8: id=20601591 3840x2160 dur=16s score=0.600
  Candidate 9: id=26245637 3840x2160 dur=16s score=0.400
  Candidate 10: id=28097887 3840x2160 dur=57s score=0.400
-> Router: provider 'pexels' error: name '_pick_best_variant_link' is not defined
-> AssetLibrary EVICT (below 1920x1080 floor): 'whale swimming deep primary shot' -> cache/video/scene_3_b0_s0.mp4
-> Pixabay Cache MISS: 'whale swimming deep primary shot' — calling Pixabay API
  Pixabay Candidate 1: id=35427 1920x1080 dur=6s score=0.900 ← SELECTED
  Pixabay Candidate 2: id=13823 1920x1080 dur=8s score=0.800
  Pixabay Candidate 3: id=244188 3840x2160 dur=8s score=0.800
  Pixabay Candidate 4: id=18390 3840x2160 dur=11s score=0.650
  Pixabay Candidate 5: id=117702 1920x1080 dur=20s score=0.600
  Pixabay Candidate 6: id=37712 1920x1080 dur=27s score=0.600
  Pixabay Candidate 7: id=26572 1920x1080 dur=20s score=0.600
  Pixabay Candidate 8: id=312 1920x1080 dur=35s score=0.600
  Pixabay Candidate 9: id=345377 3840x2160 dur=49s score=0.600
  Pixabay Candidate 10: id=39393 3840x2160 dur=56s score=0.600
-> Router: provider 'pixabay' error: name '_pick_best_variant_link' is not defined
-> AssetLibrary EVICT (below 1920x1080 floor): 'whale swimming deep primary shot' -> cache/video/scene_3_b0_s0.mp4
-> Wikimedia Cache MISS: 'whale swimming deep primary shot' — calling Wikimedia API
-> Wikimedia API rate limited, retry 1 in 3s...
-> Wikimedia API rate limited, retry 3 in 9s...
-> Wikimedia API rate limited, retry 2 in 6s...
-> Wikimedia API rate limited, retry 3 in 9s...
-> Wikimedia API rate limited, retry 3 in 9s...
-> Wikimedia API request failed: Expecting value: line 1 column 1 (char 0)
-> Router: all providers exhausted for 'whale swimming deep primary shot' — returning empty
-> AssetLibrary EVICT (below 1920x1080 floor): 'whale swimming deep' -> cache/video/scene_2_b3_s0.mp4
-> Cache MISS: 'whale swimming deep' — calling Pexels API
  Candidate 1: id=6510690 1920x1080 dur=15s score=0.604 ← SELECTED
  Candidate 2: id=15546563 3840x2160 dur=50s score=0.600
  Candidate 3: id=10377082 1920x1080 dur=37s score=0.600
  Candidate 4: id=5607993 1920x1080 dur=21s score=0.600
  Candidate 5: id=10377084 1920x1080 dur=29s score=0.600
  Candidate 6: id=10377449 1920x1080 dur=29s score=0.600
  Candidate 7: id=8906187 1920x1080 dur=25s score=0.600
  Candidate 8: id=20601591 3840x2160 dur=16s score=0.600
  Candidate 9: id=26245637 3840x2160 dur=16s score=0.400
  Candidate 10: id=28097887 3840x2160 dur=57s score=0.400
-> Router: provider 'pexels' error: name '_pick_best_variant_link' is not defined
-> AssetLibrary EVICT (below 1920x1080 floor): 'whale swimming deep' -> cache/video/scene_2_b3_s0.mp4
-> Pixabay Cache MISS: 'whale swimming deep' — calling Pixabay API
  Pixabay Candidate 1: id=275007 3840x2160 dur=6s score=0.961 ← SELECTED
  Pixabay Candidate 2: id=35427 1920x1080 dur=6s score=0.961
  Pixabay Candidate 3: id=13823 1920x1080 dur=8s score=0.882
  Pixabay Candidate 4: id=244188 3840x2160 dur=8s score=0.882
  Pixabay Candidate 5: id=117702 1920x1080 dur=20s score=0.600
  Pixabay Candidate 6: id=37712 1920x1080 dur=27s score=0.600
  Pixabay Candidate 7: id=26572 1920x1080 dur=20s score=0.600
  Pixabay Candidate 8: id=312 1920x1080 dur=35s score=0.600
  Pixabay Candidate 9: id=345377 3840x2160 dur=49s score=0.600
  Pixabay Candidate 10: id=39393 3840x2160 dur=56s score=0.600
-> Router: provider 'pixabay' error: name '_pick_best_variant_link' is not defined
-> AssetLibrary EVICT (below 1920x1080 floor): 'whale swimming deep' -> cache/video/scene_2_b3_s0.mp4
-> Wikimedia Cache MISS: 'whale swimming deep' — calling Wikimedia API
-> Wikimedia API request failed: Expecting value: line 1 column 1 (char 0)
-> Router: all providers exhausted for 'whale underwater close-up' — returning empty
-> AssetLibrary EVICT (below 1920x1080 floor): 'the 52-hertz whale: the loneliest voice in the ocean documentary stock footage' -> cache/video/scene_3_b0_s0.mp4
-> Cache HIT: 'The 52-Hertz Whale: the loneliest voice in the ocean documentary stock footage' → cache/video/scene_5_b0_s0.mp4
-> Router selected: 'pexels' for query 'The 52-Hertz Whale: the loneliest voice in the ocean documentary stock footage'
-> Wikimedia API rate limited, retry 1 in 3s...
-> Wikimedia API rate limited, retry 2 in 6s...
-> Wikimedia API request failed: Expecting value: line 1 column 1 (char 0)
-> Router: all providers exhausted for 'whale swimming deep primary shot' — returning empty
-> AssetLibrary EVICT (below 1920x1080 floor): 'whale swimming deep' -> cache/video/scene_2_b3_s0.mp4
-> Cache MISS: 'whale swimming deep' — calling Pexels API
  Candidate 1: id=15546563 3840x2160 dur=50s score=0.600 ← SELECTED
  Candidate 2: id=10377082 1920x1080 dur=37s score=0.600
  Candidate 3: id=5607993 1920x1080 dur=21s score=0.600
  Candidate 4: id=10377084 1920x1080 dur=29s score=0.600
  Candidate 5: id=6510690 1920x1080 dur=15s score=0.600
  Candidate 6: id=10377449 1920x1080 dur=29s score=0.600
  Candidate 7: id=8906187 1920x1080 dur=25s score=0.600
  Candidate 8: id=20601591 3840x2160 dur=16s score=0.600
  Candidate 9: id=26245637 3840x2160 dur=16s score=0.400
  Candidate 10: id=28097887 3840x2160 dur=57s score=0.400
-> Router: provider 'pexels' error: name '_pick_best_variant_link' is not defined
-> AssetLibrary EVICT (below 1920x1080 floor): 'whale swimming deep' -> cache/video/scene_2_b3_s0.mp4
-> Pixabay Cache MISS: 'whale swimming deep' — calling Pixabay API
  Pixabay Candidate 1: id=275007 3840x2160 dur=6s score=0.900 ← SELECTED
  Pixabay Candidate 2: id=35427 1920x1080 dur=6s score=0.900
  Pixabay Candidate 3: id=13823 1920x1080 dur=8s score=0.800
  Pixabay Candidate 4: id=244188 3840x2160 dur=8s score=0.800
  Pixabay Candidate 5: id=117702 1920x1080 dur=20s score=0.600
  Pixabay Candidate 6: id=37712 1920x1080 dur=27s score=0.600
  Pixabay Candidate 7: id=26572 1920x1080 dur=20s score=0.600
  Pixabay Candidate 8: id=312 1920x1080 dur=35s score=0.600
  Pixabay Candidate 9: id=345377 3840x2160 dur=49s score=0.600
  Pixabay Candidate 10: id=39393 3840x2160 dur=56s score=0.600
-> Router: provider 'pixabay' error: name '_pick_best_variant_link' is not defined
-> AssetLibrary EVICT (below 1920x1080 floor): 'whale swimming deep' -> cache/video/scene_2_b3_s0.mp4
-> Wikimedia Cache MISS: 'whale swimming deep' — calling Wikimedia API
-> Wikimedia API rate limited, retry 1 in 3s...
  Wikimedia Candidate 1: id=59326000 716x1089
  Wikimedia Candidate 2: id=91793954 1027x1687
  Wikimedia Candidate 3: id=92515049 779x1237
  Wikimedia Candidate 4: id=95900299 662x1064
  Wikimedia Candidate 5: id=98214895 770x1170
-> Router selected: 'wikimedia' for query 'whale swimming deep'
-> AssetLibrary EVICT (below 1920x1080 floor): 'the 52-hertz whale: the loneliest voice in the ocean documentary stock footage' -> cache/video/scene_3_b0_s0.mp4
-> Cache HIT: 'The 52-Hertz Whale: the loneliest voice in the ocean documentary stock footage' → cache/video/scene_5_b0_s0.mp4
-> Router selected: 'pexels' for query 'The 52-Hertz Whale: the loneliest voice in the ocean documentary stock footage'
  Wikimedia Candidate 1: id=59326000 716x1089
  Wikimedia Candidate 2: id=91793954 1027x1687
  Wikimedia Candidate 3: id=92515049 779x1237
  Wikimedia Candidate 4: id=95900299 662x1064
  Wikimedia Candidate 5: id=98214895 770x1170
-> Router selected: 'wikimedia' for query 'whale swimming deep'
-> AssetLibrary EVICT (below 1920x1080 floor): 'ocean waves time-lapse primary shot' -> cache/video/scene_1_b1_s0.mp4
-> Cache MISS: 'ocean waves time-lapse cutaway shot' — calling Pexels API
-> AssetLibrary EVICT (below 1920x1080 floor): 'the 52-hertz whale: the loneliest voice in the ocean documentary stock footage' -> cache/video/scene_3_b0_s0.mp4
-> Cache HIT: 'The 52-Hertz Whale: the loneliest voice in the ocean documentary stock footage' → cache/video/scene_5_b0_s0.mp4
-> Router selected: 'pexels' for query 'The 52-Hertz Whale: the loneliest voice in the ocean documentary stock footage'
  Candidate 1: id=36592043 3840x2160 dur=6s score=0.600 ← SELECTED
  Candidate 2: id=11888087 1920x1080 dur=13s score=0.600
  Candidate 3: id=2876707 1920x1080 dur=25s score=0.600
  Candidate 4: id=6748729 3840x1600 dur=46s score=0.600
  Candidate 5: id=38808913 3840x2160 dur=13s score=0.400
  Candidate 6: id=38808914 3840x2160 dur=9s score=0.400
  Candidate 7: id=28738510 5760x3240 dur=11s score=0.400
  Candidate 8: id=38663430 3840x2160 dur=19s score=0.400
  Candidate 9: id=30119080 3840x2160 dur=17s score=0.400
  Candidate 10: id=34620659 3840x2160 dur=22s score=0.400
-> Router: provider 'pexels' error: name '_pick_best_variant_link' is not defined
-> AssetLibrary EVICT (below 1920x1080 floor): 'ocean waves time-lapse primary shot' -> cache/video/scene_1_b1_s0.mp4
-> Pixabay Cache MISS: 'ocean waves time-lapse cutaway shot' — calling Pixabay API
-> AssetLibrary EVICT (below 1920x1080 floor): 'ocean waves time-lapse primary shot' -> cache/video/scene_1_b1_s0.mp4
-> Cache MISS: 'ocean wave time-lapse primary shot' — calling Pexels API
  Candidate 1: id=36592043 3840x2160 dur=6s score=0.700 ← SELECTED
  Candidate 2: id=11888087 1920x1080 dur=13s score=0.600
  Candidate 3: id=5348631 3840x2160 dur=63s score=0.600
  Candidate 4: id=4800436 4096x2160 dur=16s score=0.600
  Candidate 5: id=17875165 3840x2160 dur=23s score=0.600
  Candidate 6: id=38808914 3840x2160 dur=9s score=0.550
  Candidate 7: id=28738510 5760x3240 dur=11s score=0.450
  Candidate 8: id=38808913 3840x2160 dur=13s score=0.400
  Candidate 9: id=28870121 5760x3240 dur=17s score=0.400
  Candidate 10: id=36569421 1920x1080 dur=55s score=0.400
-> Router: provider 'pexels' error: name '_pick_best_variant_link' is not defined
  Pixabay Candidate 1: id=190332 3840x2160 dur=14s score=0.600 ← SELECTED
  Pixabay Candidate 2: id=22555 2560x1440 dur=17s score=0.600
  Pixabay Candidate 3: id=24105 3840x2160 dur=29s score=0.600
  Pixabay Candidate 4: id=17869 3840x2160 dur=20s score=0.600
  Pixabay Candidate 5: id=71457 3840x2160 dur=31s score=0.600
  Pixabay Candidate 6: id=23263 3840x2160 dur=33s score=0.600
  Pixabay Candidate 7: id=72763 3840x2160 dur=21s score=0.600
  Pixabay Candidate 8: id=16111 3840x2160 dur=10s score=0.600
  Pixabay Candidate 9: id=44702 3840x2160 dur=45s score=0.600
  Pixabay Candidate 10: id=2213 1280x720 dur=13s score=0.000
-> Router: provider 'pixabay' error: name '_pick_best_variant_link' is not defined
-> AssetLibrary EVICT (below 1920x1080 floor): 'ocean waves time-lapse primary shot' -> cache/video/scene_1_b1_s0.mp4
-> Pixabay Cache MISS: 'ocean wave time-lapse primary shot' — calling Pixabay API
-> AssetLibrary EVICT (below 1920x1080 floor): 'ocean waves time-lapse primary shot' -> cache/video/scene_1_b1_s0.mp4
-> Wikimedia Cache MISS: 'ocean waves time-lapse cutaway shot' — calling Wikimedia API
  Pixabay Candidate 1: id=16111 3840x2160 dur=10s score=0.700 ← SELECTED
  Pixabay Candidate 2: id=190332 3840x2160 dur=14s score=0.600
  Pixabay Candidate 3: id=22555 2560x1440 dur=17s score=0.600
  Pixabay Candidate 4: id=24105 3840x2160 dur=29s score=0.600
  Pixabay Candidate 5: id=71457 3840x2160 dur=31s score=0.600
  Pixabay Candidate 6: id=17869 3840x2160 dur=20s score=0.600
  Pixabay Candidate 7: id=23263 3840x2160 dur=33s score=0.600
  Pixabay Candidate 8: id=72763 3840x2160 dur=21s score=0.600
  Pixabay Candidate 9: id=44702 3840x2160 dur=45s score=0.600
  Pixabay Candidate 10: id=2213 1280x720 dur=13s score=0.000
-> Router: provider 'pixabay' error: name '_pick_best_variant_link' is not defined
-> AssetLibrary EVICT (below 1920x1080 floor): 'ocean waves time-lapse primary shot' -> cache/video/scene_1_b1_s0.mp4
-> Wikimedia Cache MISS: 'ocean wave time-lapse primary shot' — calling Wikimedia API
  Wikimedia Candidate 1: id=93462359 700x1006
-> Router selected: 'wikimedia' for query 'ocean waves time-lapse cutaway shot'
  Wikimedia Candidate 1: id=91372153 1239x1752
  Wikimedia Candidate 2: id=91450698 787x1395
  Wikimedia Candidate 3: id=91510245 2468x3218
  Wikimedia Candidate 4: id=91537817 620x1022
  Wikimedia Candidate 5: id=91691894 787x1343
-> Router selected: 'wikimedia' for query 'ocean wave time-lapse primary shot'
-> AssetLibrary EVICT (below 1920x1080 floor): 'whale swimming deep' -> cache/video/scene_2_b3_s0.mp4
-> Cache MISS: 'whale swimming deep' — calling Pexels API
  Candidate 1: id=15546563 3840x2160 dur=50s score=0.600 ← SELECTED
  Candidate 2: id=10377082 1920x1080 dur=37s score=0.600
  Candidate 3: id=5607993 1920x1080 dur=21s score=0.600
  Candidate 4: id=10377084 1920x1080 dur=29s score=0.600
  Candidate 5: id=6510690 1920x1080 dur=15s score=0.600
  Candidate 6: id=10377449 1920x1080 dur=29s score=0.600
  Candidate 7: id=8906187 1920x1080 dur=25s score=0.600
  Candidate 8: id=20601591 3840x2160 dur=16s score=0.600
  Candidate 9: id=26245637 3840x2160 dur=16s score=0.400
  Candidate 10: id=28097887 3840x2160 dur=57s score=0.400
-> Router: provider 'pexels' error: name '_pick_best_variant_link' is not defined
-> AssetLibrary EVICT (below 1920x1080 floor): 'whale swimming deep' -> cache/video/scene_2_b3_s0.mp4
-> Pixabay Cache MISS: 'whale swimming deep' — calling Pixabay API

  [BeatDirector] Planning beats for scene 8...
  Pixabay Candidate 1: id=275007 3840x2160 dur=6s score=0.800 ← SELECTED
  Pixabay Candidate 2: id=35427 1920x1080 dur=6s score=0.800
  Pixabay Candidate 3: id=13823 1920x1080 dur=8s score=0.667
  Pixabay Candidate 4: id=244188 3840x2160 dur=8s score=0.667
  Pixabay Candidate 5: id=117702 1920x1080 dur=20s score=0.600
  Pixabay Candidate 6: id=37712 1920x1080 dur=27s score=0.600
  Pixabay Candidate 7: id=26572 1920x1080 dur=20s score=0.600
  Pixabay Candidate 8: id=312 1920x1080 dur=35s score=0.600
  Pixabay Candidate 9: id=345377 3840x2160 dur=49s score=0.600
  Pixabay Candidate 10: id=39393 3840x2160 dur=56s score=0.600
-> Router: provider 'pixabay' error: name '_pick_best_variant_link' is not defined
-> AssetLibrary EVICT (below 1920x1080 floor): 'whale swimming deep' -> cache/video/scene_2_b3_s0.mp4
-> Wikimedia Cache MISS: 'whale swimming deep' — calling Wikimedia API
  [BeatDirector] Concept terms (10): ['whale swimming deep', 'ocean sonar waves', 'ship hull underwater', 'whale call close-up']...
  [BeatDirector] 2 beats, 2 shots
-> AssetLibrary EVICT (below 1920x1080 floor): 'whale swimming deep primary shot' -> cache/video/scene_3_b0_s0.mp4
-> Cache MISS: 'whale swimming deep primary shot' — calling Pexels API
  Candidate 1: id=5608046 1920x1080 dur=8s score=0.933 ← SELECTED
  Candidate 2: id=20601591 3840x2160 dur=16s score=0.667
  Candidate 3: id=10377082 1920x1080 dur=37s score=0.600
  Candidate 4: id=15546563 3840x2160 dur=50s score=0.600
  Candidate 5: id=5607993 1920x1080 dur=21s score=0.600
  Candidate 6: id=10377084 1920x1080 dur=29s score=0.600
  Candidate 7: id=8906187 1920x1080 dur=25s score=0.600
  Candidate 8: id=10377449 1920x1080 dur=29s score=0.600
  Candidate 9: id=26245637 3840x2160 dur=16s score=0.467
  Candidate 10: id=28097887 3840x2160 dur=57s score=0.400
-> Router: provider 'pexels' error: name '_pick_best_variant_link' is not defined
-> Wikimedia image info rate limited, retry 1 in 3s...
-> AssetLibrary EVICT (below 1920x1080 floor): 'whale swimming deep primary shot' -> cache/video/scene_3_b0_s0.mp4
-> Pixabay Cache MISS: 'whale swimming deep primary shot' — calling Pixabay API
-> AssetLibrary EVICT (below 1920x1080 floor): 'whale swimming deep' -> cache/video/scene_2_b3_s0.mp4
-> Cache MISS: 'whale swimming deep' — calling Pexels API
  Candidate 1: id=15546563 3840x2160 dur=50s score=0.600 ← SELECTED
  Candidate 2: id=10377082 1920x1080 dur=37s score=0.600
  Candidate 3: id=5607993 1920x1080 dur=21s score=0.600
  Candidate 4: id=10377084 1920x1080 dur=29s score=0.600
  Candidate 5: id=6510690 1920x1080 dur=15s score=0.600
  Candidate 6: id=10377449 1920x1080 dur=29s score=0.600
  Candidate 7: id=8906187 1920x1080 dur=25s score=0.600
  Candidate 8: id=20601591 3840x2160 dur=16s score=0.600
  Candidate 9: id=26245637 3840x2160 dur=16s score=0.400
  Candidate 10: id=28097887 3840x2160 dur=57s score=0.400
-> Router: provider 'pexels' error: name '_pick_best_variant_link' is not defined
-> AssetLibrary EVICT (below 1920x1080 floor): 'whale swimming deep' -> cache/video/scene_2_b3_s0.mp4
-> Pixabay Cache MISS: 'whale swimming deep' — calling Pixabay API
  Pixabay Candidate 1: id=35427 1920x1080 dur=6s score=1.000 ← SELECTED
  Pixabay Candidate 2: id=13823 1920x1080 dur=8s score=0.933
  Pixabay Candidate 3: id=244188 3840x2160 dur=8s score=0.933
  Pixabay Candidate 4: id=18390 3840x2160 dur=11s score=0.833
  Pixabay Candidate 5: id=117702 1920x1080 dur=20s score=0.600
  Pixabay Candidate 6: id=37712 1920x1080 dur=27s score=0.600
  Pixabay Candidate 7: id=26572 1920x1080 dur=20s score=0.600
  Pixabay Candidate 8: id=312 1920x1080 dur=35s score=0.600
  Pixabay Candidate 9: id=345377 3840x2160 dur=49s score=0.600
  Pixabay Candidate 10: id=39393 3840x2160 dur=56s score=0.600
-> Router: provider 'pixabay' error: name '_pick_best_variant_link' is not defined
-> AssetLibrary EVICT (below 1920x1080 floor): 'whale swimming deep primary shot' -> cache/video/scene_3_b0_s0.mp4
-> Wikimedia Cache MISS: 'whale swimming deep primary shot' — calling Wikimedia API
  Pixabay Candidate 1: id=275007 3840x2160 dur=6s score=0.900 ← SELECTED
  Pixabay Candidate 2: id=35427 1920x1080 dur=6s score=0.900
  Pixabay Candidate 3: id=13823 1920x1080 dur=8s score=0.800
  Pixabay Candidate 4: id=244188 3840x2160 dur=8s score=0.800
  Pixabay Candidate 5: id=117702 1920x1080 dur=20s score=0.600
  Pixabay Candidate 6: id=37712 1920x1080 dur=27s score=0.600
  Pixabay Candidate 7: id=26572 1920x1080 dur=20s score=0.600
  Pixabay Candidate 8: id=312 1920x1080 dur=35s score=0.600
  Pixabay Candidate 9: id=345377 3840x2160 dur=49s score=0.600
  Pixabay Candidate 10: id=39393 3840x2160 dur=56s score=0.600
-> Router: provider 'pixabay' error: name '_pick_best_variant_link' is not defined
-> Wikimedia API rate limited, retry 1 in 3s...
-> AssetLibrary EVICT (below 1920x1080 floor): 'whale swimming deep' -> cache/video/scene_2_b3_s0.mp4
-> Wikimedia Cache MISS: 'whale swimming deep' — calling Wikimedia API
-> Wikimedia API rate limited, retry 1 in 3s...
-> Wikimedia image info rate limited, retry 2 in 6s...
-> Wikimedia API rate limited, retry 2 in 6s...
-> Wikimedia API rate limited, retry 2 in 6s...
-> Wikimedia image info rate limited, retry 3 in 9s...
-> Wikimedia API rate limited, retry 3 in 9s...
-> Wikimedia API rate limited, retry 3 in 9s...
-> Wikimedia image info request failed: Expecting value: line 1 column 1 (char 0)
-> Router: all providers exhausted for 'whale swimming deep' — returning empty
-> AssetLibrary EVICT (below 1920x1080 floor): 'the 52-hertz whale: the loneliest voice in the ocean documentary stock footage' -> cache/video/scene_3_b0_s0.mp4
-> Cache HIT: 'The 52-Hertz Whale: the loneliest voice in the ocean documentary stock footage' → cache/video/scene_5_b0_s0.mp4
-> Router selected: 'pexels' for query 'The 52-Hertz Whale: the loneliest voice in the ocean documentary stock footage'
-> AssetLibrary EVICT (below 1920x1080 floor): 'sonar equipment screen primary shot' -> cache/video/scene_0_b2_s0.mp4
-> Cache MISS: 'underwater sonar screen primary shot' — calling Pexels API
-> Wikimedia API request failed: Expecting value: line 1 column 1 (char 0)
-> Router: all providers exhausted for 'whale swimming deep primary shot' — returning empty
-> AssetLibrary EVICT (below 1920x1080 floor): 'whale swimming deep' -> cache/video/scene_2_b3_s0.mp4
-> Cache MISS: 'whale swimming deep' — calling Pexels API
  Candidate 1: id=6510690 1920x1080 dur=15s score=0.700 ← SELECTED
  Candidate 2: id=20601591 3840x2160 dur=16s score=0.667
  Candidate 3: id=15546563 3840x2160 dur=50s score=0.600
  Candidate 4: id=10377082 1920x1080 dur=37s score=0.600
  Candidate 5: id=5607993 1920x1080 dur=21s score=0.600
  Candidate 6: id=10377084 1920x1080 dur=29s score=0.600
  Candidate 7: id=10377449 1920x1080 dur=29s score=0.600
  Candidate 8: id=8906187 1920x1080 dur=25s score=0.600
  Candidate 9: id=26245637 3840x2160 dur=16s score=0.467
  Candidate 10: id=28097887 3840x2160 dur=57s score=0.400
-> Router: provider 'pexels' error: name '_pick_best_variant_link' is not defined
  Candidate 1: id=8686153 1920x1080 dur=9s score=0.935 ← SELECTED
  Candidate 2: id=17186320 1920x1080 dur=10s score=0.906
  Candidate 3: id=8916728 4096x2160 dur=12s score=0.847
  Candidate 4: id=4863640 3840x2160 dur=14s score=0.788
  Candidate 5: id=11273414 1920x1080 dur=14s score=0.788
  Candidate 6: id=38865258 1920x1080 dur=8s score=0.765
  Candidate 7: id=32213508 1920x1080 dur=9s score=0.735
  Candidate 8: id=8823625 3840x2160 dur=19s score=0.641
  Candidate 9: id=5743312 3840x2160 dur=26s score=0.600
  Candidate 10: id=11334965 3840x2160 dur=78s score=0.600
-> Router: provider 'pexels' error: name '_pick_best_variant_link' is not defined
-> AssetLibrary EVICT (below 1920x1080 floor): 'whale swimming deep' -> cache/video/scene_2_b3_s0.mp4
-> Pixabay Cache MISS: 'whale swimming deep' — calling Pixabay API
-> AssetLibrary EVICT (below 1920x1080 floor): 'sonar equipment screen primary shot' -> cache/video/scene_0_b2_s0.mp4
-> Pixabay Cache MISS: 'underwater sonar screen primary shot' — calling Pixabay API
-> Wikimedia API request failed: Expecting value: line 1 column 1 (char 0)
-> Router: all providers exhausted for 'whale swimming deep' — returning empty
-> AssetLibrary EVICT (below 1920x1080 floor): 'the 52-hertz whale: the loneliest voice in the ocean documentary stock footage' -> cache/video/scene_3_b0_s0.mp4
-> Cache HIT: 'The 52-Hertz Whale: the loneliest voice in the ocean documentary stock footage' → cache/video/scene_5_b0_s0.mp4
-> Router selected: 'pexels' for query 'The 52-Hertz Whale: the loneliest voice in the ocean documentary stock footage'
  Pixabay Candidate 1: id=275007 3840x2160 dur=6s score=1.000 ← SELECTED
  Pixabay Candidate 2: id=35427 1920x1080 dur=6s score=1.000
  Pixabay Candidate 3: id=13823 1920x1080 dur=8s score=0.933
  Pixabay Candidate 4: id=244188 3840x2160 dur=8s score=0.933
  Pixabay Candidate 5: id=117702 1920x1080 dur=20s score=0.600
  Pixabay Candidate 6: id=37712 1920x1080 dur=27s score=0.600
  Pixabay Candidate 7: id=26572 1920x1080 dur=20s score=0.600
  Pixabay Candidate 8: id=312 1920x1080 dur=35s score=0.600
  Pixabay Candidate 9: id=345377 3840x2160 dur=49s score=0.600
  Pixabay Candidate 10: id=39393 3840x2160 dur=56s score=0.600
-> Router: provider 'pixabay' error: name '_pick_best_variant_link' is not defined
  Pixabay Candidate 1: id=16166 1920x1080 dur=8s score=0.965 ← SELECTED
  Pixabay Candidate 2: id=88883 1920x1080 dur=6s score=0.906
  Pixabay Candidate 3: id=24265 1920x1080 dur=6s score=0.906
  Pixabay Candidate 4: id=2420 1920x1080 dur=10s score=0.906
  Pixabay Candidate 5: id=18390 3840x2160 dur=11s score=0.876
  Pixabay Candidate 6: id=26818 3840x2160 dur=16s score=0.729
  Pixabay Candidate 7: id=110879 1920x1080 dur=20s score=0.612
  Pixabay Candidate 8: id=105377 1920x1080 dur=25s score=0.600
  Pixabay Candidate 9: id=37712 1920x1080 dur=27s score=0.600
  Pixabay Candidate 10: id=244754 2560x1440 dur=30s score=0.600
-> Router: provider 'pixabay' error: name '_pick_best_variant_link' is not defined
-> AssetLibrary EVICT (below 1920x1080 floor): 'whale swimming deep' -> cache/video/scene_2_b3_s0.mp4
-> Wikimedia Cache MISS: 'whale swimming deep' — calling Wikimedia API
-> AssetLibrary EVICT (below 1920x1080 floor): 'sonar equipment screen primary shot' -> cache/video/scene_0_b2_s0.mp4
-> Wikimedia Cache MISS: 'underwater sonar screen primary shot' — calling Wikimedia API
-> AssetLibrary REUSE: 'hydrophone underwater recording primary shot' similar to 'hydrophone underwater recording primary shot' -> cache/video/scene_3_b1_s0.mp4
-> Router selected: 'pexels' for query 'hydrophone underwater recording primary shot'
-> Wikimedia API rate limited, retry 1 in 3s...
-> Wikimedia API rate limited, retry 1 in 3s...
-> Already on disk: cache/video/scene_7_b2_s0.mp4
    [BeatDirector] Shot accepted: primary shot for beat 2 (provider=pexels)
-> AssetLibrary EVICT (below 1920x1080 floor): 'whale call spectrogram primary shot' -> cache/video/scene_4_b3_s0.mp4
-> Cache MISS: 'whale call spectrogram primary shot' — calling Pexels API
  Candidate 1: id=11279748 1920x1080 dur=7s score=0.850 ← SELECTED
  Candidate 2: id=4326984 4096x2160 dur=7s score=0.850
  Candidate 3: id=19460372 3840x2160 dur=9s score=0.750
  Candidate 4: id=8906187 1920x1080 dur=25s score=0.600
  Candidate 5: id=12306692 3840x2160 dur=18s score=0.600
  Candidate 6: id=27941813 3840x2160 dur=31s score=0.400
  Candidate 7: id=27941815 3840x2160 dur=82s score=0.400
  Candidate 8: id=29054057 1920x1080 dur=12s score=0.400
  Candidate 9: id=4520420 1920x1012 dur=3s score=0.000
  Candidate 10: id=4520422 1920x1012 dur=3s score=0.000
-> Router: provider 'pexels' error: name '_pick_best_variant_link' is not defined
-> AssetLibrary EVICT (below 1920x1080 floor): 'whale call spectrogram primary shot' -> cache/video/scene_4_b3_s0.mp4
-> Pixabay Cache MISS: 'whale call spectrogram primary shot' — calling Pixabay API
  Pixabay Candidate 1: id=244188 3840x2160 dur=8s score=0.800 ← SELECTED
  Pixabay Candidate 2: id=86866 1920x1080 dur=10s score=0.700
  Pixabay Candidate 3: id=18390 3840x2160 dur=11s score=0.650
  Pixabay Candidate 4: id=133686 1920x1080 dur=16s score=0.600
  Pixabay Candidate 5: id=117702 1920x1080 dur=20s score=0.600
  Pixabay Candidate 6: id=204420 3840x2160 dur=15s score=0.600
  Pixabay Candidate 7: id=7093 1920x1080 dur=30s score=0.600
  Pixabay Candidate 8: id=33592 1920x1080 dur=20s score=0.600
  Pixabay Candidate 9: id=204421 3840x2160 dur=22s score=0.600
  Pixabay Candidate 10: id=88244 3840x2160 dur=13s score=0.600
-> Router: provider 'pixabay' error: name '_pick_best_variant_link' is not defined
-> AssetLibrary EVICT (below 1920x1080 floor): 'whale call spectrogram primary shot' -> cache/video/scene_4_b3_s0.mp4
-> Wikimedia Cache MISS: 'whale call spectrogram primary shot' — calling Wikimedia API
-> Wikimedia API rate limited, retry 1 in 3s...
-> Wikimedia API rate limited, retry 2 in 6s...
-> Wikimedia API rate limited, retry 2 in 6s...
-> Wikimedia API rate limited, retry 2 in 6s...
-> Wikimedia API rate limited, retry 3 in 9s...
-> Wikimedia API rate limited, retry 3 in 9s...
-> Wikimedia API rate limited, retry 3 in 9s...
-> Wikimedia API request failed: Expecting value: line 1 column 1 (char 0)
-> Router: all providers exhausted for 'whale swimming deep' — returning empty
-> AssetLibrary EVICT (below 1920x1080 floor): 'the 52-hertz whale: the loneliest voice in the ocean documentary stock footage' -> cache/video/scene_3_b0_s0.mp4
-> Cache HIT: 'The 52-Hertz Whale: the loneliest voice in the ocean documentary stock footage' → cache/video/scene_5_b0_s0.mp4
-> Router selected: 'pexels' for query 'The 52-Hertz Whale: the loneliest voice in the ocean documentary stock footage'
-> Wikimedia API request failed: Expecting value: line 1 column 1 (char 0)
-> Router: all providers exhausted for 'underwater sonar screen primary shot' — returning empty
-> AssetLibrary REUSE: 'ocean sonar waves primary shot' similar to 'ocean waves dark primary shot' -> cache/video/scene_9_b1_s0.mp4
-> Router selected: 'pexels' for query 'ocean sonar waves primary shot'
-> AssetLibrary EVICT (below 1920x1080 floor): 'whale swimming deep' -> cache/video/scene_2_b3_s0.mp4
-> Cache MISS: 'whale swimming deep' — calling Pexels API
  Candidate 1: id=6510690 1920x1080 dur=15s score=0.759 ← SELECTED
  Candidate 2: id=20601591 3840x2160 dur=16s score=0.729
  Candidate 3: id=15546563 3840x2160 dur=50s score=0.600
  Candidate 4: id=10377082 1920x1080 dur=37s score=0.600
  Candidate 5: id=5607993 1920x1080 dur=21s score=0.600
  Candidate 6: id=10377084 1920x1080 dur=29s score=0.600
  Candidate 7: id=10377449 1920x1080 dur=29s score=0.600
  Candidate 8: id=8906187 1920x1080 dur=25s score=0.600
  Candidate 9: id=26245637 3840x2160 dur=16s score=0.529
  Candidate 10: id=28097887 3840x2160 dur=57s score=0.400
-> Router: provider 'pexels' error: name '_pick_best_variant_link' is not defined
-> AssetLibrary EVICT (below 1920x1080 floor): 'whale swimming deep' -> cache/video/scene_2_b3_s0.mp4
-> Pixabay Cache MISS: 'whale swimming deep' — calling Pixabay API
-> AssetLibrary EVICT (below 1920x1080 floor): 'whale swimming deep' -> cache/video/scene_2_b3_s0.mp4
-> Cache MISS: 'whale swimming deep' — calling Pexels API
  Candidate 1: id=6510690 1920x1080 dur=15s score=0.771 ← SELECTED
  Candidate 2: id=20601591 3840x2160 dur=16s score=0.743
  Candidate 3: id=15546563 3840x2160 dur=50s score=0.600
  Candidate 4: id=10377082 1920x1080 dur=37s score=0.600
  Candidate 5: id=5607993 1920x1080 dur=21s score=0.600
  Candidate 6: id=10377084 1920x1080 dur=29s score=0.600
  Candidate 7: id=10377449 1920x1080 dur=29s score=0.600
  Candidate 8: id=8906187 1920x1080 dur=25s score=0.600
  Candidate 9: id=26245637 3840x2160 dur=16s score=0.543
  Candidate 10: id=28097887 3840x2160 dur=57s score=0.400
-> Router: provider 'pexels' error: name '_pick_best_variant_link' is not defined
-> AssetLibrary EVICT (below 1920x1080 floor): 'whale swimming deep' -> cache/video/scene_2_b3_s0.mp4
-> Pixabay Cache MISS: 'whale swimming deep' — calling Pixabay API
  Pixabay Candidate 1: id=13823 1920x1080 dur=8s score=0.965 ← SELECTED
  Pixabay Candidate 2: id=244188 3840x2160 dur=8s score=0.965
  Pixabay Candidate 3: id=275007 3840x2160 dur=6s score=0.906
  Pixabay Candidate 4: id=35427 1920x1080 dur=6s score=0.906
  Pixabay Candidate 5: id=117702 1920x1080 dur=20s score=0.612
  Pixabay Candidate 6: id=26572 1920x1080 dur=20s score=0.612
  Pixabay Candidate 7: id=37712 1920x1080 dur=27s score=0.600
  Pixabay Candidate 8: id=312 1920x1080 dur=35s score=0.600
  Pixabay Candidate 9: id=345377 3840x2160 dur=49s score=0.600
  Pixabay Candidate 10: id=39393 3840x2160 dur=56s score=0.600
-> Router: provider 'pixabay' error: name '_pick_best_variant_link' is not defined
-> AssetLibrary EVICT (below 1920x1080 floor): 'whale swimming deep' -> cache/video/scene_2_b3_s0.mp4
-> Wikimedia Cache MISS: 'whale swimming deep' — calling Wikimedia API
-> Wikimedia API request failed: Expecting value: line 1 column 1 (char 0)
-> Router: all providers exhausted for 'whale call spectrogram primary shot' — returning empty
-> AssetLibrary EVICT (below 1920x1080 floor): 'whale swimming deep' -> cache/video/scene_2_b3_s0.mp4
-> Cache MISS: 'whale swimming deep' — calling Pexels API
  Candidate 1: id=15546563 3840x2160 dur=50s score=0.600 ← SELECTED
  Candidate 2: id=10377082 1920x1080 dur=37s score=0.600
  Candidate 3: id=5607993 1920x1080 dur=21s score=0.600
  Candidate 4: id=10377084 1920x1080 dur=29s score=0.600
  Candidate 5: id=6510690 1920x1080 dur=15s score=0.600
  Candidate 6: id=10377449 1920x1080 dur=29s score=0.600
  Candidate 7: id=8906187 1920x1080 dur=25s score=0.600
  Candidate 8: id=20601591 3840x2160 dur=16s score=0.600
  Candidate 9: id=26245637 3840x2160 dur=16s score=0.400
  Candidate 10: id=28097887 3840x2160 dur=57s score=0.400
-> Router: provider 'pexels' error: name '_pick_best_variant_link' is not defined
-> AssetLibrary EVICT (below 1920x1080 floor): 'whale swimming deep' -> cache/video/scene_2_b3_s0.mp4
-> Pixabay Cache MISS: 'whale swimming deep' — calling Pixabay API
-> Wikimedia API rate limited, retry 1 in 3s...
  Pixabay Candidate 1: id=13823 1920x1080 dur=8s score=0.971 ← SELECTED
  Pixabay Candidate 2: id=244188 3840x2160 dur=8s score=0.971
  Pixabay Candidate 3: id=275007 3840x2160 dur=6s score=0.886
  Pixabay Candidate 4: id=35427 1920x1080 dur=6s score=0.886
  Pixabay Candidate 5: id=117702 1920x1080 dur=20s score=0.629
  Pixabay Candidate 6: id=26572 1920x1080 dur=20s score=0.629
  Pixabay Candidate 7: id=37712 1920x1080 dur=27s score=0.600
  Pixabay Candidate 8: id=312 1920x1080 dur=35s score=0.600
  Pixabay Candidate 9: id=345377 3840x2160 dur=49s score=0.600
  Pixabay Candidate 10: id=39393 3840x2160 dur=56s score=0.600
-> Router: provider 'pixabay' error: name '_pick_best_variant_link' is not defined
-> AssetLibrary EVICT (below 1920x1080 floor): 'whale swimming deep' -> cache/video/scene_2_b3_s0.mp4
-> Wikimedia Cache MISS: 'whale swimming deep' — calling Wikimedia API
  Pixabay Candidate 1: id=275007 3840x2160 dur=6s score=0.900 ← SELECTED
  Pixabay Candidate 2: id=35427 1920x1080 dur=6s score=0.900
  Pixabay Candidate 3: id=13823 1920x1080 dur=8s score=0.800
  Pixabay Candidate 4: id=244188 3840x2160 dur=8s score=0.800
  Pixabay Candidate 5: id=117702 1920x1080 dur=20s score=0.600
  Pixabay Candidate 6: id=37712 1920x1080 dur=27s score=0.600
  Pixabay Candidate 7: id=26572 1920x1080 dur=20s score=0.600
  Pixabay Candidate 8: id=312 1920x1080 dur=35s score=0.600
  Pixabay Candidate 9: id=345377 3840x2160 dur=49s score=0.600
  Pixabay Candidate 10: id=39393 3840x2160 dur=56s score=0.600
-> Router: provider 'pixabay' error: name '_pick_best_variant_link' is not defined
-> AssetLibrary EVICT (below 1920x1080 floor): 'whale swimming deep' -> cache/video/scene_2_b3_s0.mp4
-> Wikimedia Cache MISS: 'whale swimming deep' — calling Wikimedia API
-> Wikimedia API rate limited, retry 1 in 3s...
-> Wikimedia API rate limited, retry 1 in 3s...
-> Wikimedia API rate limited, retry 2 in 6s...
-> Wikimedia API rate limited, retry 2 in 6s...
-> Wikimedia API rate limited, retry 2 in 6s...
  Wikimedia Candidate 1: id=59326000 716x1089
  Wikimedia Candidate 2: id=91793954 1027x1687
  Wikimedia Candidate 3: id=92515049 779x1237
  Wikimedia Candidate 4: id=95900299 662x1064
  Wikimedia Candidate 5: id=98214895 770x1170
-> Router selected: 'wikimedia' for query 'whale swimming deep'
  Wikimedia Candidate 1: id=59326000 716x1089
  Wikimedia Candidate 2: id=91793954 1027x1687
  Wikimedia Candidate 3: id=92515049 779x1237
  Wikimedia Candidate 4: id=95900299 662x1064
  Wikimedia Candidate 5: id=98214895 770x1170
-> Router selected: 'wikimedia' for query 'whale swimming deep'
-> AssetLibrary EVICT (below 1920x1080 floor): 'the 52-hertz whale: the loneliest voice in the ocean documentary stock footage' -> cache/video/scene_3_b0_s0.mp4
-> Cache HIT: 'The 52-Hertz Whale: the loneliest voice in the ocean documentary stock footage' → cache/video/scene_5_b0_s0.mp4
-> Router selected: 'pexels' for query 'The 52-Hertz Whale: the loneliest voice in the ocean documentary stock footage'
-> AssetLibrary EVICT (below 1920x1080 floor): 'the 52-hertz whale: the loneliest voice in the ocean documentary stock footage' -> cache/video/scene_3_b0_s0.mp4
-> Cache HIT: 'The 52-Hertz Whale: the loneliest voice in the ocean documentary stock footage' → cache/video/scene_5_b0_s0.mp4
-> Router selected: 'pexels' for query 'The 52-Hertz Whale: the loneliest voice in the ocean documentary stock footage'
  Wikimedia Candidate 1: id=59326000 716x1089
  Wikimedia Candidate 2: id=91793954 1027x1687
  Wikimedia Candidate 3: id=92515049 779x1237
  Wikimedia Candidate 4: id=95900299 662x1064
  Wikimedia Candidate 5: id=98214895 770x1170
-> Router selected: 'wikimedia' for query 'whale swimming deep'
-> AssetLibrary EVICT (below 1920x1080 floor): 'the 52-hertz whale: the loneliest voice in the ocean documentary stock footage' -> cache/video/scene_3_b0_s0.mp4
-> Cache HIT: 'The 52-Hertz Whale: the loneliest voice in the ocean documentary stock footage' → cache/video/scene_5_b0_s0.mp4
-> Router selected: 'pexels' for query 'The 52-Hertz Whale: the loneliest voice in the ocean documentary stock footage'
-> AssetLibrary EVICT (below 1920x1080 floor): 'sonar equipment screen primary shot' -> cache/video/scene_0_b2_s0.mp4
-> Cache MISS: 'ship sonar screen primary shot' — calling Pexels API
  Candidate 1: id=10419398 1920x1080 dur=7s score=0.850 ← SELECTED
  Candidate 2: id=9785226 1920x1080 dur=44s score=0.600
  Candidate 3: id=26728856 1920x1080 dur=8s score=0.600
  Candidate 4: id=6651688 1920x1080 dur=121s score=0.600
  Candidate 5: id=8916728 4096x2160 dur=12s score=0.600
  Candidate 6: id=10286797 3840x2160 dur=27s score=0.600
  Candidate 7: id=14981470 3840x2160 dur=16s score=0.600
  Candidate 8: id=7770853 1920x1080 dur=26s score=0.600
  Candidate 9: id=4778075 2704x1520 dur=21s score=0.600
  Candidate 10: id=13752447 1920x1080 dur=30s score=0.600
-> Router: provider 'pexels' error: name '_pick_best_variant_link' is not defined
-> AssetLibrary EVICT (below 1920x1080 floor): 'sonar equipment screen primary shot' -> cache/video/scene_0_b2_s0.mp4
-> Pixabay Cache MISS: 'ship sonar screen primary shot' — calling Pixabay API
  Pixabay Candidate 1: id=88883 1920x1080 dur=6s score=0.900 ← SELECTED
  Pixabay Candidate 2: id=2420 1920x1080 dur=10s score=0.700
  Pixabay Candidate 3: id=18390 3840x2160 dur=11s score=0.650
  Pixabay Candidate 4: id=3713 1920x1080 dur=20s score=0.600
  Pixabay Candidate 5: id=10715 1920x1080 dur=58s score=0.600
  Pixabay Candidate 6: id=140730 1920x1080 dur=15s score=0.600
  Pixabay Candidate 7: id=202987 3840x2160 dur=15s score=0.600
  Pixabay Candidate 8: id=2849 1920x1080 dur=76s score=0.600
  Pixabay Candidate 9: id=23544 3840x2160 dur=32s score=0.600
  Pixabay Candidate 10: id=110247 3840x2160 dur=12s score=0.600
-> Router: provider 'pixabay' error: name '_pick_best_variant_link' is not defined
-> AssetLibrary EVICT (below 1920x1080 floor): 'sonar equipment screen primary shot' -> cache/video/scene_0_b2_s0.mp4
-> Wikimedia Cache MISS: 'ship sonar screen primary shot' — calling Wikimedia API
  Wikimedia Candidate 1: id=91602157 1177x1558
  Wikimedia Candidate 2: id=92325312 1183x1600
  Wikimedia Candidate 3: id=92329973 1275x1650
  Wikimedia Candidate 4: id=92492222 1275x1650
  Wikimedia Candidate 5: id=92518813 1275x1650
-> Router selected: 'wikimedia' for query 'ship sonar screen primary shot'
-> AssetLibrary EVICT (below 1920x1080 floor): 'whale swimming deep' -> cache/video/scene_2_b3_s0.mp4
-> Cache MISS: 'whale swimming deep' — calling Pexels API
  Candidate 1: id=15546563 3840x2160 dur=50s score=0.600 ← SELECTED
  Candidate 2: id=10377082 1920x1080 dur=37s score=0.600
  Candidate 3: id=5607993 1920x1080 dur=21s score=0.600
  Candidate 4: id=10377084 1920x1080 dur=29s score=0.600
  Candidate 5: id=6510690 1920x1080 dur=15s score=0.600
  Candidate 6: id=10377449 1920x1080 dur=29s score=0.600
  Candidate 7: id=8906187 1920x1080 dur=25s score=0.600
  Candidate 8: id=20601591 3840x2160 dur=16s score=0.600
  Candidate 9: id=26245637 3840x2160 dur=16s score=0.400
  Candidate 10: id=28097887 3840x2160 dur=57s score=0.400
-> Router: provider 'pexels' error: name '_pick_best_variant_link' is not defined
-> AssetLibrary EVICT (below 1920x1080 floor): 'whale swimming deep' -> cache/video/scene_2_b3_s0.mp4
-> Pixabay Cache MISS: 'whale swimming deep' — calling Pixabay API
  Pixabay Candidate 1: id=275007 3840x2160 dur=6s score=0.900 ← SELECTED
  Pixabay Candidate 2: id=35427 1920x1080 dur=6s score=0.900
  Pixabay Candidate 3: id=13823 1920x1080 dur=8s score=0.800
  Pixabay Candidate 4: id=244188 3840x2160 dur=8s score=0.800
  Pixabay Candidate 5: id=117702 1920x1080 dur=20s score=0.600
  Pixabay Candidate 6: id=37712 1920x1080 dur=27s score=0.600
  Pixabay Candidate 7: id=26572 1920x1080 dur=20s score=0.600
  Pixabay Candidate 8: id=312 1920x1080 dur=35s score=0.600
  Pixabay Candidate 9: id=345377 3840x2160 dur=49s score=0.600
  Pixabay Candidate 10: id=39393 3840x2160 dur=56s score=0.600
-> Router: provider 'pixabay' error: name '_pick_best_variant_link' is not defined
-> AssetLibrary EVICT (below 1920x1080 floor): 'whale swimming deep' -> cache/video/scene_2_b3_s0.mp4
-> Wikimedia Cache MISS: 'whale swimming deep' — calling Wikimedia API
-> Wikimedia API rate limited, retry 1 in 3s...
-> Wikimedia API rate limited, retry 2 in 6s...
-> Wikimedia API rate limited, retry 3 in 9s...

  [BeatDirector] Planning beats for scene 9...
  [BeatDirector] Concept terms (10): ['whale swimming deep', 'ocean waves crashing', 'ship sonar equipment', 'underwater hydrophone recording']...
  [BeatDirector] 6 beats, 6 shots
-> AssetLibrary EVICT (below 1920x1080 floor): 'whale swimming deep primary shot' -> cache/video/scene_3_b0_s0.mp4
-> Cache MISS: 'whale swimming deep primary shot' — calling Pexels API
  Candidate 1: id=5608046 1920x1080 dur=8s score=0.800 ← SELECTED
  Candidate 2: id=10377082 1920x1080 dur=37s score=0.600
  Candidate 3: id=15546563 3840x2160 dur=50s score=0.600
  Candidate 4: id=5607993 1920x1080 dur=21s score=0.600
  Candidate 5: id=10377084 1920x1080 dur=29s score=0.600
  Candidate 6: id=8906187 1920x1080 dur=25s score=0.600
  Candidate 7: id=10377449 1920x1080 dur=29s score=0.600
  Candidate 8: id=20601591 3840x2160 dur=16s score=0.600
  Candidate 9: id=26245637 3840x2160 dur=16s score=0.400
  Candidate 10: id=28097887 3840x2160 dur=57s score=0.400
-> Router: provider 'pexels' error: name '_pick_best_variant_link' is not defined
-> AssetLibrary EVICT (below 1920x1080 floor): 'whale swimming deep primary shot' -> cache/video/scene_3_b0_s0.mp4
-> Pixabay Cache MISS: 'whale swimming deep primary shot' — calling Pixabay API
  Pixabay Candidate 1: id=35427 1920x1080 dur=6s score=0.900 ← SELECTED
  Pixabay Candidate 2: id=13823 1920x1080 dur=8s score=0.800
  Pixabay Candidate 3: id=244188 3840x2160 dur=8s score=0.800
  Pixabay Candidate 4: id=18390 3840x2160 dur=11s score=0.650
  Pixabay Candidate 5: id=117702 1920x1080 dur=20s score=0.600
  Pixabay Candidate 6: id=37712 1920x1080 dur=27s score=0.600
  Pixabay Candidate 7: id=26572 1920x1080 dur=20s score=0.600
  Pixabay Candidate 8: id=312 1920x1080 dur=35s score=0.600
  Pixabay Candidate 9: id=345377 3840x2160 dur=49s score=0.600
  Pixabay Candidate 10: id=39393 3840x2160 dur=56s score=0.600
-> Router: provider 'pixabay' error: name '_pick_best_variant_link' is not defined
-> AssetLibrary EVICT (below 1920x1080 floor): 'whale swimming deep primary shot' -> cache/video/scene_3_b0_s0.mp4
-> Wikimedia Cache MISS: 'whale swimming deep primary shot' — calling Wikimedia API
-> Wikimedia API rate limited, retry 1 in 3s...
-> Wikimedia API request failed: Expecting value: line 1 column 1 (char 0)
-> Router: all providers exhausted for 'whale swimming deep' — returning empty
-> AssetLibrary EVICT (below 1920x1080 floor): 'the 52-hertz whale: the loneliest voice in the ocean documentary stock footage' -> cache/video/scene_3_b0_s0.mp4
-> Cache HIT: 'The 52-Hertz Whale: the loneliest voice in the ocean documentary stock footage' → cache/video/scene_5_b0_s0.mp4
-> Router selected: 'pexels' for query 'The 52-Hertz Whale: the loneliest voice in the ocean documentary stock footage'
-> Wikimedia API rate limited, retry 2 in 6s...
-> Wikimedia API rate limited, retry 3 in 9s...
-> Wikimedia API request failed: Expecting value: line 1 column 1 (char 0)
-> Router: all providers exhausted for 'whale swimming deep primary shot' — returning empty
-> AssetLibrary EVICT (below 1920x1080 floor): 'whale swimming deep' -> cache/video/scene_2_b3_s0.mp4
-> Cache MISS: 'whale swimming deep' — calling Pexels API
  Candidate 1: id=15546563 3840x2160 dur=50s score=0.600 ← SELECTED
  Candidate 2: id=10377082 1920x1080 dur=37s score=0.600
  Candidate 3: id=5607993 1920x1080 dur=21s score=0.600
  Candidate 4: id=10377084 1920x1080 dur=29s score=0.600
  Candidate 5: id=6510690 1920x1080 dur=15s score=0.600
  Candidate 6: id=10377449 1920x1080 dur=29s score=0.600
  Candidate 7: id=8906187 1920x1080 dur=25s score=0.600
  Candidate 8: id=20601591 3840x2160 dur=16s score=0.600
  Candidate 9: id=26245637 3840x2160 dur=16s score=0.400
  Candidate 10: id=28097887 3840x2160 dur=57s score=0.400
-> Router: provider 'pexels' error: name '_pick_best_variant_link' is not defined
-> AssetLibrary EVICT (below 1920x1080 floor): 'whale swimming deep' -> cache/video/scene_2_b3_s0.mp4
-> Pixabay Cache MISS: 'whale swimming deep' — calling Pixabay API
  Pixabay Candidate 1: id=275007 3840x2160 dur=6s score=0.900 ← SELECTED
  Pixabay Candidate 2: id=35427 1920x1080 dur=6s score=0.900
  Pixabay Candidate 3: id=13823 1920x1080 dur=8s score=0.800
  Pixabay Candidate 4: id=244188 3840x2160 dur=8s score=0.800
  Pixabay Candidate 5: id=117702 1920x1080 dur=20s score=0.600
  Pixabay Candidate 6: id=37712 1920x1080 dur=27s score=0.600
  Pixabay Candidate 7: id=26572 1920x1080 dur=20s score=0.600
  Pixabay Candidate 8: id=312 1920x1080 dur=35s score=0.600
  Pixabay Candidate 9: id=345377 3840x2160 dur=49s score=0.600
  Pixabay Candidate 10: id=39393 3840x2160 dur=56s score=0.600
-> Router: provider 'pixabay' error: name '_pick_best_variant_link' is not defined
-> AssetLibrary EVICT (below 1920x1080 floor): 'whale swimming deep' -> cache/video/scene_2_b3_s0.mp4
-> Wikimedia Cache MISS: 'whale swimming deep' — calling Wikimedia API
-> Wikimedia API rate limited, retry 1 in 3s...
-> Wikimedia API rate limited, retry 2 in 6s...
-> Wikimedia API rate limited, retry 3 in 9s...
  Wikimedia Candidate 1: id=59326000 716x1089
  Wikimedia Candidate 2: id=91793954 1027x1687
  Wikimedia Candidate 3: id=92515049 779x1237
  Wikimedia Candidate 4: id=95900299 662x1064
  Wikimedia Candidate 5: id=98214895 770x1170
-> Router selected: 'wikimedia' for query 'whale swimming deep'
-> AssetLibrary EVICT (below 1920x1080 floor): 'the 52-hertz whale: the loneliest voice in the ocean documentary stock footage' -> cache/video/scene_3_b0_s0.mp4
-> Cache HIT: 'The 52-Hertz Whale: the loneliest voice in the ocean documentary stock footage' → cache/video/scene_5_b0_s0.mp4
-> Router selected: 'pexels' for query 'The 52-Hertz Whale: the loneliest voice in the ocean documentary stock footage'
-> AssetLibrary REUSE: 'ocean waves crashing primary shot' similar to 'ocean waves dark primary shot' -> cache/video/scene_9_b1_s0.mp4
-> Router selected: 'pexels' for query 'ocean waves crashing primary shot'
-> AssetLibrary EVICT (below 1920x1080 floor): 'whale swimming deep' -> cache/video/scene_2_b3_s0.mp4
-> Cache MISS: 'whale swimming deep' — calling Pexels API
  Candidate 1: id=15546563 3840x2160 dur=50s score=0.600 ← SELECTED
  Candidate 2: id=10377082 1920x1080 dur=37s score=0.600
  Candidate 3: id=5607993 1920x1080 dur=21s score=0.600
  Candidate 4: id=10377084 1920x1080 dur=29s score=0.600
  Candidate 5: id=6510690 1920x1080 dur=15s score=0.600
  Candidate 6: id=10377449 1920x1080 dur=29s score=0.600
  Candidate 7: id=8906187 1920x1080 dur=25s score=0.600
  Candidate 8: id=20601591 3840x2160 dur=16s score=0.600
  Candidate 9: id=26245637 3840x2160 dur=16s score=0.400
  Candidate 10: id=28097887 3840x2160 dur=57s score=0.400
-> Router: provider 'pexels' error: name '_pick_best_variant_link' is not defined
-> AssetLibrary EVICT (below 1920x1080 floor): 'whale swimming deep' -> cache/video/scene_2_b3_s0.mp4
-> Pixabay Cache MISS: 'whale swimming deep' — calling Pixabay API
  Pixabay Candidate 1: id=275007 3840x2160 dur=6s score=0.900 ← SELECTED
  Pixabay Candidate 2: id=35427 1920x1080 dur=6s score=0.900
  Pixabay Candidate 3: id=13823 1920x1080 dur=8s score=0.800
  Pixabay Candidate 4: id=244188 3840x2160 dur=8s score=0.800
  Pixabay Candidate 5: id=117702 1920x1080 dur=20s score=0.600
  Pixabay Candidate 6: id=37712 1920x1080 dur=27s score=0.600
  Pixabay Candidate 7: id=26572 1920x1080 dur=20s score=0.600
  Pixabay Candidate 8: id=312 1920x1080 dur=35s score=0.600
  Pixabay Candidate 9: id=345377 3840x2160 dur=49s score=0.600
  Pixabay Candidate 10: id=39393 3840x2160 dur=56s score=0.600
-> Router: provider 'pixabay' error: name '_pick_best_variant_link' is not defined
-> AssetLibrary EVICT (below 1920x1080 floor): 'whale swimming deep' -> cache/video/scene_2_b3_s0.mp4
-> Wikimedia Cache MISS: 'whale swimming deep' — calling Wikimedia API
  Wikimedia Candidate 1: id=59326000 716x1089
  Wikimedia Candidate 2: id=91793954 1027x1687
  Wikimedia Candidate 3: id=92515049 779x1237
  Wikimedia Candidate 4: id=95900299 662x1064
  Wikimedia Candidate 5: id=98214895 770x1170
-> Router selected: 'wikimedia' for query 'whale swimming deep'
-> AssetLibrary EVICT (below 1920x1080 floor): 'the 52-hertz whale: the loneliest voice in the ocean documentary stock footage' -> cache/video/scene_3_b0_s0.mp4
-> Cache HIT: 'The 52-Hertz Whale: the loneliest voice in the ocean documentary stock footage' → cache/video/scene_5_b0_s0.mp4
-> Router selected: 'pexels' for query 'The 52-Hertz Whale: the loneliest voice in the ocean documentary stock footage'
-> AssetLibrary EVICT (below 1920x1080 floor): 'sonar equipment screen primary shot' -> cache/video/scene_0_b2_s0.mp4
-> Cache MISS: 'ship sonar equipment primary shot' — calling Pexels API
  Candidate 1: id=4778067 2704x1520 dur=11s score=0.650 ← SELECTED
  Candidate 2: id=6651688 1920x1080 dur=121s score=0.600
  Candidate 3: id=15660444 3840x2160 dur=12s score=0.600
  Candidate 4: id=4778075 2704x1520 dur=21s score=0.600
  Candidate 5: id=6190782 3840x2160 dur=15s score=0.600
  Candidate 6: id=2850617 1920x1080 dur=16s score=0.600
  Candidate 7: id=12859922 1920x1080 dur=17s score=0.600
  Candidate 8: id=37075268 3840x2160 dur=43s score=0.400
  Candidate 9: id=35861099 3840x2160 dur=34s score=0.400
  Candidate 10: id=37293049 3840x2160 dur=18s score=0.400
-> Router: provider 'pexels' error: name '_pick_best_variant_link' is not defined
-> AssetLibrary EVICT (below 1920x1080 floor): 'sonar equipment screen primary shot' -> cache/video/scene_0_b2_s0.mp4
-> Pixabay Cache MISS: 'ship sonar equipment primary shot' — calling Pixabay API
  Pixabay Candidate 1: id=2420 1920x1080 dur=10s score=0.700 ← SELECTED
  Pixabay Candidate 2: id=5180 1920x1080 dur=10s score=0.700
  Pixabay Candidate 3: id=18390 3840x2160 dur=11s score=0.650
  Pixabay Candidate 4: id=3713 1920x1080 dur=20s score=0.600
  Pixabay Candidate 5: id=10715 1920x1080 dur=58s score=0.600
  Pixabay Candidate 6: id=140730 1920x1080 dur=15s score=0.600
  Pixabay Candidate 7: id=3741 1920x1080 dur=20s score=0.600
  Pixabay Candidate 8: id=38388 3840x2160 dur=19s score=0.600
  Pixabay Candidate 9: id=8437 1920x1080 dur=18s score=0.600
  Pixabay Candidate 10: id=65390 3840x2160 dur=18s score=0.600
-> Router: provider 'pixabay' error: name '_pick_best_variant_link' is not defined
-> AssetLibrary EVICT (below 1920x1080 floor): 'sonar equipment screen primary shot' -> cache/video/scene_0_b2_s0.mp4
-> Wikimedia Cache MISS: 'ship sonar equipment primary shot' — calling Wikimedia API
  Wikimedia Candidate 1: id=91978280 1160x1550
  Wikimedia Candidate 2: id=92215480 1275x1650
  Wikimedia Candidate 3: id=92249151 1275x1650
  Wikimedia Candidate 4: id=92492124 1275x1650
  Wikimedia Candidate 5: id=92518813 1275x1650
-> Router selected: 'wikimedia' for query 'ship sonar equipment primary shot'
-> AssetLibrary EVICT (below 1920x1080 floor): 'whale swimming deep' -> cache/video/scene_2_b3_s0.mp4
-> Cache MISS: 'whale swimming deep' — calling Pexels API
  Candidate 1: id=15546563 3840x2160 dur=50s score=0.600 ← SELECTED
  Candidate 2: id=10377082 1920x1080 dur=37s score=0.600
  Candidate 3: id=5607993 1920x1080 dur=21s score=0.600
  Candidate 4: id=10377084 1920x1080 dur=29s score=0.600
  Candidate 5: id=6510690 1920x1080 dur=15s score=0.600
  Candidate 6: id=10377449 1920x1080 dur=29s score=0.600
  Candidate 7: id=8906187 1920x1080 dur=25s score=0.600
  Candidate 8: id=20601591 3840x2160 dur=16s score=0.600
  Candidate 9: id=26245637 3840x2160 dur=16s score=0.400
  Candidate 10: id=28097887 3840x2160 dur=57s score=0.400
-> Router: provider 'pexels' error: name '_pick_best_variant_link' is not defined
-> AssetLibrary EVICT (below 1920x1080 floor): 'whale swimming deep' -> cache/video/scene_2_b3_s0.mp4
-> Pixabay Cache MISS: 'whale swimming deep' — calling Pixabay API
  Pixabay Candidate 1: id=275007 3840x2160 dur=6s score=0.900 ← SELECTED
  Pixabay Candidate 2: id=35427 1920x1080 dur=6s score=0.900
  Pixabay Candidate 3: id=13823 1920x1080 dur=8s score=0.800
  Pixabay Candidate 4: id=244188 3840x2160 dur=8s score=0.800
  Pixabay Candidate 5: id=117702 1920x1080 dur=20s score=0.600
  Pixabay Candidate 6: id=37712 1920x1080 dur=27s score=0.600
  Pixabay Candidate 7: id=26572 1920x1080 dur=20s score=0.600
  Pixabay Candidate 8: id=312 1920x1080 dur=35s score=0.600
  Pixabay Candidate 9: id=345377 3840x2160 dur=49s score=0.600
  Pixabay Candidate 10: id=39393 3840x2160 dur=56s score=0.600
-> Router: provider 'pixabay' error: name '_pick_best_variant_link' is not defined
-> AssetLibrary EVICT (below 1920x1080 floor): 'whale swimming deep' -> cache/video/scene_2_b3_s0.mp4
-> Wikimedia Cache MISS: 'whale swimming deep' — calling Wikimedia API
  Wikimedia Candidate 1: id=59326000 716x1089
  Wikimedia Candidate 2: id=91793954 1027x1687
  Wikimedia Candidate 3: id=92515049 779x1237
  Wikimedia Candidate 4: id=95900299 662x1064
  Wikimedia Candidate 5: id=98214895 770x1170
-> Router selected: 'wikimedia' for query 'whale swimming deep'
-> AssetLibrary EVICT (below 1920x1080 floor): 'the 52-hertz whale: the loneliest voice in the ocean documentary stock footage' -> cache/video/scene_3_b0_s0.mp4
-> Cache HIT: 'The 52-Hertz Whale: the loneliest voice in the ocean documentary stock footage' → cache/video/scene_5_b0_s0.mp4
-> Router selected: 'pexels' for query 'The 52-Hertz Whale: the loneliest voice in the ocean documentary stock footage'
-> AssetLibrary EVICT (below 1920x1080 floor): 'hydrophone underwater recording primary shot' -> cache/video/scene_7_b2_s0.mp4
-> Cache MISS: 'underwater hydrophone recording primary shot' — calling Pexels API
  Candidate 1: id=8823292 3840x2160 dur=8s score=0.800 ← SELECTED
  Candidate 2: id=8686153 1920x1080 dur=9s score=0.750
  Candidate 3: id=36006201 3840x2160 dur=8s score=0.600
  Candidate 4: id=8382683 4096x2160 dur=28s score=0.600
  Candidate 5: id=8822982 3840x2160 dur=14s score=0.600
  Candidate 6: id=11194812 1920x1080 dur=21s score=0.600
  Candidate 7: id=8823131 3840x2160 dur=15s score=0.600
  Candidate 8: id=8823625 3840x2160 dur=19s score=0.600
  Candidate 9: id=36309931 3840x2160 dur=9s score=0.550
  Candidate 10: id=35790681 3840x2160 dur=12s score=0.400
-> Router: provider 'pexels' error: name '_pick_best_variant_link' is not defined
-> AssetLibrary EVICT (below 1920x1080 floor): 'hydrophone underwater recording primary shot' -> cache/video/scene_7_b2_s0.mp4
-> Pixabay Cache MISS: 'underwater hydrophone recording primary shot' — calling Pixabay API
  Pixabay Candidate 1: id=24265 1920x1080 dur=6s score=0.900 ← SELECTED
  Pixabay Candidate 2: id=122739 3840x2160 dur=7s score=0.850
  Pixabay Candidate 3: id=16166 1920x1080 dur=8s score=0.800
  Pixabay Candidate 4: id=110877 1920x1080 dur=9s score=0.750
  Pixabay Candidate 5: id=18390 3840x2160 dur=11s score=0.650
  Pixabay Candidate 6: id=37712 1920x1080 dur=27s score=0.600
  Pixabay Candidate 7: id=26818 3840x2160 dur=16s score=0.600
  Pixabay Candidate 8: id=110879 1920x1080 dur=20s score=0.600
  Pixabay Candidate 9: id=244754 2560x1440 dur=30s score=0.600
  Pixabay Candidate 10: id=122740 3840x2160 dur=15s score=0.600
-> Router: provider 'pixabay' error: name '_pick_best_variant_link' is not defined
-> AssetLibrary EVICT (below 1920x1080 floor): 'hydrophone underwater recording primary shot' -> cache/video/scene_7_b2_s0.mp4
-> Wikimedia Cache MISS: 'underwater hydrophone recording primary shot' — calling Wikimedia API
  Wikimedia Candidate 1: id=91577583 1202x1618
  Wikimedia Candidate 2: id=91612646 1266x1700
  Wikimedia Candidate 3: id=92060338 1172x1562
  Wikimedia Candidate 4: id=92226512 1208x1627
  Wikimedia Candidate 5: id=92472823 1275x1650
-> Router selected: 'wikimedia' for query 'underwater hydrophone recording primary shot'
-> AssetLibrary EVICT (below 1920x1080 floor): 'whale swimming deep' -> cache/video/scene_2_b3_s0.mp4
-> Cache MISS: 'whale swimming deep' — calling Pexels API
  Candidate 1: id=15546563 3840x2160 dur=50s score=0.600 ← SELECTED
  Candidate 2: id=10377082 1920x1080 dur=37s score=0.600
  Candidate 3: id=5607993 1920x1080 dur=21s score=0.600
  Candidate 4: id=10377084 1920x1080 dur=29s score=0.600
  Candidate 5: id=6510690 1920x1080 dur=15s score=0.600
  Candidate 6: id=10377449 1920x1080 dur=29s score=0.600
  Candidate 7: id=8906187 1920x1080 dur=25s score=0.600
  Candidate 8: id=20601591 3840x2160 dur=16s score=0.600
  Candidate 9: id=26245637 3840x2160 dur=16s score=0.400
  Candidate 10: id=28097887 3840x2160 dur=57s score=0.400
-> Router: provider 'pexels' error: name '_pick_best_variant_link' is not defined
-> AssetLibrary EVICT (below 1920x1080 floor): 'whale swimming deep' -> cache/video/scene_2_b3_s0.mp4
-> Pixabay Cache MISS: 'whale swimming deep' — calling Pixabay API
  Pixabay Candidate 1: id=275007 3840x2160 dur=6s score=0.900 ← SELECTED
  Pixabay Candidate 2: id=35427 1920x1080 dur=6s score=0.900
  Pixabay Candidate 3: id=13823 1920x1080 dur=8s score=0.800
  Pixabay Candidate 4: id=244188 3840x2160 dur=8s score=0.800
  Pixabay Candidate 5: id=117702 1920x1080 dur=20s score=0.600
  Pixabay Candidate 6: id=37712 1920x1080 dur=27s score=0.600
  Pixabay Candidate 7: id=26572 1920x1080 dur=20s score=0.600
  Pixabay Candidate 8: id=312 1920x1080 dur=35s score=0.600
  Pixabay Candidate 9: id=345377 3840x2160 dur=49s score=0.600
  Pixabay Candidate 10: id=39393 3840x2160 dur=56s score=0.600
-> Router: provider 'pixabay' error: name '_pick_best_variant_link' is not defined
-> AssetLibrary EVICT (below 1920x1080 floor): 'whale swimming deep' -> cache/video/scene_2_b3_s0.mp4
-> Wikimedia Cache MISS: 'whale swimming deep' — calling Wikimedia API
-> Wikimedia API rate limited, retry 1 in 3s...
-> Wikimedia API rate limited, retry 2 in 6s...
-> Wikimedia API rate limited, retry 3 in 9s...
-> Wikimedia API request failed: Expecting value: line 1 column 1 (char 0)
-> Router: all providers exhausted for 'whale swimming deep' — returning empty
-> AssetLibrary EVICT (below 1920x1080 floor): 'the 52-hertz whale: the loneliest voice in the ocean documentary stock footage' -> cache/video/scene_3_b0_s0.mp4
-> Cache HIT: 'The 52-Hertz Whale: the loneliest voice in the ocean documentary stock footage' → cache/video/scene_5_b0_s0.mp4
-> Router selected: 'pexels' for query 'The 52-Hertz Whale: the loneliest voice in the ocean documentary stock footage'
-> AssetLibrary REUSE: 'whale tail breaching primary shot' similar to 'whale tail breach primary shot' -> cache/video/scene_4_b1_s0.mp4
-> Router selected: 'pexels' for query 'whale tail breaching primary shot'
-> AssetLibrary EVICT (below 1920x1080 floor): 'whale swimming deep' -> cache/video/scene_2_b3_s0.mp4
-> Cache MISS: 'whale swimming deep' — calling Pexels API
  Candidate 1: id=15546563 3840x2160 dur=50s score=0.600 ← SELECTED
  Candidate 2: id=10377082 1920x1080 dur=37s score=0.600
  Candidate 3: id=5607993 1920x1080 dur=21s score=0.600
  Candidate 4: id=10377084 1920x1080 dur=29s score=0.600
  Candidate 5: id=6510690 1920x1080 dur=15s score=0.600
  Candidate 6: id=10377449 1920x1080 dur=29s score=0.600
  Candidate 7: id=8906187 1920x1080 dur=25s score=0.600
  Candidate 8: id=20601591 3840x2160 dur=16s score=0.600
  Candidate 9: id=26245637 3840x2160 dur=16s score=0.400
  Candidate 10: id=28097887 3840x2160 dur=57s score=0.400
-> Router: provider 'pexels' error: name '_pick_best_variant_link' is not defined
-> AssetLibrary EVICT (below 1920x1080 floor): 'whale swimming deep' -> cache/video/scene_2_b3_s0.mp4
-> Pixabay Cache MISS: 'whale swimming deep' — calling Pixabay API
  Pixabay Candidate 1: id=275007 3840x2160 dur=6s score=0.900 ← SELECTED
  Pixabay Candidate 2: id=35427 1920x1080 dur=6s score=0.900
  Pixabay Candidate 3: id=13823 1920x1080 dur=8s score=0.800
  Pixabay Candidate 4: id=244188 3840x2160 dur=8s score=0.800
  Pixabay Candidate 5: id=117702 1920x1080 dur=20s score=0.600
  Pixabay Candidate 6: id=37712 1920x1080 dur=27s score=0.600
  Pixabay Candidate 7: id=26572 1920x1080 dur=20s score=0.600
  Pixabay Candidate 8: id=312 1920x1080 dur=35s score=0.600
  Pixabay Candidate 9: id=345377 3840x2160 dur=49s score=0.600
  Pixabay Candidate 10: id=39393 3840x2160 dur=56s score=0.600
-> Router: provider 'pixabay' error: name '_pick_best_variant_link' is not defined
-> AssetLibrary EVICT (below 1920x1080 floor): 'whale swimming deep' -> cache/video/scene_2_b3_s0.mp4
-> Wikimedia Cache MISS: 'whale swimming deep' — calling Wikimedia API
-> Wikimedia API rate limited, retry 1 in 3s...
-> Wikimedia API rate limited, retry 2 in 6s...
  Wikimedia Candidate 1: id=59326000 716x1089
  Wikimedia Candidate 2: id=91793954 1027x1687
  Wikimedia Candidate 3: id=92515049 779x1237
  Wikimedia Candidate 4: id=95900299 662x1064
  Wikimedia Candidate 5: id=98214895 770x1170
-> Router selected: 'wikimedia' for query 'whale swimming deep'
-> AssetLibrary EVICT (below 1920x1080 floor): 'the 52-hertz whale: the loneliest voice in the ocean documentary stock footage' -> cache/video/scene_3_b0_s0.mp4
-> Cache HIT: 'The 52-Hertz Whale: the loneliest voice in the ocean documentary stock footage' → cache/video/scene_5_b0_s0.mp4
-> Router selected: 'pexels' for query 'The 52-Hertz Whale: the loneliest voice in the ocean documentary stock footage'
-> Cache MISS: 'ocean surface from above primary shot' — calling Pexels API
  Candidate 1: id=13348513 2720x1530 dur=10s score=0.700 ← SELECTED
  Candidate 2: id=6666452 4481x2160 dur=11s score=0.650
  Candidate 3: id=5476219 1920x1080 dur=48s score=0.600
  Candidate 4: id=8906187 1920x1080 dur=25s score=0.600
  Candidate 5: id=8334406 1920x1080 dur=14s score=0.600
  Candidate 6: id=5476220 3840x2160 dur=19s score=0.600
  Candidate 7: id=4916493 1920x1080 dur=28s score=0.600
  Candidate 8: id=7717359 3840x2160 dur=40s score=0.600
  Candidate 9: id=6989127 1920x1080 dur=12s score=0.600
  Candidate 10: id=27872417 1920x1080 dur=37s score=0.400
-> Router: provider 'pexels' error: name '_pick_best_variant_link' is not defined
-> Pixabay Cache MISS: 'ocean surface from above primary shot' — calling Pixabay API
  Pixabay Candidate 1: id=135821 3840x2160 dur=7s score=0.850 ← SELECTED
  Pixabay Candidate 2: id=33014 3840x2160 dur=18s score=0.600
  Pixabay Candidate 3: id=111113 1920x1080 dur=18s score=0.600
  Pixabay Candidate 4: id=286278 1920x1080 dur=30s score=0.600
  Pixabay Candidate 5: id=304019 1920x1080 dur=16s score=0.600
  Pixabay Candidate 6: id=233867 1920x1080 dur=23s score=0.600
  Pixabay Candidate 7: id=13771 3840x2160 dur=17s score=0.600
  Pixabay Candidate 8: id=112643 3840x2160 dur=65s score=0.600
  Pixabay Candidate 9: id=33013 3840x2160 dur=18s score=0.600
  Pixabay Candidate 10: id=112642 3840x2160 dur=25s score=0.600
-> Router: provider 'pixabay' error: name '_pick_best_variant_link' is not defined
-> Wikimedia Cache MISS: 'ocean surface from above primary shot' — calling Wikimedia API
  Wikimedia Candidate 1: id=91738259 1197x1552
  Wikimedia Candidate 2: id=91765175 1189x1547
  Wikimedia Candidate 3: id=92162214 797x1179
  Wikimedia Candidate 4: id=92246707 1275x1650
  Wikimedia Candidate 5: id=92309719 1275x1752
-> Router selected: 'wikimedia' for query 'ocean surface from above primary shot'
-> AssetLibrary EVICT (below 1920x1080 floor): 'whale swimming deep' -> cache/video/scene_2_b3_s0.mp4
-> Cache MISS: 'whale swimming deep' — calling Pexels API
  Candidate 1: id=15546563 3840x2160 dur=50s score=0.600 ← SELECTED
  Candidate 2: id=10377082 1920x1080 dur=37s score=0.600
  Candidate 3: id=5607993 1920x1080 dur=21s score=0.600
  Candidate 4: id=10377084 1920x1080 dur=29s score=0.600
  Candidate 5: id=6510690 1920x1080 dur=15s score=0.600
  Candidate 6: id=10377449 1920x1080 dur=29s score=0.600
  Candidate 7: id=8906187 1920x1080 dur=25s score=0.600
  Candidate 8: id=20601591 3840x2160 dur=16s score=0.600
  Candidate 9: id=26245637 3840x2160 dur=16s score=0.400
  Candidate 10: id=28097887 3840x2160 dur=57s score=0.400
-> Router: provider 'pexels' error: name '_pick_best_variant_link' is not defined
-> AssetLibrary EVICT (below 1920x1080 floor): 'whale swimming deep' -> cache/video/scene_2_b3_s0.mp4
-> Pixabay Cache MISS: 'whale swimming deep' — calling Pixabay API
  Pixabay Candidate 1: id=275007 3840x2160 dur=6s score=0.900 ← SELECTED
  Pixabay Candidate 2: id=35427 1920x1080 dur=6s score=0.900
  Pixabay Candidate 3: id=13823 1920x1080 dur=8s score=0.800
  Pixabay Candidate 4: id=244188 3840x2160 dur=8s score=0.800
  Pixabay Candidate 5: id=117702 1920x1080 dur=20s score=0.600
  Pixabay Candidate 6: id=37712 1920x1080 dur=27s score=0.600
  Pixabay Candidate 7: id=26572 1920x1080 dur=20s score=0.600
  Pixabay Candidate 8: id=312 1920x1080 dur=35s score=0.600
  Pixabay Candidate 9: id=345377 3840x2160 dur=49s score=0.600
  Pixabay Candidate 10: id=39393 3840x2160 dur=56s score=0.600
-> Router: provider 'pixabay' error: name '_pick_best_variant_link' is not defined
-> AssetLibrary EVICT (below 1920x1080 floor): 'whale swimming deep' -> cache/video/scene_2_b3_s0.mp4
-> Wikimedia Cache MISS: 'whale swimming deep' — calling Wikimedia API
  Wikimedia Candidate 1: id=59326000 716x1089
  Wikimedia Candidate 2: id=91793954 1027x1687
  Wikimedia Candidate 3: id=92515049 779x1237
  Wikimedia Candidate 4: id=95900299 662x1064
  Wikimedia Candidate 5: id=98214895 770x1170
-> Router selected: 'wikimedia' for query 'whale swimming deep'
-> AssetLibrary EVICT (below 1920x1080 floor): 'the 52-hertz whale: the loneliest voice in the ocean documentary stock footage' -> cache/video/scene_3_b0_s0.mp4
-> Cache HIT: 'The 52-Hertz Whale: the loneliest voice in the ocean documentary stock footage' → cache/video/scene_5_b0_s0.mp4
-> Router selected: 'pexels' for query 'The 52-Hertz Whale: the loneliest voice in the ocean documentary stock footage'

==================================================
  Storyboard Validation...
  ⚠ Storyboard issues found:
    - Diversity: Scene 0, beat 1: duplicate detected: same asset placeholder/animated_gradient was already used in scene 0
    - Diversity: Scene 0, beat 2: duplicate detected: same asset placeholder/animated_gradient was already used in scene 0
    - Diversity: Scene 0, beat 3: duplicate detected: same asset placeholder/animated_gradient was already used in scene 0
    - Diversity: Scene 0, beat 4: duplicate detected: same asset placeholder/animated_gradient was already used in scene 0
    - Diversity: Scene 1, beat 2: duplicate detected: same asset placeholder/animated_gradient was already used in scene 0
  (Continuing with best effort)

==================================================
  Beat Director Results:
    Shots requested: 43
    Shots accepted:  43
    Queries tried:   122
    Gate rejections: 89
    Fallbacks:       38
    Success rate:    100.0%
==================================================

  [vector] rendering 3 beats (algo, per-video, label='the_52_hertz_whale__the_loneliest_voice_in_t') ...
  [vector] 3/3 beats ready (649.7s)
  [manim] Injected generic_PulseMotif.mp4 into scene 0 (7.0s)
  [manim] Injected generic_GrowingBars.mp4 into scene 1 (7.0s)
  [manim] Injected generic_CycleLoop.mp4 into scene 9 (7.0s)
  [animation] manim x3, vector x0
  Shots: 43 | Avg 4.3s | Providers: {'manim': 3, 'placeholder': 35, 'pexels': 4, 'emergency': 1} | Fallbacks: 36

[8b/16] AI IMAGE GENERATION (NIM primary → Pollinations fallback, parallel)
  [AI] !! nim failed: NVIDIA NIM generation failed: HTTP Error 404: Not Found
  [AI] pollinations: generated ai_sem_2_78777.png (44 KB)
  [AI] !! nim failed: NVIDIA NIM generation failed: HTTP Error 404: Not Found
  [AI] pollinations: generated ai_sem_5_76973.png (48 KB)
  [AI] !! nim failed: NVIDIA NIM generation failed: HTTP Error 404: Not Found
  [AI] pollinations: generated ai_sem_6_20139.png (50 KB)
  [AI] !! nim failed: NVIDIA NIM generation failed: HTTP Error 404: Not Found
  [AI] !! nim failed: NVIDIA NIM generation failed: HTTP Error 404: Not Found
  [AI] !! nim failed: NVIDIA NIM generation failed: HTTP Error 404: Not Found
  [AI] !! pollinations failed: HTTP Error 429: Too Many Requests
  [AI] !! semantic_7 generation failed on all providers
  [AI] !! pollinations failed: HTTP Error 429: Too Many Requests
  [AI] !! semantic_8 generation failed on all providers
  [AI] pollinations: generated ai_sem_4_40009.png (51 KB)
  [AI] injected interstellar into scene 4 (6.0s)
  [AI] semantic still injected into scene 2 (→ 0.90, 6.0s)
  [AI] semantic still injected into scene 5 (→ 0.90, 6.0s)
  [AI] semantic still injected into scene 6 (→ 0.90, 6.0s)
  [AI] semantic still injected into scene 4 (→ 0.90, 6.0s)
  Generated 5, injected 1, semantic-injected 4 (196.8s)
  [fish] voice verified: 'Narrator' (id=0327fdb5da9e4fd782899a8058c8ae2b)
  [fish] voice verified: 'Narrator' (id=0327fdb5da9e4fd782899a8058c8ae2b)
  [fish] synthesizing (model=s2.1-pro-free, voice=0327fdb5da9e4fd782899a8058c8ae2b): '[measured] A single note, fifty-two Hert...'
  [fish] saved cache/audio/scene_0.wav (1705 KB)
  [fish] synthesizing (model=s2.1-pro-free, voice=0327fdb5da9e4fd782899a8058c8ae2b): '[measured] Blue whales hum at ten to for...'
  [fish] saved cache/audio/scene_1.wav (1917 KB)
  [fish] synthesizing (model=s2.1-pro-free, voice=0327fdb5da9e4fd782899a8058c8ae2b): '[measured] The U.S.. Navy’s SOSUS array,...'
  [fish] saved cache/audio/scene_2.wav (2245 KB)
  [fish] synthesizing (model=s2.1-pro-free, voice=0327fdb5da9e4fd782899a8058c8ae2b): '[calm] Decades of tracking. Three thousa...'
  [fish] saved cache/audio/scene_3.wav (2034 KB)
  [fish] synthesizing (model=s2.1-pro-free, voice=0327fdb5da9e4fd782899a8058c8ae2b): '[measured] The gaps between calls stretc...'
  [fish] saved cache/audio/scene_4.wav (1512 KB)
  [fish] synthesizing (model=s2.1-pro-free, voice=0327fdb5da9e4fd782899a8058c8ae2b): '[measured] One hundred fifty decibels, l...'
  [fish] saved cache/audio/scene_5.wav (1291 KB)
  [fish] synthesizing (model=s2.1-pro-free, voice=0327fdb5da9e4fd782899a8058c8ae2b): '[calm] They call it Fifty-two Blue, a na...'
  [fish] saved cache/audio/scene_6.wav (1183 KB)
  [fish] synthesizing (model=s2.1-pro-free, voice=0327fdb5da9e4fd782899a8058c8ae2b): '[calm] Schools play its calls. Scientist...'
  [fish] saved cache/audio/scene_7.wav (1629 KB)
  [fish] synthesizing (model=s2.1-pro-free, voice=0327fdb5da9e4fd782899a8058c8ae2b): '[measured] Is it lost in a language no o...'
  [fish] saved cache/audio/scene_8.wav (958 KB)
  [fish] synthesizing (model=s2.1-pro-free, voice=0327fdb5da9e4fd782899a8058c8ae2b): '[measured] Fifty-two Hertz. Since ninete...'
  [fish] saved cache/audio/scene_9.wav (1579 KB)
[timeline] Wrote results/the_52_hertz_whale__the_loneliest_voice_in_t/timeline.json
  !! PRE-RENDER GATE BLOCKED: ['shot_hold', 'pacing', 'resolution_headroom']

[12/16] RENDERING → results/the_52_hertz_whale__the_loneliest_voice_in_t/the_52_hertz_whale__the_loneliest_voice_in_t_v1.mp4
  [subs] 224 subtitle clips (10 scenes)
-> Adding 224 animated subtitle clips...
Rendering results/the_52_hertz_whale__the_loneliest_voice_in_t/the_52_hertz_whale__the_loneliest_voice_in_t_v1.mp4 on CPU...
Moviepy - Building video results/the_52_hertz_whale__the_loneliest_voice_in_t/the_52_hertz_whale__the_loneliest_voice_in_t_v1.mp4.
MoviePy - Writing audio in the_52_hertz_whale__the_loneliest_voice_in_t_v1TEMP_MPY_wvf_snd.mp4
chunk:   0%|          | 0/2056 [00:00<?, ?it/s, now=None]chunk:   5%|▌         | 109/2056 [00:00<00:02, 935.48it/s, now=None]chunk:  10%|▉         | 203/2056 [00:00<00:01, 927.96it/s, now=None]chunk:  14%|█▍        | 296/2056 [00:00<00:01, 919.34it/s, now=None]chunk:  19%|█▉        | 388/2056 [00:00<00:01, 867.91it/s, now=None]chunk:  23%|██▎       | 476/2056 [00:00<00:02, 776.67it/s, now=None]chunk:  27%|██▋       | 555/2056 [00:00<00:02, 723.07it/s, now=None]chunk:  31%|███       | 629/2056 [00:00<00:02, 713.22it/s, now=None]chunk:  34%|███▍      | 701/2056 [00:00<00:01, 688.25it/s, now=None]chunk:  38%|███▊      | 775/2056 [00:01<00:01, 698.64it/s, now=None]chunk:  41%|████      | 846/2056 [00:01<00:01, 686.77it/s, now=None]chunk:  46%|████▌     | 943/2056 [00:01<00:01, 759.96it/s, now=None]chunk:  50%|████▉     | 1023/2056 [00:01<00:01, 750.12it/s, now=None]chunk:  53%|█████▎    | 1099/2056 [00:01<00:01, 729.51it/s, now=None]chunk:  57%|█████▋    | 1173/2056 [00:01<00:01, 696.41it/s, now=None]chunk:  61%|██████    | 1244/2056 [00:01<00:01, 622.30it/s, now=None]chunk:  64%|██████▎   | 1308/2056 [00:01<00:01, 583.30it/s, now=None]chunk:  67%|██████▋   | 1368/2056 [00:01<00:01, 581.98it/s, now=None]chunk:  70%|███████   | 1443/2056 [00:02<00:00, 618.87it/s, now=None]chunk:  74%|███████▍  | 1523/2056 [00:02<00:00, 664.22it/s, now=None]chunk:  78%|███████▊  | 1599/2056 [00:02<00:00, 678.99it/s, now=None]chunk:  81%|████████  | 1668/2056 [00:02<00:00, 612.17it/s, now=None]chunk:  84%|████████▍ | 1731/2056 [00:02<00:00, 573.69it/s, now=None]chunk:  87%|████████▋ | 1790/2056 [00:02<00:00, 543.22it/s, now=None]chunk:  90%|█████████ | 1855/2056 [00:02<00:00, 570.64it/s, now=None]chunk:  93%|█████████▎| 1914/2056 [00:02<00:00, 562.97it/s, now=None]chunk:  97%|█████████▋| 1997/2056 [00:02<00:00, 635.92it/s, now=None]                                                                     MoviePy - Done.
Moviepy - Writing video results/the_52_hertz_whale__the_loneliest_voice_in_t/the_52_hertz_whale__the_loneliest_voice_in_t_v1.mp4

t:   0%|          | 0/2797 [00:00<?, ?it/s, now=None]t:   0%|          | 5/2797 [00:00<01:02, 44.47it/s, now=None]t:   0%|          | 10/2797 [00:00<01:09, 39.82it/s, now=None]t:   1%|          | 15/2797 [00:00<01:13, 37.79it/s, now=None]t:   1%|          | 19/2797 [00:00<01:14, 37.50it/s, now=None]t:   1%|          | 23/2797 [00:00<01:14, 37.44it/s, now=None]t:   1%|          | 27/2797 [00:00<01:13, 37.76it/s, now=None]t:   1%|          | 31/2797 [00:00<01:13, 37.44it/s, now=None]t:   1%|▏         | 35/2797 [00:00<01:13, 37.42it/s, now=None]t:   1%|▏         | 39/2797 [00:01<01:15, 36.33it/s, now=None]t:   2%|▏         | 43/2797 [00:01<01:17, 35.52it/s, now=None]t:   2%|▏         | 47/2797 [00:01<01:16, 35.82it/s, now=None]t:   2%|▏         | 51/2797 [00:01<01:16, 35.68it/s, now=None]t:   2%|▏         | 55/2797 [00:01<01:16, 35.86it/s, now=None]t:   2%|▏         | 59/2797 [00:01<01:16, 35.75it/s, now=None]t:   2%|▏         | 63/2797 [00:01<01:20, 34.17it/s, now=None]t:   2%|▏         | 67/2797 [00:01<01:19, 34.45it/s, now=None]t:   3%|▎         | 71/2797 [00:01<01:18, 34.71it/s, now=None]t:   3%|▎         | 75/2797 [00:02<01:21, 33.48it/s, now=None]t:   3%|▎         | 79/2797 [00:02<01:24, 32.32it/s, now=None]t:   3%|▎         | 83/2797 [00:02<01:21, 33.30it/s, now=None]t:   3%|▎         | 87/2797 [00:02<01:19, 34.02it/s, now=None]t:   3%|▎         | 91/2797 [00:02<01:16, 35.36it/s, now=None]t:   3%|▎         | 95/2797 [00:02<01:16, 35.14it/s, now=None]t:   4%|▎         | 99/2797 [00:02<01:14, 36.08it/s, now=None]t:   4%|▎         | 103/2797 [00:02<01:14, 36.34it/s, now=None]t:   4%|▍         | 108/2797 [00:03<01:11, 37.72it/s, now=None]t:   4%|▍         | 112/2797 [00:03<01:10, 38.00it/s, now=None]t:   4%|▍         | 116/2797 [00:03<01:10, 38.13it/s, now=None]t:   4%|▍         | 120/2797 [00:03<01:09, 38.30it/s, now=None]t:   4%|▍         | 124/2797 [00:03<01:14, 35.68it/s, now=None]t:   5%|▍         | 128/2797 [00:03<01:20, 33.33it/s, now=None]t:   5%|▍         | 132/2797 [00:03<01:25, 31.29it/s, now=None]t:   5%|▍         | 136/2797 [00:03<01:25, 31.29it/s, now=None]t:   5%|▌         | 140/2797 [00:03<01:25, 30.93it/s, now=None]t:   5%|▌         | 144/2797 [00:04<01:24, 31.44it/s, now=None]t:   5%|▌         | 148/2797 [00:04<01:25, 30.94it/s, now=None]t:   5%|▌         | 152/2797 [00:04<01:22, 32.22it/s, now=None]t:   6%|▌         | 157/2797 [00:04<01:14, 35.59it/s, now=None]t:   6%|▌         | 162/2797 [00:04<01:10, 37.60it/s, now=None]t:   6%|▌         | 167/2797 [00:04<01:08, 38.47it/s, now=None]t:   6%|▌         | 172/2797 [00:04<01:05, 40.21it/s, now=None]t:   6%|▋         | 177/2797 [00:04<01:04, 40.85it/s, now=None]t:   7%|▋         | 182/2797 [00:05<01:02, 41.59it/s, now=None]t:   7%|▋         | 187/2797 [00:05<01:01, 42.12it/s, now=None]t:   7%|▋         | 192/2797 [00:05<01:02, 41.50it/s, now=None]t:   7%|▋         | 197/2797 [00:05<01:03, 41.18it/s, now=None]t:   7%|▋         | 202/2797 [00:05<01:02, 41.41it/s, now=None]t:   7%|▋         | 207/2797 [00:05<01:03, 40.90it/s, now=None]t:   8%|▊         | 212/2797 [00:05<01:01, 42.14it/s, now=None]t:   8%|▊         | 217/2797 [00:05<00:58, 44.23it/s, now=None]t:   8%|▊         | 222/2797 [00:05<01:00, 42.79it/s, now=None]t:   8%|▊         | 227/2797 [00:06<01:02, 40.80it/s, now=None]t:   8%|▊         | 232/2797 [00:06<01:01, 41.89it/s, now=None]t:   8%|▊         | 237/2797 [00:06<00:59, 42.71it/s, now=None]t:   9%|▊         | 242/2797 [00:06<00:59, 42.96it/s, now=None]t:   9%|▉         | 247/2797 [00:06<01:01, 41.14it/s, now=None]t:   9%|▉         | 252/2797 [00:06<01:02, 40.57it/s, now=None]t:   9%|▉         | 257/2797 [00:06<01:04, 39.34it/s, now=None]t:   9%|▉         | 261/2797 [00:06<01:04, 39.26it/s, now=None]t:  10%|▉         | 266/2797 [00:07<01:04, 39.24it/s, now=None]t:  10%|▉         | 270/2797 [00:07<01:06, 37.81it/s, now=None]t:  10%|▉         | 274/2797 [00:07<01:07, 37.15it/s, now=None]t:  10%|▉         | 279/2797 [00:07<01:04, 38.80it/s, now=None]t:  10%|█         | 283/2797 [00:07<01:04, 38.82it/s, now=None]t:  10%|█         | 287/2797 [00:07<01:07, 37.31it/s, now=None]t:  10%|█         | 291/2797 [00:07<01:06, 37.50it/s, now=None]t:  11%|█         | 295/2797 [00:07<01:06, 37.87it/s, now=None]t:  11%|█         | 300/2797 [00:08<01:05, 38.17it/s, now=None]t:  11%|█         | 304/2797 [00:08<01:18, 31.60it/s, now=None]t:  11%|█         | 308/2797 [00:08<01:21, 30.37it/s, now=None]t:  11%|█         | 312/2797 [00:08<01:28, 28.13it/s, now=None]t:  11%|█▏        | 315/2797 [00:08<01:30, 27.30it/s, now=None]t:  11%|█▏        | 318/2797 [00:08<01:30, 27.37it/s, now=None]t:  12%|█▏        | 322/2797 [00:08<01:23, 29.58it/s, now=None]t:  12%|█▏        | 326/2797 [00:08<01:19, 30.91it/s, now=None]t:  12%|█▏        | 330/2797 [00:09<01:17, 31.84it/s, now=None]t:  12%|█▏        | 334/2797 [00:09<01:18, 31.55it/s, now=None]t:  12%|█▏        | 338/2797 [00:09<01:17, 31.81it/s, now=None]t:  12%|█▏        | 342/2797 [00:09<01:15, 32.59it/s, now=None]t:  12%|█▏        | 346/2797 [00:09<01:13, 33.38it/s, now=None]t:  13%|█▎        | 350/2797 [00:09<01:11, 34.11it/s, now=None]t:  13%|█▎        | 354/2797 [00:09<01:10, 34.58it/s, now=None]t:  13%|█▎        | 358/2797 [00:09<01:11, 34.19it/s, now=None]t:  13%|█▎        | 362/2797 [00:10<01:11, 34.03it/s, now=None]t:  13%|█▎        | 366/2797 [00:10<01:11, 33.94it/s, now=None]t:  13%|█▎        | 370/2797 [00:10<01:09, 35.11it/s, now=None]t:  13%|█▎        | 374/2797 [00:10<01:09, 35.05it/s, now=None]t:  14%|█▎        | 378/2797 [00:10<01:07, 35.86it/s, now=None]t:  14%|█▎        | 383/2797 [00:10<01:03, 37.76it/s, now=None]t:  14%|█▍        | 387/2797 [00:10<01:05, 36.62it/s, now=None]t:  14%|█▍        | 391/2797 [00:10<01:04, 37.07it/s, now=None]t:  14%|█▍        | 395/2797 [00:10<01:06, 35.92it/s, now=None]t:  14%|█▍        | 399/2797 [00:11<01:08, 35.11it/s, now=None]t:  14%|█▍        | 403/2797 [00:11<01:06, 35.96it/s, now=None]t:  15%|█▍        | 407/2797 [00:11<01:06, 35.70it/s, now=None]t:  15%|█▍        | 411/2797 [00:11<01:06, 35.90it/s, now=None]t:  15%|█▍        | 415/2797 [00:11<01:07, 35.42it/s, now=None]t:  15%|█▍        | 419/2797 [00:11<01:08, 34.67it/s, now=None]t:  15%|█▌        | 423/2797 [00:11<01:08, 34.55it/s, now=None]t:  15%|█▌        | 429/2797 [00:11<01:00, 39.47it/s, now=None]t:  16%|█▌        | 434/2797 [00:11<00:55, 42.28it/s, now=None]t:  16%|█▌        | 439/2797 [00:12<00:53, 44.11it/s, now=None]t:  16%|█▌        | 444/2797 [00:12<00:54, 43.43it/s, now=None]t:  16%|█▌        | 449/2797 [00:12<00:53, 44.15it/s, now=None]t:  16%|█▋        | 455/2797 [00:12<00:50, 46.23it/s, now=None]t:  16%|█▋        | 460/2797 [00:12<00:50, 46.43it/s, now=None]t:  17%|█▋        | 465/2797 [00:12<00:51, 44.98it/s, now=None]t:  17%|█▋        | 470/2797 [00:12<00:53, 43.82it/s, now=None]t:  17%|█▋        | 475/2797 [00:12<00:53, 43.48it/s, now=None]t:  17%|█▋        | 480/2797 [00:12<00:51, 44.80it/s, now=None]t:  17%|█▋        | 485/2797 [00:13<00:53, 43.44it/s, now=None]t:  18%|█▊        | 490/2797 [00:13<00:53, 43.12it/s, now=None]t:  18%|█▊        | 495/2797 [00:13<00:51, 44.75it/s, now=None]t:  18%|█▊        | 501/2797 [00:13<00:49, 46.12it/s, now=None]t:  18%|█▊        | 506/2797 [00:13<00:49, 45.86it/s, now=None]t:  18%|█▊        | 511/2797 [00:13<00:49, 45.83it/s, now=None]t:  18%|█▊        | 516/2797 [00:13<00:49, 46.17it/s, now=None]t:  19%|█▊        | 521/2797 [00:13<00:48, 47.09it/s, now=None]t:  19%|█▉        | 527/2797 [00:13<00:45, 50.00it/s, now=None]t:  19%|█▉        | 533/2797 [00:14<00:45, 49.28it/s, now=None]t:  19%|█▉        | 538/2797 [00:14<00:46, 48.85it/s, now=None]t:  19%|█▉        | 543/2797 [00:14<00:48, 46.08it/s, now=None]t:  20%|█▉        | 548/2797 [00:14<00:51, 43.41it/s, now=None]t:  20%|█▉        | 553/2797 [00:14<00:54, 41.02it/s, now=None]t:  20%|█▉        | 558/2797 [00:14<00:54, 40.94it/s, now=None]t:  20%|██        | 563/2797 [00:14<00:54, 41.02it/s, now=None]t:  20%|██        | 568/2797 [00:14<00:54, 40.91it/s, now=None]t:  20%|██        | 573/2797 [00:15<00:53, 41.74it/s, now=None]t:  21%|██        | 578/2797 [00:15<00:54, 40.80it/s, now=None]t:  21%|██        | 583/2797 [00:15<00:54, 40.57it/s, now=None]t:  21%|██        | 588/2797 [00:15<00:54, 40.63it/s, now=None]t:  21%|██        | 593/2797 [00:15<00:53, 41.03it/s, now=None]t:  21%|██▏       | 598/2797 [00:15<00:53, 40.81it/s, now=None]t:  22%|██▏       | 603/2797 [00:15<00:54, 40.46it/s, now=None]t:  22%|██▏       | 608/2797 [00:15<00:54, 39.86it/s, now=None]t:  22%|██▏       | 613/2797 [00:16<00:53, 40.92it/s, now=None]t:  22%|██▏       | 618/2797 [00:16<00:53, 40.94it/s, now=None]t:  22%|██▏       | 623/2797 [00:16<00:52, 41.55it/s, now=None]t:  22%|██▏       | 628/2797 [00:16<00:51, 41.83it/s, now=None]t:  23%|██▎       | 634/2797 [00:16<00:49, 43.87it/s, now=None]t:  23%|██▎       | 639/2797 [00:16<00:50, 43.05it/s, now=None]t:  23%|██▎       | 644/2797 [00:16<00:50, 42.51it/s, now=None]t:  23%|██▎       | 649/2797 [00:16<00:53, 40.16it/s, now=None]t:  23%|██▎       | 654/2797 [00:17<00:55, 38.34it/s, now=None]t:  24%|██▎       | 658/2797 [00:17<00:55, 38.45it/s, now=None]t:  24%|██▎       | 663/2797 [00:17<00:54, 39.26it/s, now=None]t:  24%|██▍       | 668/2797 [00:17<00:53, 39.68it/s, now=None]t:  24%|██▍       | 673/2797 [00:17<00:50, 41.81it/s, now=None]t:  24%|██▍       | 678/2797 [00:17<00:55, 38.31it/s, now=None]t:  24%|██▍       | 682/2797 [00:17<00:58, 36.17it/s, now=None]t:  25%|██▍       | 686/2797 [00:17<00:58, 36.37it/s, now=None]t:  25%|██▍       | 690/2797 [00:18<00:58, 36.05it/s, now=None]t:  25%|██▍       | 694/2797 [00:18<00:58, 35.98it/s, now=None]t:  25%|██▍       | 698/2797 [00:18<00:58, 35.58it/s, now=None]t:  25%|██▌       | 702/2797 [00:18<01:03, 33.03it/s, now=None]t:  25%|██▌       | 706/2797 [00:18<01:00, 34.52it/s, now=None]t:  25%|██▌       | 710/2797 [00:18<00:59, 34.85it/s, now=None]t:  26%|██▌       | 714/2797 [00:18<00:58, 35.33it/s, now=None]t:  26%|██▌       | 718/2797 [00:18<01:02, 33.31it/s, now=None]t:  26%|██▌       | 722/2797 [00:18<01:04, 32.12it/s, now=None]t:  26%|██▌       | 727/2797 [00:19<00:59, 34.99it/s, now=None]t:  26%|██▌       | 732/2797 [00:19<00:58, 35.08it/s, now=None]t:  26%|██▋       | 736/2797 [00:19<00:59, 34.90it/s, now=None]t:  26%|██▋       | 740/2797 [00:19<01:00, 33.89it/s, now=None]t:  27%|██▋       | 744/2797 [00:19<00:58, 35.17it/s, now=None]t:  27%|██▋       | 748/2797 [00:19<00:58, 34.78it/s, now=None]t:  27%|██▋       | 752/2797 [00:19<00:58, 35.04it/s, now=None]t:  27%|██▋       | 756/2797 [00:19<01:04, 31.63it/s, now=None]t:  27%|██▋       | 760/2797 [00:20<01:16, 26.71it/s, now=None]t:  27%|██▋       | 763/2797 [00:20<01:18, 25.96it/s, now=None]t:  27%|██▋       | 766/2797 [00:20<01:20, 25.18it/s, now=None]t:  27%|██▋       | 769/2797 [00:20<01:21, 24.97it/s, now=None]t:  28%|██▊       | 772/2797 [00:20<01:34, 21.37it/s, now=None]t:  28%|██▊       | 775/2797 [00:20<01:32, 21.75it/s, now=None]t:  28%|██▊       | 778/2797 [00:21<01:28, 22.92it/s, now=None]t:  28%|██▊       | 782/2797 [00:21<01:18, 25.63it/s, now=None]t:  28%|██▊       | 786/2797 [00:21<01:14, 27.06it/s, now=None]t:  28%|██▊       | 789/2797 [00:21<01:12, 27.63it/s, now=None]t:  28%|██▊       | 793/2797 [00:21<01:08, 29.24it/s, now=None]t:  28%|██▊       | 797/2797 [00:21<01:06, 30.13it/s, now=None]t:  29%|██▊       | 801/2797 [00:21<01:06, 30.03it/s, now=None]t:  29%|██▉       | 805/2797 [00:21<01:04, 31.09it/s, now=None]t:  29%|██▉       | 809/2797 [00:21<01:01, 32.57it/s, now=None]t:  29%|██▉       | 813/2797 [00:22<01:00, 32.90it/s, now=None]t:  29%|██▉       | 817/2797 [00:22<00:58, 33.70it/s, now=None]t:  29%|██▉       | 821/2797 [00:22<00:56, 35.21it/s, now=None]t:  30%|██▉       | 826/2797 [00:22<00:52, 37.38it/s, now=None]t:  30%|██▉       | 831/2797 [00:22<00:49, 40.06it/s, now=None]t:  30%|██▉       | 836/2797 [00:22<00:46, 41.91it/s, now=None]t:  30%|███       | 841/2797 [00:22<00:47, 41.02it/s, now=None]t:  30%|███       | 846/2797 [00:22<00:47, 40.80it/s, now=None]t:  30%|███       | 851/2797 [00:22<00:46, 41.50it/s, now=None]t:  31%|███       | 856/2797 [00:23<00:47, 40.82it/s, now=None]t:  31%|███       | 861/2797 [00:23<00:48, 39.87it/s, now=None]t:  31%|███       | 866/2797 [00:23<00:47, 40.45it/s, now=None]t:  31%|███       | 871/2797 [00:23<00:48, 39.72it/s, now=None]t:  31%|███▏      | 876/2797 [00:23<00:47, 40.21it/s, now=None]t:  31%|███▏      | 881/2797 [00:23<00:48, 39.67it/s, now=None]t:  32%|███▏      | 885/2797 [00:23<00:49, 38.87it/s, now=None]t:  32%|███▏      | 890/2797 [00:23<00:48, 39.65it/s, now=None]t:  32%|███▏      | 895/2797 [00:24<00:47, 40.07it/s, now=None]t:  32%|███▏      | 900/2797 [00:24<00:48, 39.43it/s, now=None]t:  32%|███▏      | 905/2797 [00:24<00:47, 39.98it/s, now=None]t:  33%|███▎      | 910/2797 [00:24<00:46, 40.62it/s, now=None]t:  33%|███▎      | 915/2797 [00:24<00:44, 42.21it/s, now=None]t:  33%|███▎      | 920/2797 [00:24<00:44, 42.41it/s, now=None]t:  33%|███▎      | 925/2797 [00:24<00:45, 41.00it/s, now=None]t:  33%|███▎      | 930/2797 [00:24<00:46, 40.54it/s, now=None]t:  33%|███▎      | 935/2797 [00:25<00:46, 40.27it/s, now=None]t:  34%|███▎      | 940/2797 [00:25<00:44, 42.03it/s, now=None]t:  34%|███▍      | 946/2797 [00:25<00:41, 44.59it/s, now=None]t:  34%|███▍      | 951/2797 [00:25<00:42, 43.36it/s, now=None]t:  34%|███▍      | 956/2797 [00:25<00:43, 42.56it/s, now=None]t:  34%|███▍      | 961/2797 [00:25<00:42, 42.86it/s, now=None]t:  35%|███▍      | 966/2797 [00:25<00:42, 43.12it/s, now=None]t:  35%|███▍      | 971/2797 [00:25<00:41, 43.96it/s, now=None]t:  35%|███▍      | 976/2797 [00:26<00:42, 43.09it/s, now=None]t:  35%|███▌      | 981/2797 [00:26<00:41, 43.91it/s, now=None]t:  35%|███▌      | 986/2797 [00:26<00:40, 45.07it/s, now=None]t:  35%|███▌      | 991/2797 [00:26<00:39, 45.77it/s, now=None]t:  36%|███▌      | 996/2797 [00:26<00:38, 46.70it/s, now=None]t:  36%|███▌      | 1001/2797 [00:26<00:38, 46.28it/s, now=None]t:  36%|███▌      | 1006/2797 [00:26<00:39, 45.47it/s, now=None]t:  36%|███▌      | 1011/2797 [00:26<00:38, 46.56it/s, now=None]t:  36%|███▋      | 1016/2797 [00:26<00:37, 47.44it/s, now=None]t:  37%|███▋      | 1021/2797 [00:27<00:40, 44.10it/s, now=None]t:  37%|███▋      | 1027/2797 [00:27<00:38, 45.73it/s, now=None]t:  37%|███▋      | 1033/2797 [00:27<00:37, 47.31it/s, now=None]t:  37%|███▋      | 1038/2797 [00:27<00:37, 46.95it/s, now=None]t:  37%|███▋      | 1043/2797 [00:27<00:36, 47.42it/s, now=None]t:  38%|███▊      | 1049/2797 [00:27<00:34, 50.74it/s, now=None]t:  38%|███▊      | 1055/2797 [00:27<00:37, 46.17it/s, now=None]t:  38%|███▊      | 1060/2797 [00:27<00:37, 46.82it/s, now=None]t:  38%|███▊      | 1066/2797 [00:27<00:36, 47.92it/s, now=None]t:  38%|███▊      | 1072/2797 [00:28<00:34, 49.43it/s, now=None]t:  39%|███▊      | 1078/2797 [00:28<00:33, 50.81it/s, now=None]t:  39%|███▉      | 1084/2797 [00:28<00:32, 52.91it/s, now=None]t:  39%|███▉      | 1090/2797 [00:28<00:31, 54.28it/s, now=None]t:  39%|███▉      | 1096/2797 [00:28<00:31, 53.28it/s, now=None]t:  39%|███▉      | 1102/2797 [00:28<00:31, 53.00it/s, now=None]t:  40%|███▉      | 1108/2797 [00:28<00:32, 52.07it/s, now=None]t:  40%|███▉      | 1114/2797 [00:28<00:31, 54.22it/s, now=None]t:  40%|████      | 1120/2797 [00:28<00:31, 53.24it/s, now=None]t:  40%|████      | 1127/2797 [00:29<00:29, 56.12it/s, now=None]t:  41%|████      | 1133/2797 [00:29<00:29, 56.53it/s, now=None]t:  41%|████      | 1139/2797 [00:29<00:30, 54.92it/s, now=None]t:  41%|████      | 1145/2797 [00:29<00:31, 52.84it/s, now=None]t:  41%|████      | 1151/2797 [00:29<00:33, 48.97it/s, now=None]t:  41%|████▏     | 1156/2797 [00:29<00:34, 47.27it/s, now=None]t:  42%|████▏     | 1161/2797 [00:29<00:36, 45.00it/s, now=None]t:  42%|████▏     | 1166/2797 [00:29<00:37, 43.71it/s, now=None]t:  42%|████▏     | 1171/2797 [00:30<00:37, 43.35it/s, now=None]t:  42%|████▏     | 1176/2797 [00:30<00:37, 42.73it/s, now=None]t:  42%|████▏     | 1181/2797 [00:30<00:38, 41.57it/s, now=None]t:  42%|████▏     | 1186/2797 [00:30<00:39, 41.20it/s, now=None]t:  43%|████▎     | 1191/2797 [00:30<00:38, 41.38it/s, now=None]t:  43%|████▎     | 1196/2797 [00:30<00:38, 41.18it/s, now=None]t:  43%|████▎     | 1201/2797 [00:30<00:38, 41.78it/s, now=None]t:  43%|████▎     | 1206/2797 [00:30<00:39, 40.62it/s, now=None]t:  43%|████▎     | 1211/2797 [00:30<00:39, 40.44it/s, now=None]t:  43%|████▎     | 1216/2797 [00:31<00:37, 41.64it/s, now=None]t:  44%|████▎     | 1221/2797 [00:31<00:37, 41.72it/s, now=None]t:  44%|████▍     | 1226/2797 [00:31<00:36, 42.48it/s, now=None]t:  44%|████▍     | 1231/2797 [00:31<00:35, 43.76it/s, now=None]t:  44%|████▍     | 1236/2797 [00:31<00:35, 44.45it/s, now=None]t:  44%|████▍     | 1241/2797 [00:31<00:35, 44.25it/s, now=None]t:  45%|████▍     | 1246/2797 [00:31<00:35, 43.90it/s, now=None]t:  45%|████▍     | 1251/2797 [00:31<00:35, 43.75it/s, now=None]t:  45%|████▍     | 1256/2797 [00:32<00:34, 44.42it/s, now=None]t:  45%|████▌     | 1261/2797 [00:32<00:33, 45.71it/s, now=None]t:  45%|████▌     | 1266/2797 [00:32<00:34, 44.42it/s, now=None]t:  45%|████▌     | 1271/2797 [00:32<00:35, 43.16it/s, now=None]t:  46%|████▌     | 1276/2797 [00:32<00:34, 43.46it/s, now=None]t:  46%|████▌     | 1281/2797 [00:32<00:36, 41.60it/s, now=None]t:  46%|████▌     | 1286/2797 [00:32<00:37, 40.72it/s, now=None]t:  46%|████▌     | 1291/2797 [00:32<00:38, 38.80it/s, now=None]t:  46%|████▋     | 1296/2797 [00:33<00:38, 38.74it/s, now=None]t:  46%|████▋     | 1300/2797 [00:33<00:39, 37.46it/s, now=None]t:  47%|████▋     | 1304/2797 [00:33<00:40, 36.67it/s, now=None]t:  47%|████▋     | 1308/2797 [00:33<00:40, 37.06it/s, now=None]t:  47%|████▋     | 1312/2797 [00:33<00:40, 36.48it/s, now=None]t:  47%|████▋     | 1316/2797 [00:33<00:41, 35.50it/s, now=None]t:  47%|████▋     | 1320/2797 [00:33<00:43, 33.59it/s, now=None]t:  47%|████▋     | 1324/2797 [00:33<00:44, 33.05it/s, now=None]t:  47%|████▋     | 1328/2797 [00:33<00:44, 32.92it/s, now=None]t:  48%|████▊     | 1332/2797 [00:34<00:46, 31.22it/s, now=None]t:  48%|████▊     | 1336/2797 [00:34<00:50, 29.06it/s, now=None]t:  48%|████▊     | 1339/2797 [00:34<00:49, 29.26it/s, now=None]t:  48%|████▊     | 1343/2797 [00:34<00:48, 29.88it/s, now=None]t:  48%|████▊     | 1347/2797 [00:34<00:48, 29.76it/s, now=None]t:  48%|████▊     | 1351/2797 [00:34<00:47, 30.44it/s, now=None]t:  48%|████▊     | 1355/2797 [00:34<00:46, 30.81it/s, now=None]t:  49%|████▊     | 1359/2797 [00:34<00:44, 32.42it/s, now=None]t:  49%|████▊     | 1363/2797 [00:35<00:44, 32.44it/s, now=None]t:  49%|████▉     | 1367/2797 [00:35<00:41, 34.07it/s, now=None]t:  49%|████▉     | 1372/2797 [00:35<00:38, 37.01it/s, now=None]t:  49%|████▉     | 1376/2797 [00:35<00:40, 35.30it/s, now=None]t:  49%|████▉     | 1380/2797 [00:35<00:40, 35.25it/s, now=None]t:  49%|████▉     | 1384/2797 [00:35<00:40, 34.93it/s, now=None]t:  50%|████▉     | 1388/2797 [00:35<00:44, 31.70it/s, now=None]t:  50%|████▉     | 1392/2797 [00:35<00:47, 29.75it/s, now=None]t:  50%|████▉     | 1396/2797 [00:36<00:47, 29.65it/s, now=None]t:  50%|█████     | 1400/2797 [00:36<00:46, 29.78it/s, now=None]t:  50%|█████     | 1404/2797 [00:36<00:49, 27.91it/s, now=None]t:  50%|█████     | 1408/2797 [00:36<00:47, 29.08it/s, now=None]t:  50%|█████     | 1412/2797 [00:36<00:45, 30.68it/s, now=None]t:  51%|█████     | 1416/2797 [00:36<00:42, 32.59it/s, now=None]t:  51%|█████     | 1420/2797 [00:36<00:41, 33.54it/s, now=None]t:  51%|█████     | 1424/2797 [00:37<00:43, 31.91it/s, now=None]t:  51%|█████     | 1428/2797 [00:37<00:43, 31.28it/s, now=None]t:  51%|█████     | 1432/2797 [00:37<00:45, 29.74it/s, now=None]t:  51%|█████▏    | 1436/2797 [00:37<00:45, 29.66it/s, now=None]t:  51%|█████▏    | 1440/2797 [00:37<00:44, 30.39it/s, now=None]t:  52%|█████▏    | 1444/2797 [00:37<00:44, 30.09it/s, now=None]t:  52%|█████▏    | 1448/2797 [00:37<00:45, 29.45it/s, now=None]t:  52%|█████▏    | 1451/2797 [00:37<00:46, 28.86it/s, now=None]t:  52%|█████▏    | 1454/2797 [00:38<00:47, 28.27it/s, now=None]t:  52%|█████▏    | 1457/2797 [00:38<00:46, 28.64it/s, now=None]t:  52%|█████▏    | 1461/2797 [00:38<00:45, 29.22it/s, now=None]t:  52%|█████▏    | 1465/2797 [00:38<00:44, 30.13it/s, now=None]t:  53%|█████▎    | 1469/2797 [00:38<00:43, 30.84it/s, now=None]t:  53%|█████▎    | 1473/2797 [00:38<00:49, 26.78it/s, now=None]t:  53%|█████▎    | 1476/2797 [00:38<00:49, 26.65it/s, now=None]t:  53%|█████▎    | 1480/2797 [00:38<00:46, 28.23it/s, now=None]t:  53%|█████▎    | 1484/2797 [00:39<00:43, 30.48it/s, now=None]t:  53%|█████▎    | 1488/2797 [00:39<00:39, 32.77it/s, now=None]t:  53%|█████▎    | 1493/2797 [00:39<00:36, 35.68it/s, now=None]t:  54%|█████▎    | 1497/2797 [00:39<00:39, 32.71it/s, now=None]t:  54%|█████▎    | 1501/2797 [00:39<00:37, 34.20it/s, now=None]t:  54%|█████▍    | 1505/2797 [00:39<00:40, 31.84it/s, now=None]t:  54%|█████▍    | 1509/2797 [00:39<00:38, 33.29it/s, now=None]t:  54%|█████▍    | 1513/2797 [00:39<00:38, 33.42it/s, now=None]t:  54%|█████▍    | 1517/2797 [00:40<00:38, 32.93it/s, now=None]t:  54%|█████▍    | 1521/2797 [00:40<00:38, 32.89it/s, now=None]t:  55%|█████▍    | 1525/2797 [00:40<00:38, 32.73it/s, now=None]t:  55%|█████▍    | 1529/2797 [00:40<00:38, 32.88it/s, now=None]t:  55%|█████▍    | 1533/2797 [00:40<00:38, 32.68it/s, now=None]t:  55%|█████▍    | 1537/2797 [00:40<00:38, 33.03it/s, now=None]t:  55%|█████▌    | 1541/2797 [00:40<00:37, 33.06it/s, now=None]t:  55%|█████▌    | 1545/2797 [00:40<00:37, 33.57it/s, now=None]t:  55%|█████▌    | 1549/2797 [00:41<00:37, 32.94it/s, now=None]t:  56%|█████▌    | 1553/2797 [00:41<00:37, 33.05it/s, now=None]t:  56%|█████▌    | 1557/2797 [00:41<00:38, 32.46it/s, now=None]t:  56%|█████▌    | 1561/2797 [00:41<00:36, 34.16it/s, now=None]t:  56%|█████▌    | 1565/2797 [00:41<00:34, 35.72it/s, now=None]t:  56%|█████▌    | 1569/2797 [00:41<00:33, 36.33it/s, now=None]t:  56%|█████▋    | 1574/2797 [00:41<00:32, 38.19it/s, now=None]t:  56%|█████▋    | 1579/2797 [00:41<00:30, 39.59it/s, now=None]t:  57%|█████▋    | 1584/2797 [00:41<00:29, 41.28it/s, now=None]t:  57%|█████▋    | 1589/2797 [00:42<00:29, 41.38it/s, now=None]t:  57%|█████▋    | 1594/2797 [00:42<00:29, 41.21it/s, now=None]t:  57%|█████▋    | 1599/2797 [00:42<00:28, 41.48it/s, now=None]t:  57%|█████▋    | 1604/2797 [00:42<00:28, 42.35it/s, now=None]t:  58%|█████▊    | 1609/2797 [00:42<00:27, 42.65it/s, now=None]t:  58%|█████▊    | 1614/2797 [00:42<00:27, 43.70it/s, now=None]t:  58%|█████▊    | 1619/2797 [00:42<00:26, 44.88it/s, now=None]t:  58%|█████▊    | 1624/2797 [00:42<00:26, 44.29it/s, now=None]t:  58%|█████▊    | 1629/2797 [00:42<00:25, 45.32it/s, now=None]t:  58%|█████▊    | 1634/2797 [00:43<00:25, 45.99it/s, now=None]t:  59%|█████▊    | 1639/2797 [00:43<00:24, 46.63it/s, now=None]t:  59%|█████▉    | 1644/2797 [00:43<00:26, 42.84it/s, now=None]t:  59%|█████▉    | 1649/2797 [00:43<00:28, 40.88it/s, now=None]t:  59%|█████▉    | 1654/2797 [00:43<00:31, 35.74it/s, now=None]t:  59%|█████▉    | 1658/2797 [00:43<00:39, 28.84it/s, now=None]t:  59%|█████▉    | 1662/2797 [00:43<00:40, 28.01it/s, now=None]t:  60%|█████▉    | 1666/2797 [00:44<00:38, 29.59it/s, now=None]t:  60%|█████▉    | 1670/2797 [00:44<00:35, 31.41it/s, now=None]t:  60%|█████▉    | 1674/2797 [00:44<00:34, 32.29it/s, now=None]t:  60%|█████▉    | 1678/2797 [00:44<00:33, 33.57it/s, now=None]t:  60%|██████    | 1683/2797 [00:44<00:31, 35.91it/s, now=None]t:  60%|██████    | 1687/2797 [00:44<00:32, 33.95it/s, now=None]t:  60%|██████    | 1691/2797 [00:44<00:32, 33.71it/s, now=None]t:  61%|██████    | 1695/2797 [00:44<00:31, 34.84it/s, now=None]t:  61%|██████    | 1699/2797 [00:45<00:31, 35.13it/s, now=None]t:  61%|██████    | 1703/2797 [00:45<00:31, 34.33it/s, now=None]t:  61%|██████    | 1707/2797 [00:45<00:32, 33.42it/s, now=None]t:  61%|██████    | 1711/2797 [00:45<00:32, 33.44it/s, now=None]t:  61%|██████▏   | 1715/2797 [00:45<00:36, 29.30it/s, now=None]t:  61%|██████▏   | 1719/2797 [00:45<00:37, 28.48it/s, now=None]t:  62%|██████▏   | 1723/2797 [00:45<00:35, 30.10it/s, now=None]t:  62%|██████▏   | 1727/2797 [00:45<00:33, 31.56it/s, now=None]t:  62%|██████▏   | 1731/2797 [00:46<00:32, 32.31it/s, now=None]t:  62%|██████▏   | 1735/2797 [00:46<00:34, 30.95it/s, now=None]t:  62%|██████▏   | 1739/2797 [00:46<00:32, 32.98it/s, now=None]t:  62%|██████▏   | 1743/2797 [00:46<00:30, 34.68it/s, now=None]t:  62%|██████▏   | 1747/2797 [00:46<00:29, 35.49it/s, now=None]t:  63%|██████▎   | 1751/2797 [00:46<00:29, 35.61it/s, now=None]t:  63%|██████▎   | 1756/2797 [00:46<00:28, 36.98it/s, now=None]t:  63%|██████▎   | 1761/2797 [00:46<00:27, 37.56it/s, now=None]t:  63%|██████▎   | 1765/2797 [00:47<00:28, 35.85it/s, now=None]t:  63%|██████▎   | 1769/2797 [00:47<00:29, 34.61it/s, now=None]t:  63%|██████▎   | 1773/2797 [00:47<00:32, 31.10it/s, now=None]t:  64%|██████▎   | 1777/2797 [00:47<00:35, 28.42it/s, now=None]t:  64%|██████▎   | 1780/2797 [00:47<00:41, 24.71it/s, now=None]t:  64%|██████▎   | 1783/2797 [00:47<00:42, 23.97it/s, now=None]t:  64%|██████▍   | 1786/2797 [00:47<00:41, 24.57it/s, now=None]t:  64%|██████▍   | 1790/2797 [00:48<00:38, 26.17it/s, now=None]t:  64%|██████▍   | 1794/2797 [00:48<00:35, 28.18it/s, now=None]t:  64%|██████▍   | 1798/2797 [00:48<00:32, 30.34it/s, now=None]t:  64%|██████▍   | 1802/2797 [00:48<00:32, 30.30it/s, now=None]t:  65%|██████▍   | 1806/2797 [00:48<00:31, 31.14it/s, now=None]t:  65%|██████▍   | 1810/2797 [00:48<00:30, 32.13it/s, now=None]t:  65%|██████▍   | 1814/2797 [00:48<00:30, 31.81it/s, now=None]t:  65%|██████▍   | 1818/2797 [00:48<00:29, 32.75it/s, now=None]t:  65%|██████▌   | 1822/2797 [00:48<00:29, 33.22it/s, now=None]t:  65%|██████▌   | 1827/2797 [00:49<00:27, 35.45it/s, now=None]t:  65%|██████▌   | 1831/2797 [00:49<00:26, 36.38it/s, now=None]t:  66%|██████▌   | 1836/2797 [00:49<00:24, 39.23it/s, now=None]t:  66%|██████▌   | 1841/2797 [00:49<00:23, 41.28it/s, now=None]t:  66%|██████▌   | 1846/2797 [00:49<00:23, 41.08it/s, now=None]t:  66%|██████▌   | 1851/2797 [00:49<00:22, 41.84it/s, now=None]t:  66%|██████▋   | 1856/2797 [00:49<00:21, 42.95it/s, now=None]t:  67%|██████▋   | 1861/2797 [00:49<00:21, 42.89it/s, now=None]t:  67%|██████▋   | 1866/2797 [00:49<00:21, 43.99it/s, now=None]t:  67%|██████▋   | 1871/2797 [00:50<00:21, 42.37it/s, now=None]t:  67%|██████▋   | 1876/2797 [00:50<00:22, 40.21it/s, now=None]t:  67%|██████▋   | 1881/2797 [00:50<00:23, 39.27it/s, now=None]t:  67%|██████▋   | 1885/2797 [00:50<00:23, 38.02it/s, now=None]t:  68%|██████▊   | 1889/2797 [00:50<00:24, 37.41it/s, now=None]t:  68%|██████▊   | 1893/2797 [00:50<00:25, 36.12it/s, now=None]t:  68%|██████▊   | 1898/2797 [00:50<00:23, 37.73it/s, now=None]t:  68%|██████▊   | 1903/2797 [00:50<00:22, 39.13it/s, now=None]t:  68%|██████▊   | 1907/2797 [00:51<00:22, 39.30it/s, now=None]t:  68%|██████▊   | 1911/2797 [00:51<00:23, 37.11it/s, now=None]t:  68%|██████▊   | 1915/2797 [00:51<00:23, 37.19it/s, now=None]t:  69%|██████▊   | 1919/2797 [00:51<00:23, 36.82it/s, now=None]t:  69%|██████▉   | 1923/2797 [00:51<00:23, 36.50it/s, now=None]t:  69%|██████▉   | 1927/2797 [00:51<00:23, 36.42it/s, now=None]t:  69%|██████▉   | 1931/2797 [00:51<00:24, 35.16it/s, now=None]t:  69%|██████▉   | 1936/2797 [00:51<00:23, 36.93it/s, now=None]t:  69%|██████▉   | 1940/2797 [00:51<00:23, 37.11it/s, now=None]t:  70%|██████▉   | 1944/2797 [00:52<00:23, 37.02it/s, now=None]t:  70%|██████▉   | 1948/2797 [00:52<00:23, 35.87it/s, now=None]t:  70%|██████▉   | 1952/2797 [00:52<00:23, 35.74it/s, now=None]t:  70%|██████▉   | 1956/2797 [00:52<00:24, 34.99it/s, now=None]t:  70%|███████   | 1960/2797 [00:52<00:24, 34.44it/s, now=None]t:  70%|███████   | 1964/2797 [00:52<00:24, 33.42it/s, now=None]t:  70%|███████   | 1968/2797 [00:52<00:25, 33.02it/s, now=None]t:  71%|███████   | 1972/2797 [00:52<00:24, 34.07it/s, now=None]t:  71%|███████   | 1976/2797 [00:53<00:23, 34.60it/s, now=None]t:  71%|███████   | 1980/2797 [00:53<00:23, 35.02it/s, now=None]t:  71%|███████   | 1984/2797 [00:53<00:23, 35.27it/s, now=None]t:  71%|███████   | 1988/2797 [00:53<00:23, 35.14it/s, now=None]t:  71%|███████   | 1992/2797 [00:53<00:24, 32.28it/s, now=None]t:  71%|███████▏  | 1996/2797 [00:53<00:27, 28.91it/s, now=None]t:  71%|███████▏  | 1999/2797 [00:53<00:28, 28.18it/s, now=None]t:  72%|███████▏  | 2003/2797 [00:53<00:27, 29.19it/s, now=None]t:  72%|███████▏  | 2006/2797 [00:54<00:28, 28.07it/s, now=None]t:  72%|███████▏  | 2009/2797 [00:54<00:33, 23.31it/s, now=None]t:  72%|███████▏  | 2012/2797 [00:54<00:35, 22.00it/s, now=None]t:  72%|███████▏  | 2016/2797 [00:54<00:31, 24.90it/s, now=None]t:  72%|███████▏  | 2020/2797 [00:54<00:29, 26.66it/s, now=None]t:  72%|███████▏  | 2024/2797 [00:54<00:27, 28.22it/s, now=None]t:  73%|███████▎  | 2028/2797 [00:54<00:26, 29.42it/s, now=None]t:  73%|███████▎  | 2032/2797 [00:55<00:24, 30.71it/s, now=None]t:  73%|███████▎  | 2036/2797 [00:55<00:24, 31.64it/s, now=None]t:  73%|███████▎  | 2040/2797 [00:55<00:24, 31.17it/s, now=None]t:  73%|███████▎  | 2044/2797 [00:55<00:23, 32.72it/s, now=None]t:  73%|███████▎  | 2048/2797 [00:55<00:22, 33.04it/s, now=None]t:  73%|███████▎  | 2054/2797 [00:55<00:20, 36.59it/s, now=None]t:  74%|███████▎  | 2058/2797 [00:55<00:19, 37.34it/s, now=None]t:  74%|███████▍  | 2063/2797 [00:55<00:19, 38.40it/s, now=None]t:  74%|███████▍  | 2068/2797 [00:55<00:18, 39.23it/s, now=None]t:  74%|███████▍  | 2072/2797 [00:56<00:18, 38.93it/s, now=None]t:  74%|███████▍  | 2076/2797 [00:56<00:18, 38.25it/s, now=None]t:  74%|███████▍  | 2080/2797 [00:56<00:19, 37.68it/s, now=None]t:  75%|███████▍  | 2084/2797 [00:56<00:19, 36.62it/s, now=None]t:  75%|███████▍  | 2088/2797 [00:56<00:19, 37.03it/s, now=None]t:  75%|███████▍  | 2092/2797 [00:56<00:19, 36.97it/s, now=None]t:  75%|███████▍  | 2096/2797 [00:56<00:18, 37.71it/s, now=None]t:  75%|███████▌  | 2101/2797 [00:56<00:17, 39.29it/s, now=None]t:  75%|███████▌  | 2106/2797 [00:56<00:16, 40.93it/s, now=None]t:  75%|███████▌  | 2111/2797 [00:57<00:17, 40.30it/s, now=None]t:  76%|███████▌  | 2116/2797 [00:57<00:16, 40.24it/s, now=None]t:  76%|███████▌  | 2121/2797 [00:57<00:16, 39.84it/s, now=None]t:  76%|███████▌  | 2126/2797 [00:57<00:16, 40.95it/s, now=None]t:  76%|███████▌  | 2131/2797 [00:57<00:16, 40.53it/s, now=None]t:  76%|███████▋  | 2136/2797 [00:57<00:15, 41.95it/s, now=None]t:  77%|███████▋  | 2141/2797 [00:57<00:15, 41.45it/s, now=None]t:  77%|███████▋  | 2146/2797 [00:57<00:15, 41.32it/s, now=None]t:  77%|███████▋  | 2151/2797 [00:58<00:15, 41.86it/s, now=None]t:  77%|███████▋  | 2156/2797 [00:58<00:15, 42.25it/s, now=None]t:  77%|███████▋  | 2161/2797 [00:58<00:14, 43.24it/s, now=None]t:  77%|███████▋  | 2166/2797 [00:58<00:14, 42.61it/s, now=None]t:  78%|███████▊  | 2171/2797 [00:58<00:15, 41.18it/s, now=None]t:  78%|███████▊  | 2176/2797 [00:58<00:15, 40.71it/s, now=None]t:  78%|███████▊  | 2181/2797 [00:58<00:14, 42.50it/s, now=None]t:  78%|███████▊  | 2186/2797 [00:58<00:13, 44.33it/s, now=None]t:  78%|███████▊  | 2191/2797 [00:58<00:13, 44.56it/s, now=None]t:  79%|███████▊  | 2196/2797 [00:59<00:13, 44.36it/s, now=None]t:  79%|███████▊  | 2201/2797 [00:59<00:13, 44.06it/s, now=None]t:  79%|███████▉  | 2206/2797 [00:59<00:13, 42.32it/s, now=None]t:  79%|███████▉  | 2211/2797 [00:59<00:13, 42.47it/s, now=None]t:  79%|███████▉  | 2216/2797 [00:59<00:13, 41.80it/s, now=None]t:  79%|███████▉  | 2221/2797 [00:59<00:13, 41.15it/s, now=None]t:  80%|███████▉  | 2226/2797 [00:59<00:13, 41.00it/s, now=None]t:  80%|███████▉  | 2231/2797 [00:59<00:13, 41.91it/s, now=None]t:  80%|███████▉  | 2236/2797 [01:00<00:13, 41.16it/s, now=None]t:  80%|████████  | 2241/2797 [01:00<00:13, 42.40it/s, now=None]t:  80%|████████  | 2246/2797 [01:00<00:13, 41.69it/s, now=None]t:  80%|████████  | 2251/2797 [01:00<00:12, 42.37it/s, now=None]t:  81%|████████  | 2256/2797 [01:00<00:12, 43.46it/s, now=None]t:  81%|████████  | 2261/2797 [01:00<00:12, 41.85it/s, now=None]t:  81%|████████  | 2266/2797 [01:00<00:12, 41.04it/s, now=None]t:  81%|████████  | 2271/2797 [01:00<00:12, 41.36it/s, now=None]t:  81%|████████▏ | 2276/2797 [01:01<00:12, 41.32it/s, now=None]t:  82%|████████▏ | 2281/2797 [01:01<00:12, 42.58it/s, now=None]t:  82%|████████▏ | 2286/2797 [01:01<00:11, 42.81it/s, now=None]t:  82%|████████▏ | 2291/2797 [01:01<00:11, 42.56it/s, now=None]t:  82%|████████▏ | 2296/2797 [01:01<00:11, 43.32it/s, now=None]t:  82%|████████▏ | 2301/2797 [01:01<00:11, 42.51it/s, now=None]t:  82%|████████▏ | 2306/2797 [01:01<00:11, 43.90it/s, now=None]t:  83%|████████▎ | 2311/2797 [01:01<00:10, 44.42it/s, now=None]t:  83%|████████▎ | 2316/2797 [01:01<00:10, 44.10it/s, now=None]t:  83%|████████▎ | 2321/2797 [01:02<00:11, 43.20it/s, now=None]t:  83%|████████▎ | 2326/2797 [01:02<00:11, 41.79it/s, now=None]t:  83%|████████▎ | 2331/2797 [01:02<00:10, 42.97it/s, now=None]t:  84%|████████▎ | 2336/2797 [01:02<00:10, 42.41it/s, now=None]t:  84%|████████▎ | 2341/2797 [01:02<00:10, 42.64it/s, now=None]t:  84%|████████▍ | 2346/2797 [01:02<00:10, 42.15it/s, now=None]t:  84%|████████▍ | 2351/2797 [01:02<00:10, 41.93it/s, now=None]t:  84%|████████▍ | 2356/2797 [01:02<00:10, 41.51it/s, now=None]t:  84%|████████▍ | 2361/2797 [01:03<00:10, 39.68it/s, now=None]t:  85%|████████▍ | 2365/2797 [01:03<00:11, 36.39it/s, now=None]t:  85%|████████▍ | 2369/2797 [01:03<00:12, 33.55it/s, now=None]t:  85%|████████▍ | 2373/2797 [01:03<00:12, 33.18it/s, now=None]t:  85%|████████▍ | 2377/2797 [01:03<00:12, 33.11it/s, now=None]t:  85%|████████▌ | 2381/2797 [01:03<00:12, 33.42it/s, now=None]t:  85%|████████▌ | 2385/2797 [01:03<00:12, 33.49it/s, now=None]t:  85%|████████▌ | 2390/2797 [01:03<00:11, 35.23it/s, now=None]t:  86%|████████▌ | 2394/2797 [01:04<00:11, 36.05it/s, now=None]t:  86%|████████▌ | 2398/2797 [01:04<00:10, 36.46it/s, now=None]t:  86%|████████▌ | 2402/2797 [01:04<00:10, 36.34it/s, now=None]t:  86%|████████▌ | 2406/2797 [01:04<00:11, 35.49it/s, now=None]t:  86%|████████▌ | 2410/2797 [01:04<00:10, 35.43it/s, now=None]t:  86%|████████▋ | 2414/2797 [01:04<00:10, 36.45it/s, now=None]t:  86%|████████▋ | 2418/2797 [01:04<00:10, 35.80it/s, now=None]t:  87%|████████▋ | 2422/2797 [01:04<00:10, 36.75it/s, now=None]t:  87%|████████▋ | 2427/2797 [01:04<00:09, 38.44it/s, now=None]t:  87%|████████▋ | 2432/2797 [01:05<00:08, 40.58it/s, now=None]t:  87%|████████▋ | 2437/2797 [01:05<00:08, 40.10it/s, now=None]t:  87%|████████▋ | 2442/2797 [01:05<00:08, 40.10it/s, now=None]t:  87%|████████▋ | 2447/2797 [01:05<00:08, 41.18it/s, now=None]t:  88%|████████▊ | 2452/2797 [01:05<00:08, 41.37it/s, now=None]t:  88%|████████▊ | 2457/2797 [01:05<00:08, 41.01it/s, now=None]t:  88%|████████▊ | 2462/2797 [01:05<00:08, 40.97it/s, now=None]t:  88%|████████▊ | 2467/2797 [01:05<00:08, 41.02it/s, now=None]t:  88%|████████▊ | 2472/2797 [01:06<00:08, 39.88it/s, now=None]t:  89%|████████▊ | 2476/2797 [01:06<00:08, 39.45it/s, now=None]t:  89%|████████▊ | 2480/2797 [01:06<00:08, 38.30it/s, now=None]t:  89%|████████▉ | 2484/2797 [01:06<00:08, 37.69it/s, now=None]t:  89%|████████▉ | 2488/2797 [01:06<00:08, 37.56it/s, now=None]t:  89%|████████▉ | 2493/2797 [01:06<00:07, 38.99it/s, now=None]t:  89%|████████▉ | 2497/2797 [01:06<00:07, 39.18it/s, now=None]t:  89%|████████▉ | 2501/2797 [01:06<00:07, 39.11it/s, now=None]t:  90%|████████▉ | 2506/2797 [01:06<00:07, 40.00it/s, now=None]t:  90%|████████▉ | 2511/2797 [01:07<00:07, 40.82it/s, now=None]t:  90%|████████▉ | 2516/2797 [01:07<00:06, 40.74it/s, now=None]t:  90%|█████████ | 2521/2797 [01:07<00:06, 40.37it/s, now=None]t:  90%|█████████ | 2526/2797 [01:07<00:06, 40.64it/s, now=None]t:  90%|█████████ | 2531/2797 [01:07<00:06, 39.01it/s, now=None]t:  91%|█████████ | 2535/2797 [01:07<00:06, 37.72it/s, now=None]t:  91%|█████████ | 2539/2797 [01:07<00:07, 36.61it/s, now=None]t:  91%|█████████ | 2543/2797 [01:07<00:07, 35.88it/s, now=None]t:  91%|█████████ | 2547/2797 [01:07<00:07, 35.27it/s, now=None]t:  91%|█████████ | 2551/2797 [01:08<00:06, 35.46it/s, now=None]t:  91%|█████████▏| 2555/2797 [01:08<00:07, 34.21it/s, now=None]t:  91%|█████████▏| 2559/2797 [01:08<00:07, 33.50it/s, now=None]t:  92%|█████████▏| 2563/2797 [01:08<00:07, 33.16it/s, now=None]t:  92%|█████████▏| 2567/2797 [01:08<00:07, 32.28it/s, now=None]t:  92%|█████████▏| 2571/2797 [01:08<00:06, 33.29it/s, now=None]t:  92%|█████████▏| 2575/2797 [01:08<00:06, 33.15it/s, now=None]t:  92%|█████████▏| 2579/2797 [01:08<00:06, 32.15it/s, now=None]t:  92%|█████████▏| 2583/2797 [01:09<00:06, 31.59it/s, now=None]t:  92%|█████████▏| 2587/2797 [01:09<00:06, 32.05it/s, now=None]t:  93%|█████████▎| 2591/2797 [01:09<00:06, 32.98it/s, now=None]t:  93%|█████████▎| 2595/2797 [01:09<00:06, 33.13it/s, now=None]t:  93%|█████████▎| 2599/2797 [01:09<00:06, 33.00it/s, now=None]t:  93%|█████████▎| 2603/2797 [01:09<00:06, 31.78it/s, now=None]t:  93%|█████████▎| 2607/2797 [01:09<00:06, 31.50it/s, now=None]t:  93%|█████████▎| 2611/2797 [01:09<00:05, 31.96it/s, now=None]t:  93%|█████████▎| 2615/2797 [01:10<00:05, 32.04it/s, now=None]t:  94%|█████████▎| 2619/2797 [01:10<00:05, 32.40it/s, now=None]t:  94%|█████████▍| 2623/2797 [01:10<00:05, 33.37it/s, now=None]t:  94%|█████████▍| 2627/2797 [01:10<00:05, 33.80it/s, now=None]t:  94%|█████████▍| 2631/2797 [01:10<00:04, 33.70it/s, now=None]t:  94%|█████████▍| 2635/2797 [01:10<00:04, 34.37it/s, now=None]t:  94%|█████████▍| 2639/2797 [01:10<00:04, 34.10it/s, now=None]t:  94%|█████████▍| 2643/2797 [01:10<00:04, 34.87it/s, now=None]t:  95%|█████████▍| 2648/2797 [01:11<00:04, 36.83it/s, now=None]t:  95%|█████████▍| 2652/2797 [01:11<00:03, 37.16it/s, now=None]t:  95%|█████████▍| 2657/2797 [01:11<00:03, 39.00it/s, now=None]t:  95%|█████████▌| 2662/2797 [01:11<00:03, 39.38it/s, now=None]t:  95%|█████████▌| 2666/2797 [01:11<00:03, 39.32it/s, now=None]t:  95%|█████████▌| 2671/2797 [01:11<00:03, 40.39it/s, now=None]t:  96%|█████████▌| 2676/2797 [01:11<00:03, 40.12it/s, now=None]t:  96%|█████████▌| 2681/2797 [01:11<00:02, 41.30it/s, now=None]t:  96%|█████████▌| 2686/2797 [01:11<00:02, 41.90it/s, now=None]t:  96%|█████████▌| 2691/2797 [01:12<00:02, 40.57it/s, now=None]t:  96%|█████████▋| 2696/2797 [01:12<00:02, 40.09it/s, now=None]t:  97%|█████████▋| 2701/2797 [01:12<00:02, 40.53it/s, now=None]t:  97%|█████████▋| 2706/2797 [01:12<00:02, 39.87it/s, now=None]t:  97%|█████████▋| 2711/2797 [01:12<00:02, 40.27it/s, now=None]t:  97%|█████████▋| 2716/2797 [01:12<00:02, 40.16it/s, now=None]t:  97%|█████████▋| 2721/2797 [01:12<00:01, 40.21it/s, now=None]t:  97%|█████████▋| 2726/2797 [01:12<00:01, 39.80it/s, now=None]t:  98%|█████████▊| 2731/2797 [01:13<00:01, 40.16it/s, now=None]t:  98%|█████████▊| 2736/2797 [01:13<00:01, 41.14it/s, now=None]t:  98%|█████████▊| 2741/2797 [01:13<00:01, 41.85it/s, now=None]t:  98%|█████████▊| 2746/2797 [01:13<00:01, 41.65it/s, now=None]t:  98%|█████████▊| 2751/2797 [01:13<00:01, 42.87it/s, now=None]t:  99%|█████████▊| 2756/2797 [01:13<00:01, 40.54it/s, now=None]t:  99%|█████████▊| 2761/2797 [01:13<00:00, 41.95it/s, now=None]t:  99%|█████████▉| 2766/2797 [01:13<00:00, 41.17it/s, now=None]t:  99%|█████████▉| 2771/2797 [01:14<00:00, 40.19it/s, now=None]t:  99%|█████████▉| 2776/2797 [01:14<00:00, 39.43it/s, now=None]t:  99%|█████████▉| 2780/2797 [01:14<00:00, 39.29it/s, now=None]t: 100%|█████████▉| 2784/2797 [01:14<00:00, 38.35it/s, now=None]t: 100%|█████████▉| 2788/2797 [01:14<00:00, 37.62it/s, now=None]t: 100%|█████████▉| 2792/2797 [01:14<00:00, 37.70it/s, now=None]t: 100%|█████████▉| 2796/2797 [01:14<00:00, 38.19it/s, now=None]                                                                Moviepy - Done !
Moviepy - video ready results/the_52_hertz_whale__the_loneliest_voice_in_t/the_52_hertz_whale__the_loneliest_voice_in_t_v1.mp4
  Rendered 93.2s, 5.1 MB (84.1s)
  [grade] organic texture pass (grain=8, strength=1.0)
  Graded 93.2s (445.5s)

[11/16] MUSIC & SOUND (ffmpeg sidechain ducking, bed=cinematic.mp3)
  !! cinematic.mp3 is silent (-91 dB) — using synth bed
  [sfx] event-driven SFX timeline: sfx_timeline_run.wav
  Music mixed (ducked under narration): 93.2s, 54.0 MB, mean=-15.8 dB ✓
  [audio-qa] passed=True narration_clipping=True; ducking_depth=True

[13/16] VIDEO REVIEW (Gemini Flash, end-to-end)
→ Uploading results/the_52_hertz_whale__the_loneliest_voice_in_t/the_52_hertz_whale__the_loneliest_voice_in_t_v1_mixed.mp4 to Gemini...
→ Uploaded: files/hbv3wjwrxp0m (FileState.PROCESSING)
→ Reviewing with gemini-2.5-flash...
  Score: 85/100 (conf 0.9) | recs: 4
  !! FINAL pre-render gate STILL blocked: ['shot_hold', 'pacing', 'resolution_headroom']
  !! PUBLISH GATE: not publish-ready → ['frozen_shots', 'excessive_static']

  [status] REVISION_REQUIRED — blocked by: {'publish': ['frozen_shots', 'excessive_static'], 'pre_render': ['shot_hold', 'pacing', 'resolution_headroom'], 'claims': ['claim_contradictions']}

[15-16/16] FINAL OUTPUT + POSTMORTEM

[DEEPSEEK USAGE — this run]
  calls: 0 | input: 0 tok (cached 0 → hit 0%) | output: 0 tok
  estimated cost: $0.0000

================================================================
MISSION RUN COMPLETE — The 52-Hertz Whale: the loneliest voice in the ocean
  Video:  results/the_52_hertz_whale__the_loneliest_voice_in_t/the_52_hertz_whale__the_loneliest_voice_in_t_v1_mixed.mp4
  Report: results/the_52_hertz_whale__the_loneliest_voice_in_t/run_report.json
  Postmortem: /home/ubuntu/video_engine/src/docs/mission/postmortems/postmortem-the-52-hertz-whale-the-loneliest-voice-in-the-ocean.md
  Final review score: 85/100
================================================================
